{"data": [{"market": "kospi", "sid": "000070", "codename": "\uc0bc\uc591\ud640\ub529\uc2a4", "year": 2022, "month": 5, "article_url": "http://www.pinpointnews.co.kr/news/articleView.html?idxno=113365", "news_company": "\ud540\ud3ec\uc778\ud2b8\ub274\uc2a4", "title": "\uc2a4\ud154\uc2a4\uc624\ubbf8\ud06c\ub860\ubcf4\ub2e4 \uc804\ud30c\ub825 \ub192\ub2e4?\u2026'BA.2.12.1' \ubcc0\uc774 \ud655\uc778", "headline": null, "date_str": null, "writer": null, "section": null, "original_article_link": null, "article_body": null}, {"market": "kospi", "sid": "000070", "codename": "\uc0bc\uc591\ud640\ub529\uc2a4", "year": 2022, "month": 5, "article_url": "http://www.pinpointnews.co.kr/news/articleView.html?idxno=113238", "news_company": "\ud540\ud3ec\uc778\ud2b8\ub274\uc2a4", "title": "\ud1a0\uc885 \ucf54\ub85c\ub098 \ubc31\uc2e0\u00b7\uce58\ub8cc\uc81c, \uc62c\ud574 \uc131\uacfc \ub098\uc624\ub098", "headline": null, "date_str": null, "writer": null, "section": null, "original_article_link": null, "article_body": null}, {"market": "kospi", "sid": "000070", "codename": "\uc0bc\uc591\ud640\ub529\uc2a4", "year": 2022, "month": 5, "article_url": "http://m.itooza.com/view.php?ud=2022043010153857654", "news_company": "\uc544\uc774\ud22c\uc790", "title": "[\ub7ad\ud0b9\uc2a4\ud0c1] 5\uc6d4 \uc800PER 20\uc120", "headline": null, "date_str": null, "writer": null, "section": null, "original_article_link": null, "article_body": null}, {"market": "kospi", "sid": "000070", "codename": "\uc0bc\uc591\ud640\ub529\uc2a4", "year": 2022, "month": 5, "article_url": "http://www.pinpointnews.co.kr/news/articleView.html?idxno=113077", "news_company": "\ud540\ud3ec\uc778\ud2b8\ub274\uc2a4", "title": "\u6587 \ub300\ud1b5\ub839 \uce58\ub8cc\uc81c\u00b7\ubc31\uc2e0 \uac1c\ubc1c\uc5d0 \"\ud589\uc815\u00b7\ub3c8 \uc9c0\uc6d0 \uc544\ub07c\uc9c0 \ub9d0\ub77c\"", "headline": null, "date_str": null, "writer": null, "section": null, "original_article_link": null, "article_body": null}, {"market": "kospi", "sid": "000070", "codename": "\uc0bc\uc591\ud640\ub529\uc2a4", "year": 2022, "month": 5, "article_url": "https://m.mdtoday.co.kr/news/view/1065582958150308", "news_company": "\uba54\ub514\uceec\ud22c\ub370\uc774", "title": "\uc0bc\uc591\ud640\ub529\uc2a4 \ubc14\uc774\uc624\ud31c\uadf8\ub8f9, PCL\ud544\ub7ec \u2018\ub77c\ud480\ub80c\u2019 \uc548\uc804\uc131\u00b7\ud314\uc790\uc8fc\ub984 \uac1c\uc120\ud6a8\uacfc \uc785\uc99d", "headline": null, "date_str": null, "writer": null, "section": null, "original_article_link": null, "article_body": null}, {"market": "kospi", "sid": "000070", "codename": "\uc0bc\uc591\ud640\ub529\uc2a4", "year": 2022, "month": 5, "article_url": "http://m.yakup.com/index.html?m=n&mode=view&cat=12&nid=269298", "news_company": "\uc57d\uc5c5\uc2e0\ubb38", "title": "\uc0bc\uc591\ud640\ub529\uc2a4 \ubc14\uc774\uc624\ud31c\uadf8\ub8f9, PCL\ud544\ub7ec \u2018\ub77c\ud480\ub80c\u2019 \uc548\uc804\uc131\u00b7\ud6a8\uacfc \uc785\uc99d", "headline": null, "date_str": null, "writer": null, "section": null, "original_article_link": null, "article_body": null}, {"market": "kospi", "sid": "000070", "codename": "\uc0bc\uc591\ud640\ub529\uc2a4", "year": 2022, "month": 5, "article_url": "http://m.thebigdata.co.kr/view.php?ud=2022051110222948302d2db879fd_23", "news_company": "\ube45\ub370\uc774\ud130\ub274\uc2a4", "title": "\uc0bc\uc591\ud640\ub529\uc2a4 \ubc14\uc774\uc624\ud31c\uadf8\ub8f9, \"\uad6d\uc81c \ud559\uc220\uc9c0\uc11c PCL\ud544\ub7ec \u2018\ub77c\ud480\ub80c\u2019 \uc548\uc804\uc131 \ubc0f \ud6a8\uacfc \uc785\uc99d\"", "headline": null, "date_str": null, "writer": null, "section": null, "original_article_link": null, "article_body": null}, {"market": "kospi", "sid": "000070", "codename": "\uc0bc\uc591\ud640\ub529\uc2a4", "year": 2022, "month": 5, "article_url": "http://www.bokuennews.com/news/article.html?no=216318", "news_company": "\ubcf4\uac74\ub274\uc2a4", "title": "\uc0bc\uc591\ud640\ub529\uc2a4 \ubc14\uc774\uc624\ud31c\uadf8\ub8f9, PCL\ud544\ub7ec '\ub77c\ud480\ub80c' \uc548\uc804\uc131 \uc785\uc99d", "headline": null, "date_str": null, "writer": null, "section": null, "original_article_link": null, "article_body": null}, {"market": "kospi", "sid": "000070", "codename": "\uc0bc\uc591\ud640\ub529\uc2a4", "year": 2022, "month": 5, "article_url": "http://www.smedaily.co.kr/news/articleView.html?idxno=230368", "news_company": "\uc911\uc18c\uae30\uc5c5\uc2e0\ubb38", "title": "\uc0bc\uc591\ud640\ub529\uc2a4 PCL\ud544\ub7ec '\ub77c\ud480\ub80c' \uc548\uc804\uc131\u00b7\ud6a8\uacfc \uc785\uc99d", "headline": null, "date_str": null, "writer": null, "section": null, "original_article_link": null, "article_body": null}, {"market": "kospi", "sid": "000070", "codename": "\uc0bc\uc591\ud640\ub529\uc2a4", "year": 2022, "month": 5, "article_url": "https://m.news.naver.com/read?mode=LSD&mid=sec&sid1=105&oid=015&aid=0004697194", "news_company": "\ud55c\uad6d\uacbd\uc81c", "title": "\uc0bc\uc591\ud640\ub529\uc2a4, PCL\ud544\ub7ec \u2018\ub77c\ud480\ub80c\u2019 \uc548\uc804\uc131\u00b7\ud314\uc790\uc8fc\ub984 \uac1c\uc120 \uc785\uc99d", "headline": "\uc0bc\uc591\ud640\ub529\uc2a4, PCL\ud544\ub7ec \u2018\ub77c\ud480\ub80c\u2019 \uc548\uc804\uc131\u00b7\ud314\uc790\uc8fc\ub984 \uac1c\uc120 \uc785\uc99d", "date_str": "2022.05.11. \uc624\uc804 9:51", "writer": "\ubc15\uc778\ud601 \uae30\uc790", "section": "IT", "original_article_link": "https://www.hankyung.com/it/article/202205116895i", "article_body": "\n\uc5f0\uad6c \ub17c\ubb38 \u2018\ub354\ub9c8\ud1a8\ub85c\uc9c1 \ud14c\ub77c\ud53c\u2019 \uac8c\uc7ac\uc0bc\uc591\ud640\ub529\uc2a4 \ubc14\uc774\uc624\ud31c\uadf8\ub8f9\uc740 \ud3f4\ub9ac\uce74\ud504\ub85c\ub77d\ud1a4(PCL) \uc131\ubd84 \ud544\ub7ec \uc2e0\uc81c\ud488\uc778 \u2018\ub77c\ud480\ub80c\u2019\uc5d0 \ub300\ud55c \uc5f0\uad6c \uacb0\uacfc, \uc548\uc804\uc131 \ubc0f \ucf54\uc785\uc220\uc8fc\ub984(\ud314\uc790\uc8fc\ub984) \uac1c\uc120 \ud6a8\uacfc\ub97c \uc785\uc99d\ud588\ub2e4\uace0 11\uc77c \ubc1d\ud614\ub2e4. \ub77c\ud480\ub80c\uc740 \uc9c0\ub09c\ud574 \uc2dd\ud488\uc758\uc57d\ud488\uc548\uc804\ucc98 \ud5c8\uac00\ub97c \ud68d\ub4dd\ud55c \uc548\uba74\uc131\ud615\uc6a9 \ud544\ub7ec\ub2e4. \uc758\ub8cc\uc6a9 \uc0dd\ubd84\ud574\uc131 \uace0\ubd84\uc790 \ubb3c\uc9c8\uc778 PCL\uc744 \uc8fc\uc131\ubd84\uc73c\ub85c \uc0bc\uc591\ud640\ub529\uc2a4\uc758 \ud2b9\ud5c8 \uae30\uc220\uc774 \uc801\uc6a9\ub410\ub2e4.\uc5f0\uad6c \ub17c\ubb38\uc740 \u2018\ub354\ub9c8\ud1a8\ub85c\uc9c1 \ud14c\ub77c\ud53c\u2019\uc5d0 \uac8c\uc7ac\ub410\ub2e4. \ud53c\ubd80\uacfc \ubd84\uc57c\uc758 \ucd5c\uc2e0 \uc5f0\uad6c \ubc0f \uc815\ubcf4\ub97c \uc81c\uacf5\ud558\ub294 \uacfc\ud559\uae30\uc220\ub17c\ubb38\uc778\uc6a9\uc0c9\uc778(SCI)\uae09 \uad6d\uc81c\ud559\uc220\uc9c0\ub2e4. \uae40\ubc94\uc900 \uc911\uc559\ub300 \ud53c\ubd80\uacfc \uad50\uc218\ub294 \uad6d\ub0b4 \ub0a8\ub140 59\uba85\uc744 \ub300\uc0c1\uc73c\ub85c \ub77c\ud480\ub80c\uacfc \uae30\uc874 PCL \ud544\ub7ec\uc5d0 \ub300\ud55c \ube44\uad50 \uc5f0\uad6c\ub97c \uc2e4\uc2dc\ud588\ub2e4.\ub77c\ud480\ub80c\uc758 \ucf54\uc785\uc220\uc8fc\ub984\uc5d0 \ub300\ud55c \uac1c\uc120 \ud6a8\uacfc\ub294 \uae00\ub85c\ubc8c \ud45c\uc900 \uc9c0\ud45c\ub85c \uce21\uc815\ud588\ub2e4. \uadf8 \uacb0\uacfc \uc989\uac01\uc801\uc778 \ubcfc\ub968 \uac1c\uc120 \ud6a8\uacfc\uac00 \ub098\ud0c0\ub0ac\ub2e4\ub294 \uc124\uba85\uc774\ub2e4. \ud22c\uc5ec \ud6c4 \ucd08\uae30 \uc911\uae30 \ud6c4\uae30 \uc2dc\uc810\uc5d0\uc11c \ubcfc\ub968 \uc720\uc9c0 \ud6a8\uacfc\ub3c4 \uc548\uc815\uc801\uc778 \uac83\uc73c\ub85c \ud655\uc778\ub410\ub2e4. \uc0bc\uc591\ud640\ub529\uc2a4\ub294 2\ub144 \uc774\uc0c1 \uc720\uc9c0\ub418\ub294 PCL \ud544\ub7ec\uc758 \ud2b9\uc131\uc744 \uac10\uc548\ud574 1\ub144 \uac04\uc758 \uc5f0\uad6c\uac00 \uc885\ub8cc\ub41c \ud6c4\uc5d0\ub3c4 12\uac1c\uc6d4\uac04 \ucd94\uac00 \uad00\ucc30\uc744 \uc9c4\ud589\ud588\ub2e4. \uadf8 \uacb0\uacfc \uc7a5\uae30\uc801\uc778 \uc548\uc804\uc131, \uc720\ud6a8\uc131 \ub370\uc774\ud130\ub97c \ud655\ubcf4\ud588\ub2e4.\uc0bc\uc591\ud640\ub529\uc2a4 \ubc14\uc774\uc624\ud31c\uadf8\ub8f9 \uad00\uacc4\uc790\ub294 \u201c\ubcfc\ub968 \uc720\uc9c0\ub825, \uc548\uc804\uc131, \uc548\uc815\uc131 \ub4f1 \ub2e4\uc591\ud55c \uce21\uba74\uc744 \uc5f0\uad6c \ub370\uc774\ud130\ub85c \uc785\uc99d\ud588\ub2e4\u201d\uba70 \u201c\uc774\ub97c \uae30\ubc18\uc73c\ub85c \uc548\uc804\ud558\uba74\uc11c \ub9cc\uc871\ub3c4 \ub192\uc740 \uc2dc\uc220 \uacb0\uacfc\ub97c \uc5bb\uc744 \uc218 \uc788\ub294 \uc2dc\uc220 \ubc29\uc2dd\uc744 \uac1c\ubc1c\ud574 \uad6d\ub0b4\uc678 \uc758\ub8cc\uc9c4\uc5d0\uac8c \uc81c\uacf5\ud560 \uac83\u201d\uc774\ub77c\uace0 \ub9d0\ud588\ub2e4.\n"}, {"market": "kospi", "sid": "000070", "codename": "\uc0bc\uc591\ud640\ub529\uc2a4", "year": 2022, "month": 5, "article_url": "http://m.finomy.com/news/articleView.html?idxno=111451", "news_company": "\ud604\ub300\uacbd\uc81c\uc2e0\ubb38", "title": "\uc0bc\uc591\ud640\ub529\uc2a4 \"PCL\ud544\ub7ec '\ub77c\ud480\ub80c' \uc548\uc804\uc131\u00b7\ud6a8\uacfc \uc785\uc99d\"", "headline": null, "date_str": null, "writer": null, "section": null, "original_article_link": null, "article_body": null}, {"market": "kospi", "sid": "000070", "codename": "\uc0bc\uc591\ud640\ub529\uc2a4", "year": 2022, "month": 5, "article_url": "https://www.kpanews.co.kr/article/show.asp?idx=232714&category=D", "news_company": "\uc57d\uc0ac\uacf5\ub860", "title": "\uc0bc\uc591\ud640\ub529\uc2a4 \ubc14\uc774\uc624\ud31c\uadf8\ub8f9, PCL\ud544\ub7ec \u2018\ub77c\ud480\ub80c\u2019 \uc548\uc804\uc131 \ubc0f \ud6a8\uacfc \uc785\uc99d", "headline": null, "date_str": null, "writer": null, "section": null, "original_article_link": null, "article_body": null}, {"market": "kospi", "sid": "000070", "codename": "\uc0bc\uc591\ud640\ub529\uc2a4", "year": 2022, "month": 5, "article_url": "http://www.thekpm.com/news/articleView.html?idxno=119097", "news_company": "\ub18d\uc5c5\uacbd\uc81c\uc2e0\ubb38", "title": "\uc0bc\uc591\ud640\ub529\uc2a4 \ubc14\uc774\uc624\ud31c\uadf8\ub8f9 \"PCL\ud544\ub7ec \ub77c\ud480\ub80c \uc548\uc804\uc131\u00b7\ud6a8\uacfc \uc785\uc99d\"", "headline": null, "date_str": null, "writer": null, "section": null, "original_article_link": null, "article_body": null}, {"market": "kospi", "sid": "000070", "codename": "\uc0bc\uc591\ud640\ub529\uc2a4", "year": 2022, "month": 5, "article_url": "http://www.medisobizanews.com/news/articleView.html?idxno=87256", "news_company": "\uba54\ub514\uc18c\ube44\uc790\ub274\uc2a4", "title": "PCL\ud544\ub7ec '\ub77c\ud480\ub80c' \ud314\uc790\uc8fc\ub984 \uac1c\uc120 \ud6a8\uacfc \uad6d\uc81c\ud559\uc220\uc9c0 \uac8c\uc7ac", "headline": null, "date_str": null, "writer": null, "section": null, "original_article_link": null, "article_body": null}, {"market": "kospi", "sid": "000070", "codename": "\uc0bc\uc591\ud640\ub529\uc2a4", "year": 2022, "month": 5, "article_url": "http://www.pharmnews.com/news/articleView.html?idxno=203872", "news_company": "\ud31c\ub274\uc2a4", "title": "\uc0bc\uc591\ud640\ub529\uc2a4 \ubc14\uc774\uc624\ud31c\uadf8\ub8f9, PCL\ud544\ub7ec '\ub77c\ud480\ub80c' \uc548\uc804\uc131 - \ud6a8\uacfc \uc785\uc99d", "headline": null, "date_str": null, "writer": null, "section": null, "original_article_link": null, "article_body": null}, {"market": "kospi", "sid": "000070", "codename": "\uc0bc\uc591\ud640\ub529\uc2a4", "year": 2022, "month": 5, "article_url": "http://m.asiatoday.co.kr/kn/view.php?key=20220511010005985", "news_company": "\uc544\uc2dc\uc544\ud22c\ub370\uc774", "title": "\uc0bc\uc591\ud640\ub529\uc2a4 \ubc14\uc774\uc624\ud31c\uadf8\ub8f9, PCL\ud544\ub7ec '\ub77c\ud480\ub80c' \uc548\uc804\uc131\u00b7\ud6a8\uacfc\u2026\uad6d\uc81c\ud559\uc220\uc9c0 \ubc1c\ud45c", "headline": null, "date_str": null, "writer": null, "section": null, "original_article_link": null, "article_body": null}, {"market": "kospi", "sid": "000070", "codename": "\uc0bc\uc591\ud640\ub529\uc2a4", "year": 2022, "month": 5, "article_url": "https://www.medipana.com/article/view.php?news_idx=297005&sch_cate=D", "news_company": "\uba54\ub514\ud30c\ub098\ub274\uc2a4", "title": "\uc0bc\uc591\ud640\ub529\uc2a4 \ubc14\uc774\uc624\ud31c\uadf8\ub8f9, PCL\ud544\ub7ec '\ub77c\ud480\ub80c' \uc548\uc804\uc131\u00b7\ud6a8\uacfc \uc785\uc99d", "headline": null, "date_str": null, "writer": null, "section": null, "original_article_link": null, "article_body": null}, {"market": "kospi", "sid": "000070", "codename": "\uc0bc\uc591\ud640\ub529\uc2a4", "year": 2022, "month": 5, "article_url": "http://m.datanews.co.kr/m/m_article.html?no=121134", "news_company": "\ub370\uc774\ud130\ub274\uc2a4", "title": "\uc140\ud2b8\ub9ac\uc628\ud5ec\uc2a4\ucf00\uc5b4, \uc9c1\uc6d0 \uc5f0\ubd09 34% \uc99d\ubc1c\u2026\ub300\uae30\uc5c5 \uc0c1\uc7a5\uc0ac \ud558\ub77d\ub960 \ud1b1", "headline": null, "date_str": null, "writer": null, "section": null, "original_article_link": null, "article_body": null}, {"market": "kospi", "sid": "000070", "codename": "\uc0bc\uc591\ud640\ub529\uc2a4", "year": 2022, "month": 5, "article_url": "http://www.pinpointnews.co.kr/news/articleView.html?idxno=115064", "news_company": "\ud540\ud3ec\uc778\ud2b8\ub274\uc2a4", "title": "\uc624\ubbf8\ud06c\ub860 'BA.2.12.1' \ubcc0\uc774, \uad6d\ub0b4 \ucd94\uac00 \ud655\uc778\u2026\uc9c0\uc18d \uc720\uc785", "headline": null, "date_str": null, "writer": null, "section": null, "original_article_link": null, "article_body": null}, {"market": "kospi", "sid": "000070", "codename": "\uc0bc\uc591\ud640\ub529\uc2a4", "year": 2022, "month": 5, "article_url": "http://www.pharmnews.com/news/articleView.html?idxno=203872", "news_company": "\ud31c\ub274\uc2a4", "title": "\uc0bc\uc591\ud640\ub529\uc2a4 \ubc14\uc774\uc624\ud31c\uadf8\ub8f9, PCL\ud544\ub7ec '\ub77c\ud480\ub80c' \uc548\uc804\uc131 - \ud6a8\uacfc \uc785\uc99d", "headline": null, "date_str": null, "writer": null, "section": null, "original_article_link": null, "article_body": null}, {"market": "kospi", "sid": "000070", "codename": "\uc0bc\uc591\ud640\ub529\uc2a4", "year": 2022, "month": 5, "article_url": "http://m.asiatoday.co.kr/kn/view.php?key=20220511010005985", "news_company": "\uc544\uc2dc\uc544\ud22c\ub370\uc774", "title": "\uc0bc\uc591\ud640\ub529\uc2a4 \ubc14\uc774\uc624\ud31c\uadf8\ub8f9, PCL\ud544\ub7ec '\ub77c\ud480\ub80c' \uc548\uc804\uc131\u00b7\ud6a8\uacfc\u2026\uad6d\uc81c\ud559\uc220\uc9c0 \ubc1c\ud45c", "headline": null, "date_str": null, "writer": null, "section": null, "original_article_link": null, "article_body": null}, {"market": "kospi", "sid": "000070", "codename": "\uc0bc\uc591\ud640\ub529\uc2a4", "year": 2022, "month": 5, "article_url": "https://www.medipana.com/article/view.php?news_idx=297005&sch_cate=D", "news_company": "\uba54\ub514\ud30c\ub098\ub274\uc2a4", "title": "\uc0bc\uc591\ud640\ub529\uc2a4 \ubc14\uc774\uc624\ud31c\uadf8\ub8f9, PCL\ud544\ub7ec '\ub77c\ud480\ub80c' \uc548\uc804\uc131\u00b7\ud6a8\uacfc \uc785\uc99d", "headline": null, "date_str": null, "writer": null, "section": null, "original_article_link": null, "article_body": null}, {"market": "kospi", "sid": "000070", "codename": "\uc0bc\uc591\ud640\ub529\uc2a4", "year": 2022, "month": 5, "article_url": "http://m.datanews.co.kr/m/m_article.html?no=121134", "news_company": "\ub370\uc774\ud130\ub274\uc2a4", "title": "\uc140\ud2b8\ub9ac\uc628\ud5ec\uc2a4\ucf00\uc5b4, \uc9c1\uc6d0 \uc5f0\ubd09 34% \uc99d\ubc1c\u2026\ub300\uae30\uc5c5 \uc0c1\uc7a5\uc0ac \ud558\ub77d\ub960 \ud1b1", "headline": null, "date_str": null, "writer": null, "section": null, "original_article_link": null, "article_body": null}, {"market": "kospi", "sid": "000070", "codename": "\uc0bc\uc591\ud640\ub529\uc2a4", "year": 2022, "month": 5, "article_url": "http://www.pinpointnews.co.kr/news/articleView.html?idxno=115064", "news_company": "\ud540\ud3ec\uc778\ud2b8\ub274\uc2a4", "title": "\uc624\ubbf8\ud06c\ub860 'BA.2.12.1' \ubcc0\uc774, \uad6d\ub0b4 \ucd94\uac00 \ud655\uc778\u2026\uc9c0\uc18d \uc720\uc785", "headline": null, "date_str": null, "writer": null, "section": null, "original_article_link": null, "article_body": null}]}