{"data": [{"market": "kospi", "sid": "000300", "codename": "\ub300\uc720\ud50c\ub7ec\uc2a4", "year": 2022, "month": 3, "article_url": "http://www.economytalk.kr/news/articleView.html?idxno=220266", "news_company": "\uc774\ucf54\ub178\ubbf8\ud1a1\ub274\uc2a4", "title": "\uc704\ub2c8\uc544\ub524\ucc44, \uc6b8\uc9c4 \uc0b0\ubd88 \ud53c\ud574 \uc9c0\uc5ed\uc5d0 1\uc5b5 \uc6d0 \uc0c1\ub2f9 \uad6c\ud638 \ubb3c\ud488 '\uc804\ub2ec'", "headline": null, "date_str": null, "writer": null, "section": null, "original_article_link": null, "article_body": null}, {"market": "kospi", "sid": "000300", "codename": "\ub300\uc720\ud50c\ub7ec\uc2a4", "year": 2022, "month": 3, "article_url": "https://www.ajunews.com/view/20220311141519805", "news_company": "\uc544\uc8fc\uacbd\uc81c", "title": "\uc704\ub2c8\uc544\ub524\ucc44, \uc6b8\uc9c4 \uc0b0\ubd88 \ud53c\ud574 \uc9c0\uc5ed\uc5d0 1\uc5b5\uc6d0 \uc0c1\ub2f9 \uad6c\ud638 \ubb3c\ud488 \uc804\ub2ec", "headline": null, "date_str": null, "writer": null, "section": null, "original_article_link": null, "article_body": null}, {"market": "kospi", "sid": "000300", "codename": "\ub300\uc720\ud50c\ub7ec\uc2a4", "year": 2022, "month": 3, "article_url": "https://m.ekn.kr/view.php?key=20220311010001866", "news_company": "\uc5d0\ub108\uc9c0\uacbd\uc81c", "title": "\uc704\ub2c8\uc544\ub524\ucc44, \uc0b0\ubd88 \ud53c\ud574\uc9c0\uc5ed\uc5d0 \uad6c\ud638\ubb3c\ud488 1\uc5b5\uc6d0 \uc0c1\ub2f9 \uc804\ub2ec", "headline": null, "date_str": null, "writer": null, "section": null, "original_article_link": null, "article_body": null}, {"market": "kospi", "sid": "000300", "codename": "\ub300\uc720\ud50c\ub7ec\uc2a4", "year": 2022, "month": 3, "article_url": "https://www.straightnews.co.kr/news/articleView.html?idxno=205938", "news_company": "\uc2a4\ud2b8\ub808\uc774\ud2b8\ub274\uc2a4", "title": "\uc704\ub2c8\uc544\ub524\ucc44, \uc6b8\uc9c4 \uc0b0\ubd88\uc9c0\uc5ed\uc5d0 \uc628\uc5f4\ub9e4\ud2b8 \uae30\ubd80", "headline": null, "date_str": null, "writer": null, "section": null, "original_article_link": null, "article_body": null}, {"market": "kospi", "sid": "000300", "codename": "\ub300\uc720\ud50c\ub7ec\uc2a4", "year": 2022, "month": 3, "article_url": "https://m.news.naver.com/read?mode=LSD&mid=sec&sid1=101&oid=014&aid=0004801627", "news_company": "\ud30c\uc774\ub0b8\uc15c\ub274\uc2a4", "title": "\uc704\ub2c8\uc544\ub524\ucc44, \uc0b0\ubd88 \ud53c\ud574 \uc6b8\uc9c4\uc5d0 1\uc5b5\uc6d0 \uc0c1\ub2f9 \uad6c\ud638 \ubb3c\ud488 \uc9c0\uc6d0", "headline": "\uc704\ub2c8\uc544\ub524\ucc44, \uc0b0\ubd88 \ud53c\ud574 \uc6b8\uc9c4\uc5d0 1\uc5b5\uc6d0 \uc0c1\ub2f9 \uad6c\ud638 \ubb3c\ud488 \uc9c0\uc6d0", "date_str": "2022.03.11. \uc624\ud6c4 1:03", "writer": "\uc7a5\ubbfc\uad8c \uae30\uc790", "section": "\uacbd\uc81c", "original_article_link": "http://www.fnnews.com/news/202203111259550758", "article_body": "\n\n\n\n\n\uc704\ub2c8\uc544\ub524\ucc44\uac00 \uc9c0\uc6d0\ud55c 1\uc5b5\uc6d0 \uaddc\ubaa8\uc758 \uc6b8\uc9c4\uad70 \uc0b0\ubd88\ud53c\ud574 \uc774\uc7ac\ubbfc \uc9c0\uc6d0 \ubb3c\ud488. \uc704\ub2c8\uc544\ub524\ucc44 \uc81c\uacf5 [\ud30c\uc774\ub0b8\uc15c\ub274\uc2a4] \ub300\uc720\uc704\ub2c8\uc544\uadf8\ub8f9\uc758 \uc704\ub2c8\uc544\ub524\ucc44\ub294 \uc6b8\uc9c4 \uc0b0\ubd88 \ud53c\ud574 \uc9c0\uc5ed\uc5d0 1\uc5b5\uc6d0 \uc0c1\ub2f9\uc758 \uad6c\ud638 \ubb3c\ud488\uc744 \uc804\ub2ec\ud588\ub2e4\uace0 11\uc77c \ubc1d\ud614\ub2e4.   \uc774\ubc88 \uad6c\ud638 \ubb3c\ud488 \uc804\ub2ec\uc740 \ub300\uaddc\ubaa8 \uc0b0\ubd88\ub85c \uace0\ud1b5 \ubc1b\uace0 \uc788\ub294 \uc6b8\uc9c4\uad70 \uc774\uc7ac\ubbfc\uacfc \ud604\uc7a5 \uad6c\ud638 \uc778\ub825\ub4e4\uc744 \uc9c0\uc6d0\ud558\uae30 \uc704\ud574 \uae30\ud68d\ub410\ub2e4.   \uc704\ub2c8\uc544\ub524\ucc44\ub294 \ub300\uc720\uc704\ub2c8\uc544\uadf8\ub8f9 \uacc4\uc5f4\uc0ac\uc778 \ub300\uc720\ud50c\ub7ec\uc2a4\uac00 \uc0dd\uc0b0\ud558\uace0 \uc788\ub294 \u2018\uc2ac\ub77c\uc784 DC \uce74\ubcf8\ub9e4\ud2b8(\uc628\uc5f4\ub9e4\ud2b8)\u2019 400\uac1c\ub97c \uc6b8\uc9c4 \uad70\uccad\uc5d0 \uc804\ub2ec\ud588\ub2e4. \ud574\ub2f9 \uc81c\ud488\uc740 \uc300\uc300\ud55c \ub0a0\uc528 \uc784\uc2dc \ub300\ud53c\uc18c\uc5d0\uc11c \uc0dd\ud65c \uc911\uc778 \uc774\uc7ac\ubbfc\ub4e4\uc5d0\uac8c \ub530\ub73b\ud55c \uc7a0\uc790\ub9ac\ub97c \uc81c\uacf5\ud560 \uacc4\ud68d\uc774\ub2e4. \ub610 \ud53c\ud574 \ubcf5\uad6c\ub97c \uc704\ud574 \ud798\uc4f0\uace0 \uc788\ub294 \ud604\uc7a5 \uad6c\ud638 \uc778\ub825\ub4e4\uc774 \ud734\uc2dd\uc744 \ucde8\ud558\ub294\ub370 \ub3c4\uc6c0\uc744 \uc904 \uc608\uc815\uc774\ub2e4.   \uc704\ub2c8\uc544\ub524\ucc44 \uad00\uacc4\uc790\ub294 \u201c\uac11\uc791\uc2a4\ub7ec\uc6b4 \uc0b0\ubd88\ub85c \uc5b4\ub824\uc6c0\uc744 \uacaa\uace0 \uc788\ub294 \ubd84\ub4e4\uaed8 \uc870\uae08\uc774\ub098\ub9c8 \ub3c4\uc6c0\uc774 \ub418\uace0\uc790 \uad6c\ud638 \ubb3c\ud488\uc744 \uc804\ub2ec\ud558\uac8c \ub410\ub2e4\u201d\uba70 \u201c\ud53c\ud574\uc8fc\ubbfc\ub4e4\uc774 \ud558\ub8e8 \ube68\ub9ac \uc77c\uc0c1\uc73c\ub85c \ub3cc\uc544\uac08 \uc218 \uc788\uae30\ub97c \uae30\uc6d0\ud558\uba70, \uc55e\uc73c\ub85c\ub3c4 \uc704\ub2c8\uc544\ub524\ucc44\ub294 \ub3c4\uc6c0\uc774 \ud544\uc694\ud55c \uacf3\uc5d0 \uc801\uadf9\uc801\uc778 \uc9c0\uc6d0\uc744 \ud574 \ub098\uac08 \uac83\"\uc774\ub77c\uace0 \ub9d0\ud588\ub2e4.   \ud55c\ud3b8, \uc704\ub2c8\uc544\ub524\ucc44\ub294 \uc7a5\ub9c8\ucca0 \uc9d1\uc911\ud638\uc6b0\ub098 \ud0dc\ud48d \ub4f1 \uc790\uc5f0 \uc7ac\ub09c\uc774 \ubc1c\uc0dd\ud558\uba74 \uae34\uae09 \uad6c\ud638 \ubb3c\ud488\uacfc \uc778\ub825\uacfc \ub354\ubd88\uc5b4 \uac00\uc804\uc81c\ud488\uc758 \ubb34\uc0c1\uc218\ub9ac\ub97c \uc9c0\uc6d0\ud558\uace0 \uc788\ub2e4.\n\t\t"}, {"market": "kospi", "sid": "000300", "codename": "\ub300\uc720\ud50c\ub7ec\uc2a4", "year": 2022, "month": 3, "article_url": "http://www.naeil.com/news_view/?id_art=416596", "news_company": "\ub0b4\uc77c\uc2e0\ubb38", "title": "\uc704\ub2c8\uc544\ub524\ucc44, \uc0b0\ubd88\ud53c\ud574 \uc9c0\uc5ed\uc5d0 \uad6c\ud638\ubb3c\ud488", "headline": null, "date_str": null, "writer": null, "section": null, "original_article_link": null, "article_body": null}, {"market": "kospi", "sid": "000300", "codename": "\ub300\uc720\ud50c\ub7ec\uc2a4", "year": 2022, "month": 3, "article_url": "http://m.wsobi.com/news/articleView.html?idxno=155854", "news_company": "\uc5ec\uc131\uc18c\ube44\uc790\uc2e0\ubb38", "title": "\uc790\ub3d9\ucc28\ubd80\ud488 \uc0c1\uc7a5\uae30\uc5c5 \uae30\uc5c5\ud3c9\ud310 \uc6b0\uc218\uae30\uc5c5 2022\ub144 3\uc6d4 \ubc1c\ud45c", "headline": null, "date_str": null, "writer": null, "section": null, "original_article_link": null, "article_body": null}, {"market": "kospi", "sid": "000300", "codename": "\ub300\uc720\ud50c\ub7ec\uc2a4", "year": 2022, "month": 3, "article_url": "http://www.cstimes.com/news/articleView.html?idxno=491531", "news_company": "\ucee8\uc288\uba38\ud0c0\uc784\uc2a4", "title": "\uc704\ub2c8\uc544\ub524\ucc44, \uc6b8\uc9c4 \uc0b0\ubd88\ud53c\ud574 \uc9c0\uc5ed\uc5d0 1\uc5b5\uc6d0 \uc0c1\ub2f9 \uad6c\ud638\ubb3c\ud488 \uae30\ubd80", "headline": null, "date_str": null, "writer": null, "section": null, "original_article_link": null, "article_body": null}, {"market": "kospi", "sid": "000300", "codename": "\ub300\uc720\ud50c\ub7ec\uc2a4", "year": 2022, "month": 3, "article_url": "http://m.thepublic.kr/news/newsview.php?ncode=1065574966504361", "news_company": "\ub354\ud37c\ube14\ub9ad", "title": "\uc704\ub2c8\uc544\ub524\ucc44, \uacbd\uc0c1\ubd81\ub3c4 \uc6b8\uc9c4 \uc0b0\ubd88 \ud53c\ud574 \uc9c0\uc5ed\uc5d0 1\uc5b5\uc6d0 \uc0c1\ub2f9 \uad6c\ud638 \ubb3c\ud488 \uc804\ub2ec", "headline": null, "date_str": null, "writer": null, "section": null, "original_article_link": null, "article_body": null}, {"market": "kospi", "sid": "000300", "codename": "\ub300\uc720\ud50c\ub7ec\uc2a4", "year": 2022, "month": 3, "article_url": "https://m.news.naver.com/read?mode=LSD&mid=sec&sid1=101&oid=082&aid=0001145448", "news_company": "\ubd80\uc0b0\uc77c\ubcf4", "title": "\uc704\ub2c8\uc544\ub524\ucc44, \uc0b0\ubd88 \ud53c\ud574 \uc9c0\uc5ed\uc5d0 1\uc5b5 \uc6d0 \uc0c1\ub2f9 \uad6c\ud638\ubb3c\ud488 \uc804\ub2ec", "headline": "\uc704\ub2c8\uc544\ub524\ucc44, \uc0b0\ubd88 \ud53c\ud574 \uc9c0\uc5ed\uc5d0  1\uc5b5 \uc6d0 \uc0c1\ub2f9 \uad6c\ud638\ubb3c\ud488 \uc804\ub2ec", "date_str": "2022.03.11. \uc624\uc804 11:28", "writer": "\ubc30\ub3d9\uc9c4 \uae30\uc790", "section": "\uacbd\uc81c", "original_article_link": "http://www.busan.com/view/busan/view.php?code=2022031110114038764", "article_body": "\n\n\n\n\n\uacbd\ubd81 \uc6b8\uc9c4 \uc0b0\ubd88 \ud53c\ud574\uc9c0\uc5ed\uc5d0 \uc804\ub2ec\ud560 \uc704\ub2c8\uc544\ub524\ucc44\uc758 \uad6c\ud638 \ubb3c\ud488.\uc704\ub2c8\uc544\ub524\ucc44 \uc81c\uacf5\ub300\uc720\uc704\ub2c8\uc544\uadf8\ub8f9\uc758 \uc704\ub2c8\uc544\ub524\ucc44\ub294 \uc6b8\uc9c4 \uc0b0\ubd88 \ud53c\ud574 \uc9c0\uc5ed\uc5d0 1\uc5b5 \uc6d0 \uc0c1\ub2f9\uc758 \uad6c\ud638 \ubb3c\ud488\uc744 \uc804\ub2ec\ud588\ub2e4\uace0 11\uc77c \ubc1d\ud614\ub2e4.\uc774\ubc88 \uad6c\ud638 \ubb3c\ud488 \uc804\ub2ec\uc740 \ub300\uaddc\ubaa8 \uc0b0\ubd88\ub85c \uace0\ud1b5 \ubc1b\uace0 \uc788\ub294 \uc6b8\uc9c4\uad70 \uc774\uc7ac\ubbfc\uacfc \ud604\uc7a5 \uad6c\ud638 \uc778\ub825\ub4e4\uc744 \uc9c0\uc6d0\ud558\uae30 \uc704\ud574 \uae30\ud68d\ub410\ub2e4.\uc704\ub2c8\uc544\ub524\ucc44\ub294 \ub300\uc720\uc704\ub2c8\uc544\uadf8\ub8f9 \uacc4\uc5f4\uc0ac\uc778 \ub300\uc720\ud50c\ub7ec\uc2a4\uac00 \uc0dd\uc0b0\ud558\uace0 \uc788\ub294 \u2018\uc2ac\ub77c\uc784 DC \uce74\ubcf8\ub9e4\ud2b8(\uc628\uc5f4\ub9e4\ud2b8)\u2019 400\uac1c\ub97c \uc6b8\uc9c4 \uad70\uccad\uc5d0 \uc804\ub2ec\ud588\ub2e4. \ud574\ub2f9 \uc81c\ud488\uc740 \uc300\uc300\ud55c \ub0a0\uc528 \uc784\uc2dc \ub300\ud53c\uc18c\uc5d0\uc11c \uc0dd\ud65c \uc911\uc778 \uc774\uc7ac\ubbfc\ub4e4\uc5d0\uac8c \ub530\ub73b\ud55c \uc7a0\uc790\ub9ac\ub97c \uc81c\uacf5\ud560 \uacc4\ud68d\uc774\ub2e4. \ub610\ud55c, \ud53c\ud574 \ubcf5\uad6c\ub97c \uc704\ud574 \ud798\uc4f0\uace0 \uc788\ub294 \ud604\uc7a5 \uad6c\ud638 \uc778\ub825\ub4e4\uc774 \uc7a0\uc2dc \ud734\uc2dd\uc744 \ucde8\ud558\ub294\ub370 \ub3c4\uc6c0\uc744 \uc904 \uc608\uc815\uc774\ub2e4.\uc704\ub2c8\uc544\ub524\ucc44 \uad00\uacc4\uc790\ub294 \u201c\uac11\uc791\uc2a4\ub7ec\uc6b4 \uc0b0\ubd88\ub85c \uc5b4\ub824\uc6c0\uc744 \uacaa\uace0 \uc788\ub294 \ubd84\ub4e4\uaed8 \uc870\uae08\uc774\ub098\ub9c8 \ub3c4\uc6c0\uc774 \ub418\uace0\uc790 \uad6c\ud638 \ubb3c\ud488\uc744 \uc804\ub2ec\ud558\uac8c \ub410\ub2e4\u201d\uba70, \u201c\ud53c\ud574\uc8fc\ubbfc\ub4e4\uc774 \ud558\ub8e8 \ube68\ub9ac \uc77c\uc0c1\uc73c\ub85c \ub3cc\uc544\uac08 \uc218 \uc788\uae30\ub97c \uae30\uc6d0\ud558\uba70, \uc55e\uc73c\ub85c\ub3c4 \uc704\ub2c8\uc544\ub524\ucc44\ub294 \ub3c4\uc6c0\uc774 \ud544\uc694\ud55c \uacf3\uc5d0 \uc801\uadf9\uc801\uc778 \uc9c0\uc6d0\uc744 \ud574 \ub098\uac08 \uac83\u201d\uc774\ub77c\uace0 \ub9d0\ud588\ub2e4. \ud55c\ud3b8, \uc704\ub2c8\uc544\ub524\ucc44\ub294 \uc7a5\ub9c8\ucca0 \uc9d1\uc911\ud638\uc6b0\ub098 \ud0dc\ud48d \ub4f1 \uc790\uc5f0 \uc7ac\ub09c\uc774 \ubc1c\uc0dd\ud558\uba74 \uae34\uae09 \uad6c\ud638 \ubb3c\ud488\uacfc \uc778\ub825\uc744 \uc9c0\uc6d0\ud558\uace0 \uac00\uc804\uc81c\ud488\uc758 \ubb34\uc0c1\uc218\ub9ac\uc5d0 \ub098\uc11c\uba70 \uae30\uc5c5\uc758 \uc0ac\ud68c\uc801 \ucc45\uc784\uc744 \ub2e4\ud558\uace0 \uc788\ub2e4.\n"}, {"market": "kospi", "sid": "000300", "codename": "\ub300\uc720\ud50c\ub7ec\uc2a4", "year": 2022, "month": 3, "article_url": "http://www.sisaweek.com/news/articleView.html?idxno=151692", "news_company": "\uc2dc\uc0ac\uc704\ud06c", "title": "[\ub3d9\ud574\uc548 \uc0b0\ubd88 \ud53c\ud574] \uc704\ub2c8\uc544\ub524\ucc44 \ub4f1 \uae30\uc5c5\ub4e4 \uad6c\ud638\ubb3c\ud488\u00b7\uae30\ubd80\uae08\u2026 \uc628\uc815 \uc787\ub530\ub77c", "headline": null, "date_str": null, "writer": null, "section": null, "original_article_link": null, "article_body": null}, {"market": "kospi", "sid": "000300", "codename": "\ub300\uc720\ud50c\ub7ec\uc2a4", "year": 2022, "month": 3, "article_url": "http://www.sisaon.co.kr/news/articleView.html?idxno=137013", "news_company": "\uc2dc\uc0ac\uc624\ub298", "title": "\uc704\ub2c8\uc544\ub524\ucc44, \uc6b8\uc9c4 \uc0b0\ubd88 \ud53c\ud574 \uc9c0\uc5ed\uc5d0 \uad6c\ud638 \ubb3c\ud488 \uc804\ub2ec", "headline": null, "date_str": null, "writer": null, "section": null, "original_article_link": null, "article_body": null}, {"market": "kospi", "sid": "000300", "codename": "\ub300\uc720\ud50c\ub7ec\uc2a4", "year": 2022, "month": 3, "article_url": "https://m.news.naver.com/read?mode=LSD&mid=sec&sid1=101&oid=016&aid=0001962525", "news_company": "\ud5e4\ub7f4\ub4dc\uacbd\uc81c", "title": "\uc704\ub2c8\uc544\ub524\ucc44, \uc6b8\uc9c4 \uc0b0\ubd88\ud53c\ud574 \uc9c0\uc5ed\uc5d0 \uc628\uc5f4\ub9e4\ud2b8 400\uc7a5", "headline": "\uc704\ub2c8\uc544\ub524\ucc44, \uc6b8\uc9c4 \uc0b0\ubd88\ud53c\ud574 \uc9c0\uc5ed\uc5d0 \uc628\uc5f4\ub9e4\ud2b8 400\uc7a5", "date_str": "2022.03.11. \uc624\uc804 11:12", "writer": "\ubb38\uc601\uaddc \uae30\uc790", "section": "\uacbd\uc81c", "original_article_link": "http://news.heraldcorp.com/view.php?ud=20220311000316", "article_body": "\n\n\n\n\n\ub300\uc720\uc704\ub2c8\uc544\uadf8\ub8f9\uc758 \uc704\ub2c8\uc544\ub524\ucc44\uac00 \uc6b8\uc9c4 \uc0b0\ubd88 \ud53c\ud574 \uc9c0\uc5ed\uc5d0 \uc628\uc5f4\ub9e4\ud2b8 400\uc7a5 \ub4f1 1\uc5b5\uc6d0 \uc0c1\ub2f9\uc758 \uad6c\ud638\ubb3c\ud488\uc744 \uc804\ub2ec(\uc0ac\uc9c4)\ud588\ub2e4\uace0 11\uc77c \ubc1d\ud614\ub2e4.\uc704\ub2c8\uc544\ub524\ucc44\ub294 \ub300\uc720\uc704\ub2c8\uc544\uadf8\ub8f9 \uacc4\uc5f4\uc0ac\uc778 \ub300\uc720\ud50c\ub7ec\uc2a4\uac00 \uc0dd\uc0b0\ud558\uace0 \uc788\ub294 \u2018\uc2ac\ub77c\uc784 DC \uce74\ubcf8\ub9e4\ud2b8(\uc628\uc5f4\ub9e4\ud2b8)\u2019 400\uac1c\ub97c \uc6b8\uc9c4 \uad70\uccad\uc5d0 \uc804\ub2ec\ud588\ub2e4. \uc774 \ub9e4\ud2b8\ub294 \uc784\uc2dc \ub300\ud53c\uc18c\uc5d0\uc11c \uc0dd\ud65c \uc911\uc778 \uc774\uc7ac\ubbfc\ub4e4\uacfc \ud53c\ud574 \ubcf5\uad6c\ub97c \uc704\ud574 \ud798\uc4f0\uace0 \uc788\ub294 \ud604\uc7a5 \uad6c\ud638 \uc778\ub825\ub4e4\uc5d0\uac8c \uc81c\uacf5\ub420 \uc608\uc815\uc774\ub2e4. \ubb38\uc601\uaddc \uae30\uc790\n"}, {"market": "kospi", "sid": "000300", "codename": "\ub300\uc720\ud50c\ub7ec\uc2a4", "year": 2022, "month": 3, "article_url": "https://m.news.naver.com/read?mode=LSD&mid=sec&sid1=101&oid=018&aid=0005164800", "news_company": "\uc774\ub370\uc77c\ub9ac", "title": "\uc704\ub2c8\uc544\ub524\ucc44, \uc0b0\ubd88 \uc774\uc7ac\ubbfc\uc5d0 1\uc5b5\uc6d0 \uad6c\ud638 \ubb3c\ud488 \uc804\ub2ec", "headline": "\uc704\ub2c8\uc544\ub524\ucc44, \uc0b0\ubd88 \uc774\uc7ac\ubbfc\uc5d0 1\uc5b5\uc6d0 \uad6c\ud638 \ubb3c\ud488 \uc804\ub2ec", "date_str": "2022.03.11. \uc624\uc804 11:08", "writer": "\uae40\uc0c1\uc724 \uae30\uc790", "section": "\uacbd\uc81c", "original_article_link": "http://www.edaily.co.kr/news/newspath.asp?newsid=01981126632262336", "article_body": "\n\n\n\n\n[\uc774\ub370\uc77c\ub9ac \uae40\uc0c1\uc724 \uae30\uc790] \ub300\uc720\uc704\ub2c8\uc544\uadf8\ub8f9\uc758 \uc704\ub2c8\uc544\ub524\ucc44\ub294 \ub300\uaddc\ubaa8 \uc0b0\ubd88\ub85c \uace0\ud1b5 \ubc1b\uace0 \uc788\ub294 \uc6b8\uc9c4\uad70 \uc774\uc7ac\ubbfc\uacfc \ud604\uc7a5 \uad6c\ud638 \uc778\ub825\ub4e4\uc744 \uc9c0\uc6d0\ud558\uae30 \uc704\ud574 1\uc5b5\uc6d0 \uc0c1\ub2f9\uc758 \uad6c\ud638 \ubb3c\ud488\uc744 \uc804\ub2ec\ud588\ub2e4\uace0 11\uc77c \ubc1d\ud614\ub2e4.\ub300\uc720\uc704\ub2c8\uc544\uadf8\ub8f9 \uacc4\uc5f4\uc0ac\uc778 \ub300\uc720\ud50c\ub7ec\uc2a4\uac00 \uc0dd\uc0b0\ud558\uace0 \uc788\ub294 \uc628\uc5f4\ub9e4\ud2b8 400\uac1c\ub97c \uc6b8\uc9c4 \uad70\uccad\uc5d0 \uc804\ub2ec\ud588\ub2e4. \ud574\ub2f9 \uc81c\ud488\uc740 \uc300\uc300\ud55c \ub0a0\uc528 \uc784\uc2dc \ub300\ud53c\uc18c\uc5d0\uc11c \uc0dd\ud65c \uc911\uc778 \uc774\uc7ac\ubbfc\ub4e4\uc5d0\uac8c \ub530\ub73b\ud55c \uc7a0\uc790\ub9ac\ub97c \uc81c\uacf5\ud560 \uacc4\ud68d\uc774\ub2e4. \ub610 \ud53c\ud574 \ubcf5\uad6c\ub97c \uc704\ud574 \ud798\uc4f0\uace0 \uc788\ub294 \ud604\uc7a5 \uad6c\ud638 \uc778\ub825\ub4e4\uc774 \uc7a0\uc2dc \ud734\uc2dd\uc744 \ucde8\ud558\ub294\ub370 \ub3c4\uc6c0\uc744 \uc904 \uc608\uc815\uc774\ub2e4.\uc704\ub2c8\uc544\ub524\ucc44 \uad00\uacc4\uc790\ub294 \u201c\uac11\uc791\uc2a4\ub7ec\uc6b4 \uc0b0\ubd88\ub85c \uc5b4\ub824\uc6c0\uc744 \uacaa\uace0 \uc788\ub294 \ubd84\ub4e4\uaed8 \uc870\uae08\uc774\ub098\ub9c8 \ub3c4\uc6c0\uc774 \ub418\uace0\uc790 \uad6c\ud638 \ubb3c\ud488\uc744 \uc804\ub2ec\ud558\uac8c \ub410\ub2e4\u201d\uba70 \u2018\ud53c\ud574\uc8fc\ubbfc\ub4e4\uc774 \ud558\ub8e8 \ube68\ub9ac \uc77c\uc0c1\uc73c\ub85c \ub3cc\uc544\uac08 \uc218 \uc788\uae30\ub97c \uae30\uc6d0\ud55c\ub2e4\u201c\uace0 \ub9d0\ud588\ub2e4.\ud55c\ud3b8 \uc704\ub2c8\uc544\ub524\ucc44\ub294 \uc7a5\ub9c8\ucca0 \uc9d1\uc911\ud638\uc6b0\ub098 \ud0dc\ud48d \ub4f1 \uc790\uc5f0 \uc7ac\ub09c\uc774 \ubc1c\uc0dd\ud558\uba74 \uae34\uae09 \uad6c\ud638 \ubb3c\ud488\uacfc \uc778\ub825, \uac00\uc804\uc81c\ud488\uc758 \ubb34\uc0c1\uc218\ub9ac\ub97c \uc9c0\uc6d0\ud558\uace0 \uc788\ub2e4\n"}, {"market": "kospi", "sid": "000300", "codename": "\ub300\uc720\ud50c\ub7ec\uc2a4", "year": 2022, "month": 3, "article_url": "http://www.ezyeconomy.com/news/articleView.html?idxno=116825", "news_company": "\uc774\uc9c0\uacbd\uc81c", "title": "\uc8fc\uc694 \uae30\uc5c5, \uc0b0\ubd88 \ud53c\ud574\ubcf5\uad6c\uc5d0 \uc9c4\uc2ec \uc9c0\uc6d0\u2026\ud55c\uad6dP&G, 1\uc5b51\ucc9c\ub9cc\uc6d0 \ucf8c\ucc99 \ub4f1", "headline": null, "date_str": null, "writer": null, "section": null, "original_article_link": null, "article_body": null}, {"market": "kospi", "sid": "000300", "codename": "\ub300\uc720\ud50c\ub7ec\uc2a4", "year": 2022, "month": 3, "article_url": "http://www.sisaweek.com/news/articleView.html?idxno=151692", "news_company": "\uc2dc\uc0ac\uc704\ud06c", "title": "[\ub3d9\ud574\uc548 \uc0b0\ubd88 \ud53c\ud574] \uc704\ub2c8\uc544\ub524\ucc44 \ub4f1 \uae30\uc5c5\ub4e4 \uad6c\ud638\ubb3c\ud488\u00b7\uae30\ubd80\uae08\u2026 \uc628\uc815 \uc787\ub530\ub77c", "headline": null, "date_str": null, "writer": null, "section": null, "original_article_link": null, "article_body": null}, {"market": "kospi", "sid": "000300", "codename": "\ub300\uc720\ud50c\ub7ec\uc2a4", "year": 2022, "month": 3, "article_url": "http://www.sisaon.co.kr/news/articleView.html?idxno=137013", "news_company": "\uc2dc\uc0ac\uc624\ub298", "title": "\uc704\ub2c8\uc544\ub524\ucc44, \uc6b8\uc9c4 \uc0b0\ubd88 \ud53c\ud574 \uc9c0\uc5ed\uc5d0 \uad6c\ud638 \ubb3c\ud488 \uc804\ub2ec", "headline": null, "date_str": null, "writer": null, "section": null, "original_article_link": null, "article_body": null}, {"market": "kospi", "sid": "000300", "codename": "\ub300\uc720\ud50c\ub7ec\uc2a4", "year": 2022, "month": 3, "article_url": "https://m.news.naver.com/read?mode=LSD&mid=sec&sid1=101&oid=016&aid=0001962525", "news_company": "\ud5e4\ub7f4\ub4dc\uacbd\uc81c", "title": "\uc704\ub2c8\uc544\ub524\ucc44, \uc6b8\uc9c4 \uc0b0\ubd88\ud53c\ud574 \uc9c0\uc5ed\uc5d0 \uc628\uc5f4\ub9e4\ud2b8 400\uc7a5", "headline": "\uc704\ub2c8\uc544\ub524\ucc44, \uc6b8\uc9c4 \uc0b0\ubd88\ud53c\ud574 \uc9c0\uc5ed\uc5d0 \uc628\uc5f4\ub9e4\ud2b8 400\uc7a5", "date_str": "2022.03.11. \uc624\uc804 11:12", "writer": "\ubb38\uc601\uaddc \uae30\uc790", "section": "\uacbd\uc81c", "original_article_link": "http://news.heraldcorp.com/view.php?ud=20220311000316", "article_body": "\n\n\n\n\n\ub300\uc720\uc704\ub2c8\uc544\uadf8\ub8f9\uc758 \uc704\ub2c8\uc544\ub524\ucc44\uac00 \uc6b8\uc9c4 \uc0b0\ubd88 \ud53c\ud574 \uc9c0\uc5ed\uc5d0 \uc628\uc5f4\ub9e4\ud2b8 400\uc7a5 \ub4f1 1\uc5b5\uc6d0 \uc0c1\ub2f9\uc758 \uad6c\ud638\ubb3c\ud488\uc744 \uc804\ub2ec(\uc0ac\uc9c4)\ud588\ub2e4\uace0 11\uc77c \ubc1d\ud614\ub2e4.\uc704\ub2c8\uc544\ub524\ucc44\ub294 \ub300\uc720\uc704\ub2c8\uc544\uadf8\ub8f9 \uacc4\uc5f4\uc0ac\uc778 \ub300\uc720\ud50c\ub7ec\uc2a4\uac00 \uc0dd\uc0b0\ud558\uace0 \uc788\ub294 \u2018\uc2ac\ub77c\uc784 DC \uce74\ubcf8\ub9e4\ud2b8(\uc628\uc5f4\ub9e4\ud2b8)\u2019 400\uac1c\ub97c \uc6b8\uc9c4 \uad70\uccad\uc5d0 \uc804\ub2ec\ud588\ub2e4. \uc774 \ub9e4\ud2b8\ub294 \uc784\uc2dc \ub300\ud53c\uc18c\uc5d0\uc11c \uc0dd\ud65c \uc911\uc778 \uc774\uc7ac\ubbfc\ub4e4\uacfc \ud53c\ud574 \ubcf5\uad6c\ub97c \uc704\ud574 \ud798\uc4f0\uace0 \uc788\ub294 \ud604\uc7a5 \uad6c\ud638 \uc778\ub825\ub4e4\uc5d0\uac8c \uc81c\uacf5\ub420 \uc608\uc815\uc774\ub2e4. \ubb38\uc601\uaddc \uae30\uc790\n"}, {"market": "kospi", "sid": "000300", "codename": "\ub300\uc720\ud50c\ub7ec\uc2a4", "year": 2022, "month": 3, "article_url": "https://m.news.naver.com/read?mode=LSD&mid=sec&sid1=101&oid=018&aid=0005164800", "news_company": "\uc774\ub370\uc77c\ub9ac", "title": "\uc704\ub2c8\uc544\ub524\ucc44, \uc0b0\ubd88 \uc774\uc7ac\ubbfc\uc5d0 1\uc5b5\uc6d0 \uad6c\ud638 \ubb3c\ud488 \uc804\ub2ec", "headline": "\uc704\ub2c8\uc544\ub524\ucc44, \uc0b0\ubd88 \uc774\uc7ac\ubbfc\uc5d0 1\uc5b5\uc6d0 \uad6c\ud638 \ubb3c\ud488 \uc804\ub2ec", "date_str": "2022.03.11. \uc624\uc804 11:08", "writer": "\uae40\uc0c1\uc724 \uae30\uc790", "section": "\uacbd\uc81c", "original_article_link": "http://www.edaily.co.kr/news/newspath.asp?newsid=01981126632262336", "article_body": "\n\n\n\n\n[\uc774\ub370\uc77c\ub9ac \uae40\uc0c1\uc724 \uae30\uc790] \ub300\uc720\uc704\ub2c8\uc544\uadf8\ub8f9\uc758 \uc704\ub2c8\uc544\ub524\ucc44\ub294 \ub300\uaddc\ubaa8 \uc0b0\ubd88\ub85c \uace0\ud1b5 \ubc1b\uace0 \uc788\ub294 \uc6b8\uc9c4\uad70 \uc774\uc7ac\ubbfc\uacfc \ud604\uc7a5 \uad6c\ud638 \uc778\ub825\ub4e4\uc744 \uc9c0\uc6d0\ud558\uae30 \uc704\ud574 1\uc5b5\uc6d0 \uc0c1\ub2f9\uc758 \uad6c\ud638 \ubb3c\ud488\uc744 \uc804\ub2ec\ud588\ub2e4\uace0 11\uc77c \ubc1d\ud614\ub2e4.\ub300\uc720\uc704\ub2c8\uc544\uadf8\ub8f9 \uacc4\uc5f4\uc0ac\uc778 \ub300\uc720\ud50c\ub7ec\uc2a4\uac00 \uc0dd\uc0b0\ud558\uace0 \uc788\ub294 \uc628\uc5f4\ub9e4\ud2b8 400\uac1c\ub97c \uc6b8\uc9c4 \uad70\uccad\uc5d0 \uc804\ub2ec\ud588\ub2e4. \ud574\ub2f9 \uc81c\ud488\uc740 \uc300\uc300\ud55c \ub0a0\uc528 \uc784\uc2dc \ub300\ud53c\uc18c\uc5d0\uc11c \uc0dd\ud65c \uc911\uc778 \uc774\uc7ac\ubbfc\ub4e4\uc5d0\uac8c \ub530\ub73b\ud55c \uc7a0\uc790\ub9ac\ub97c \uc81c\uacf5\ud560 \uacc4\ud68d\uc774\ub2e4. \ub610 \ud53c\ud574 \ubcf5\uad6c\ub97c \uc704\ud574 \ud798\uc4f0\uace0 \uc788\ub294 \ud604\uc7a5 \uad6c\ud638 \uc778\ub825\ub4e4\uc774 \uc7a0\uc2dc \ud734\uc2dd\uc744 \ucde8\ud558\ub294\ub370 \ub3c4\uc6c0\uc744 \uc904 \uc608\uc815\uc774\ub2e4.\uc704\ub2c8\uc544\ub524\ucc44 \uad00\uacc4\uc790\ub294 \u201c\uac11\uc791\uc2a4\ub7ec\uc6b4 \uc0b0\ubd88\ub85c \uc5b4\ub824\uc6c0\uc744 \uacaa\uace0 \uc788\ub294 \ubd84\ub4e4\uaed8 \uc870\uae08\uc774\ub098\ub9c8 \ub3c4\uc6c0\uc774 \ub418\uace0\uc790 \uad6c\ud638 \ubb3c\ud488\uc744 \uc804\ub2ec\ud558\uac8c \ub410\ub2e4\u201d\uba70 \u2018\ud53c\ud574\uc8fc\ubbfc\ub4e4\uc774 \ud558\ub8e8 \ube68\ub9ac \uc77c\uc0c1\uc73c\ub85c \ub3cc\uc544\uac08 \uc218 \uc788\uae30\ub97c \uae30\uc6d0\ud55c\ub2e4\u201c\uace0 \ub9d0\ud588\ub2e4.\ud55c\ud3b8 \uc704\ub2c8\uc544\ub524\ucc44\ub294 \uc7a5\ub9c8\ucca0 \uc9d1\uc911\ud638\uc6b0\ub098 \ud0dc\ud48d \ub4f1 \uc790\uc5f0 \uc7ac\ub09c\uc774 \ubc1c\uc0dd\ud558\uba74 \uae34\uae09 \uad6c\ud638 \ubb3c\ud488\uacfc \uc778\ub825, \uac00\uc804\uc81c\ud488\uc758 \ubb34\uc0c1\uc218\ub9ac\ub97c \uc9c0\uc6d0\ud558\uace0 \uc788\ub2e4\n"}, {"market": "kospi", "sid": "000300", "codename": "\ub300\uc720\ud50c\ub7ec\uc2a4", "year": 2022, "month": 3, "article_url": "http://www.ezyeconomy.com/news/articleView.html?idxno=116825", "news_company": "\uc774\uc9c0\uacbd\uc81c", "title": "\uc8fc\uc694 \uae30\uc5c5, \uc0b0\ubd88 \ud53c\ud574\ubcf5\uad6c\uc5d0 \uc9c4\uc2ec \uc9c0\uc6d0\u2026\ud55c\uad6dP&G, 1\uc5b51\ucc9c\ub9cc\uc6d0 \ucf8c\ucc99 \ub4f1", "headline": null, "date_str": null, "writer": null, "section": null, "original_article_link": null, "article_body": null}, {"market": "kospi", "sid": "000300", "codename": "\ub300\uc720\ud50c\ub7ec\uc2a4", "year": 2022, "month": 3, "article_url": "https://www.electimes.com/news/articleView.html?idxno=301848", "news_company": "\uc804\uae30\uc2e0\ubb38", "title": "\uc704\ub2c8\uc544\ub524\ucc44, \uc6b8\uc9c4 \uc0b0\ubd88 \uc9c0\uc5ed\uc5d0 1\uc5b5\uc5ec\uc6d0 \uad6c\ud638 \ubb3c\ud488 \uc804\ub2ec", "headline": null, "date_str": null, "writer": null, "section": null, "original_article_link": null, "article_body": null}, {"market": "kospi", "sid": "000300", "codename": "\ub300\uc720\ud50c\ub7ec\uc2a4", "year": 2022, "month": 3, "article_url": "https://m.news.naver.com/read?mode=LSD&mid=sec&sid1=105&oid=092&aid=0002250145", "news_company": "ZDNet Korea\uc5b8\ub860\uc0ac \uc120\uc815", "title": "\uc704\ub2c8\uc544\ub524\ucc44, \uc6b8\uc9c4 \uc0b0\ubd88 \ud53c\ud574 \uc9c0\uc5ed\uc5d0 1\uc5b5\uc6d0 \uc0c1\ub2f9 \uad6c\ud638 \ubb3c\ud488 \uc804\ub2ec", "headline": "\uc704\ub2c8\uc544\ub524\ucc44, \uc6b8\uc9c4 \uc0b0\ubd88 \ud53c\ud574 \uc9c0\uc5ed\uc5d0 1\uc5b5\uc6d0 \uc0c1\ub2f9 \uad6c\ud638 \ubb3c\ud488 \uc804\ub2ec", "date_str": "2022.03.11. \uc624\uc804 10:26", "writer": "\uc724\uc0c1\uc740 \uae30\uc790", "section": "IT", "original_article_link": "https://zdnet.co.kr/view/?no=20220311102232", "article_body": "\n\uc6b8\uc9c4\uad70\uccad\uc5d0 \uc628\uc5f4\ub9e4\ud2b8 '\uc2ac\ub77c\uc784 DC \uce74\ubcf8\ub9e4\ud2b8' 400\uac1c \uc804\ub2ec\uc704\ub2c8\uc544\ub524\ucc44\uac00 \uc6b8\uc9c4 \uc0b0\ubd88 \ud53c\ud574 \uc9c0\uc5ed\uc5d0 1\uc5b5\uc6d0 \uc0c1\ub2f9\uc758 \uad6c\ud638 \ubb3c\ud488\uc744 \uc804\ub2ec\ud588\ub2e4\uace0 11\uc77c \ubc1d\ud614\ub2e4.\uc704\ub2c8\uc544\ub524\ucc44\ub294 \ub300\uc720\uc704\ub2c8\uc544\uadf8\ub8f9 \uacc4\uc5f4\uc0ac\uc778 \ub300\uc720\ud50c\ub7ec\uc2a4\uac00 \uc0dd\uc0b0\ud558\ub294 \uc628\uc5f4\ub9e4\ud2b8 '\uc2ac\ub77c\uc784 DC \uce74\ubcf8\ub9e4\ud2b8' 400\uac1c\ub97c \uc6b8\uc9c4 \uad70\uccad\uc5d0 \uc804\ub2ec\ud588\ub2e4.\uc704\ub2c8\uc544\ub524\ucc44 \uad00\uacc4\uc790\ub294 \"\uac11\uc791\uc2a4\ub7ec\uc6b4 \uc0b0\ubd88\ub85c \uc5b4\ub824\uc6c0\uc744 \uacaa\uace0 \uc788\ub294 \ubd84\ub4e4\uaed8 \uc870\uae08\uc774\ub098\ub9c8 \ub3c4\uc6c0\uc774 \ub418\uace0\uc790 \uad6c\ud638 \ubb3c\ud488\uc744 \uc804\ub2ec\ud558\uac8c \ub410\ub2e4\"\uba70 \"\ud53c\ud574\uc8fc\ubbfc\ub4e4\uc774 \ud558\ub8e8 \ube68\ub9ac \uc77c\uc0c1\uc73c\ub85c \ub3cc\uc544\uac08 \uc218 \uc788\uae30\ub97c \uae30\uc6d0\ud558\uba70, \uc55e\uc73c\ub85c\ub3c4 \ub3c4\uc6c0\uc774 \ud544\uc694\ud55c \uacf3\uc5d0 \uc801\uadf9\uc801\uc778 \uc9c0\uc6d0\uc744 \ud574 \ub098\uac00\uaca0\ub2e4\"\uace0 \ub9d0\ud588\ub2e4.\n\n\n\n\uc704\ub2c8\uc544\ub524\ucc44\uac00 \uc6b8\uc9c4 \uc0b0\ubd88 \ud53c\ud574 \uc9c0\uc5ed\uc5d0 1\uc5b5 \uc6d0 \uc0c1\ub2f9\uc758 \uad6c\ud638 \ubb3c\ud488\uc744 \uc804\ub2ec\ud588\ub2e4. (\uc0ac\uc9c4=\uc704\ub2c8\uc544\ub524\ucc44)\n"}, {"market": "kospi", "sid": "000300", "codename": "\ub300\uc720\ud50c\ub7ec\uc2a4", "year": 2022, "month": 3, "article_url": "http://m.metroseoul.co.kr/article/20220311500037", "news_company": "\uba54\ud2b8\ub85c\uc2e0\ubb38", "title": "\uc704\ub2c8\uc544\ub524\ucc44, \uc6b8\uc9c4\uad70\uccad\uc5d0 1\uc5b5 \uc0c1\ub2f9 \uc628\uc5f4\ub9e4\ud2b8 \uc9c0\uc6d0\u2026\uc0b0\ubd88 \uc774\uc7ac\ubbfc\u00b7\uad6c\ud638\uc778\ub825 \uc9c0\uc6d0", "headline": null, "date_str": null, "writer": null, "section": null, "original_article_link": null, "article_body": null}, {"market": "kospi", "sid": "000300", "codename": "\ub300\uc720\ud50c\ub7ec\uc2a4", "year": 2022, "month": 3, "article_url": "http://www.paxetv.com/news/articleView.html?idxno=139784", "news_company": "\ud30d\uc2a4\uacbd\uc81cTV", "title": "\uc704\ub2c8\uc544\ub524\ucc44, \uc6b8\uc9c4 \uc0b0\ubd88 \ud53c\ud574 \uc9c0\uc5ed\uc5d0 1\uc5b5 \uc6d0 \uc0c1\ub2f9 \uad6c\ud638 \ubb3c\ud488 \uc804\ub2ec", "headline": null, "date_str": null, "writer": null, "section": null, "original_article_link": null, "article_body": null}, {"market": "kospi", "sid": "000300", "codename": "\ub300\uc720\ud50c\ub7ec\uc2a4", "year": 2022, "month": 3, "article_url": "https://m.news.naver.com/read?mode=LSD&mid=sec&sid1=101&oid=011&aid=0004028467", "news_company": "\uc11c\uc6b8\uacbd\uc81c", "title": "\uc704\ub2c8\uc544\ub524\ucc44, \u2018\uc6b8\uc9c4 \uc0b0\ubd88\u2019 \uc774\uc7ac\ubbfc \uc704\ud574 1\uc5b5\uc6d0\uc5b4\uce58 \uad6c\ud638\ubb3c\ud488 \uae30\uc99d", "headline": "\uc704\ub2c8\uc544\ub524\ucc44, \u2018\uc6b8\uc9c4 \uc0b0\ubd88\u2019 \uc774\uc7ac\ubbfc \uc704\ud574 1\uc5b5\uc6d0\uc5b4\uce58 \uad6c\ud638\ubb3c\ud488 \uae30\uc99d", "date_str": "2022.03.11. \uc624\uc804 10:19", "writer": "\uc774\uc218\ubbfc \uae30\uc790", "section": "\uacbd\uc81c", "original_article_link": "https://www.sedaily.com/NewsView/263DK2L5SV", "article_body": "\n\uc784\uc2dc \ub300\ud53c\uc18c \uc0dd\ud65c \uc911\uc778 \uc774\uc7ac\ubbfc \uc704\ud574 \uc628\uc5f4\ub9e4\ud2b8 \uc81c\uacf5\n\n\n\n\uc704\ub2c8\uc544\ub524\ucc44\uac00 \uc6b8\uc9c4\uad70 \uc0b0\ubd88 \uc774\uc7ac\ubbfc\uc744 \uc704\ud55c \uac00\uc804 \ub4f1 \ud604\ubb3c 1\uc5b5\uc6d0\uc5b4\uce58\ub97c \uae30\ubd80\ud588\ub2e4./\uc0ac\uc9c4\uc81c\uacf5=\uc704\ub2c8\uc544\ub524\ucc44[\uc11c\uc6b8\uacbd\uc81c] \ub300\uc720\uc704\ub2c8\uc544\uadf8\ub8f9\uc758 \uc704\ub2c8\uc544\ub524\ucc44\uac00 \uc6b8\uc9c4 \uc0b0\ubd88 \ud53c\ud574 \uc9c0\uc5ed\uc5d0 1\uc5b5 \uc6d0 \uc0c1\ub2f9\uc758 \uad6c\ud638 \ubb3c\ud488\uc744 \uc804\ub2ec\ud588\ub2e4.\uc704\ub2c8\uc544\ub524\ucc44\ub294 \ub300\uaddc\ubaa8 \uc0b0\ubd88\ub85c \uace0\ud1b5 \ubc1b\uace0 \uc788\ub294 \uc6b8\uc9c4\uad70 \uc774\uc7ac\ubbfc\uacfc \ud604\uc7a5 \uad6c\ud638 \uc778\ub825\ub4e4\uc744 \uc9c0\uc6d0\ud558\uae30 \uc704\ud574 \uad6c\ud638 \ubb3c\ud488\uc744 \uc804\ub2ec\ud588\ub2e4\uace0 11\uc77c \ubc1d\ud614\ub2e4. \uc704\ub2c8\uc544\ub524\ucc44\ub294 \ub300\uc720\uc704\ub2c8\uc544\uadf8\ub8f9 \uacc4\uc5f4\uc0ac\uc778 \ub300\uc720\ud50c\ub7ec\uc2a4\uac00 \uc0dd\uc0b0\ud558\uace0 \uc788\ub294 \u2018\uc2ac\ub77c\uc784 DC \uce74\ubcf8\ub9e4\ud2b8(\uc628\uc5f4\ub9e4\ud2b8)\u2019 400\uac1c\ub97c \uc6b8\uc9c4 \uad70\uccad\uc5d0 \uc804\ub2ec\ud588\ub2e4. \ud574\ub2f9 \uc81c\ud488\uc740 \uc300\uc300\ud55c \ub0a0\uc528 \uc784\uc2dc \ub300\ud53c\uc18c\uc5d0\uc11c \uc0dd\ud65c \uc911\uc778 \uc774\uc7ac\ubbfc\ub4e4\uc5d0\uac8c \ub530\ub73b\ud55c \uc7a0\uc790\ub9ac\ub97c \uc81c\uacf5\ud560 \uacc4\ud68d\uc774\ub2e4. \ub610\ud55c, \ud53c\ud574 \ubcf5\uad6c\ub97c \uc704\ud574 \ud798\uc4f0\uace0 \uc788\ub294 \ud604\uc7a5 \uad6c\ud638 \uc778\ub825\ub4e4\uc774 \uc7a0\uc2dc \ud734\uc2dd\uc744 \ucde8\ud558\ub294\ub370 \ub3c4\uc6c0\uc744 \uc904 \uc608\uc815\uc774\ub2e4. \uc704\ub2c8\uc544\ub524\ucc44 \uad00\uacc4\uc790\ub294 \u201c\uac11\uc791\uc2a4\ub7ec\uc6b4 \uc0b0\ubd88\ub85c \uc5b4\ub824\uc6c0\uc744 \uacaa\uace0 \uc788\ub294 \ubd84\ub4e4\uaed8 \uc870\uae08\uc774\ub098\ub9c8 \ub3c4\uc6c0\uc774 \ub418\uace0\uc790 \uad6c\ud638 \ubb3c\ud488\uc744 \uc804\ub2ec\ud558\uac8c \ub410\ub2e4\u201d\uba70 \u201c\ud53c\ud574\uc8fc\ubbfc\ub4e4\uc774 \ud558\ub8e8 \ube68\ub9ac \uc77c\uc0c1\uc73c\ub85c \ub3cc\uc544\uac08 \uc218 \uc788\uae30\ub97c \uae30\uc6d0\ud558\uba70, \uc55e\uc73c\ub85c\ub3c4 \uc704\ub2c8\uc544\ub524\ucc44\ub294 \ub3c4\uc6c0\uc774 \ud544\uc694\ud55c \uacf3\uc5d0 \uc801\uadf9\uc801\uc778 \uc9c0\uc6d0\uc744 \ud574 \ub098\uac08 \uac83\u201d\uc774\ub77c\uace0 \ub9d0\ud588\ub2e4. \ud55c\ud3b8, \uc704\ub2c8\uc544\ub524\ucc44\ub294 \uc7a5\ub9c8\ucca0 \uc9d1\uc911\ud638\uc6b0\ub098 \ud0dc\ud48d \ub4f1 \uc790\uc5f0 \uc7ac\ub09c\uc774 \ubc1c\uc0dd\ud558\uba74 \uae34\uae09 \uad6c\ud638 \ubb3c\ud488\uacfc \uc778\ub825\uc744 \uc9c0\uc6d0\ud558\uace0 \uac00\uc804\uc81c\ud488\uc758 \ubb34\uc0c1\uc218\ub9ac \uc11c\ube44\uc2a4\ub97c \uc81c\uacf5\ud574 \uc654\ub2e4.\n"}, {"market": "kospi", "sid": "000300", "codename": "\ub300\uc720\ud50c\ub7ec\uc2a4", "year": 2022, "month": 3, "article_url": "https://m.news.naver.com/read?mode=LSD&mid=sec&sid1=101&oid=008&aid=0004718671", "news_company": "\uba38\ub2c8\ud22c\ub370\uc774", "title": "\uc704\ub2c8\uc544\ub524\ucc44, \uc6b8\uc9c4 \uc0b0\ubd88 \ud53c\ud574 \uc9c0\uc5ed\uc5d0 1\uc5b5\uc6d0 \uc0c1\ub2f9\uc758 \uad6c\ud638 \ubb3c\ud488 \uc804\ub2ec", "headline": "\uc704\ub2c8\uc544\ub524\ucc44, \uc6b8\uc9c4 \uc0b0\ubd88 \ud53c\ud574 \uc9c0\uc5ed\uc5d0 1\uc5b5\uc6d0 \uc0c1\ub2f9\uc758 \uad6c\ud638 \ubb3c\ud488 \uc804\ub2ec", "date_str": "2022.03.11. \uc624\uc804 10:04", "writer": "\uad6c\ub2e8\ube44 \uae30\uc790", "section": "\uacbd\uc81c", "original_article_link": "http://news.mt.co.kr/mtview.php?no=2022031108183712570", "article_body": "\n\n\n\n\n\uc704\ub2c8\uc544\ub524\ucc44, \uc6b8\uc9c4 \uc0b0\ubd88 \ud53c\ud574\uc9c0\uc5ed\uc5d0 1\uc5b5 \uc6d0 \uc0c1\ub2f9\uc758 \uad6c\ud638 \ubb3c\ud488 \uc804\ub2ec./\uc0ac\uc9c4\uc81c\uacf5=\uc704\ub2c8\uc544\ub524\ucc44\ub300\uc720\uc704\ub2c8\uc544\uadf8\ub8f9\uc758 \uc704\ub2c8\uc544\ub524\ucc44\uac00 \uc6b8\uc9c4 \uc0b0\ubd88 \ud53c\ud574 \uc9c0\uc5ed\uc5d0 1\uc5b5\uc6d0 \uc0c1\ub2f9\uc758 \uad6c\ud638 \ubb3c\ud488\uc744 \uc804\ub2ec\ud588\ub2e4\uace0 11\uc77c \ubc1d\ud614\ub2e4. \uad6c\ud638 \ubb3c\ud488 \uc804\ub2ec\uc740 \ub300\uaddc\ubaa8 \uc0b0\ubd88\ub85c \uace0\ud1b5 \ubc1b\uace0 \uc788\ub294 \uc6b8\uc9c4\uad70 \uc774\uc7ac\ubbfc\uacfc \ud604\uc7a5 \uad6c\ud638 \uc778\ub825\ub4e4\uc744 \uc9c0\uc6d0\ud558\uae30 \uc704\ud574 \uae30\ud68d\ub410\ub2e4. \uc704\ub2c8\uc544\ub524\ucc44\ub294 \ub300\uc720\uc704\ub2c8\uc544\uadf8\ub8f9 \uacc4\uc5f4\uc0ac\uc778 \ub300\uc720\ud50c\ub7ec\uc2a4\uac00 \uc0dd\uc0b0\ud558\uace0 \uc788\ub294 '\uc2ac\ub77c\uc784 DC \uce74\ubcf8\ub9e4\ud2b8(\uc628\uc5f4\ub9e4\ud2b8)' 400\uac1c\ub97c \uc6b8\uc9c4 \uad70\uccad\uc5d0 \uc804\ub2ec\ud588\ub2e4.  \uc704\ub2c8\uc544\ub524\ucc44 \uad00\uacc4\uc790\ub294 \"\uac11\uc791\uc2a4\ub7ec\uc6b4 \uc0b0\ubd88\ub85c \uc5b4\ub824\uc6c0\uc744 \uacaa\uace0 \uc788\ub294 \ubd84\ub4e4\uaed8 \uc870\uae08\uc774\ub098\ub9c8 \ub3c4\uc6c0\uc774 \ub418\uace0\uc790 \uad6c\ud638 \ubb3c\ud488\uc744 \uc804\ub2ec\ud558\uac8c \ub410\ub2e4\"\uba70 \"\ud53c\ud574\uc8fc\ubbfc\ub4e4\uc774 \ud558\ub8e8 \ube68\ub9ac \uc77c\uc0c1\uc73c\ub85c \ub3cc\uc544\uac08 \uc218 \uc788\uae30\ub97c \uae30\uc6d0\ud558\uba70 \uc55e\uc73c\ub85c\ub3c4 \uc704\ub2c8\uc544\ub524\ucc44\ub294 \ub3c4\uc6c0\uc774 \ud544\uc694\ud55c \uacf3\uc5d0 \uc801\uadf9\uc801\uc778 \uc9c0\uc6d0\uc744 \ud574 \ub098\uac08 \uac83\"\uc774\ub77c\uace0 \ub9d0\ud588\ub2e4.\n"}, {"market": "kospi", "sid": "000300", "codename": "\ub300\uc720\ud50c\ub7ec\uc2a4", "year": 2022, "month": 3, "article_url": "http://www.womentimes.co.kr/news/articleView.html?idxno=55626", "news_company": "\uc6b0\uba3c\ud0c0\uc784\uc2a4", "title": "\uc720\ud1b5\uc5c5\uacc4, \uc0b0\ubd88 \ud53c\ud574 \uc9c0\uc5ed\uc5d0 \uc9c0\uc6d0 \ub9b4\ub808\uc774", "headline": null, "date_str": null, "writer": null, "section": null, "original_article_link": null, "article_body": null}, {"market": "kospi", "sid": "000300", "codename": "\ub300\uc720\ud50c\ub7ec\uc2a4", "year": 2022, "month": 3, "article_url": "https://m.news.naver.com/read?mode=LSD&mid=sec&sid1=101&oid=016&aid=0001962425", "news_company": "\ud5e4\ub7f4\ub4dc\uacbd\uc81c", "title": "\uc704\ub2c8\uc544\ub524\ucc44, \uc6b8\uc9c4 \uc0b0\ubd88 \ud53c\ud574 \uc9c0\uc5ed\uc5d0 \ub9e4\ud2b8 400\uc7a5 \uad6c\ud638\ubb3c\ud488 \uc804\ub2ec", "headline": "\uc704\ub2c8\uc544\ub524\ucc44, \uc6b8\uc9c4 \uc0b0\ubd88 \ud53c\ud574 \uc9c0\uc5ed\uc5d0 \ub9e4\ud2b8 400\uc7a5 \uad6c\ud638\ubb3c\ud488 \uc804\ub2ec", "date_str": "2022.03.11. \uc624\uc804 9:49", "writer": "\ubb38\uc601\uaddc \uae30\uc790", "section": "\uacbd\uc81c", "original_article_link": "http://news.heraldcorp.com/view.php?ud=20220311000144", "article_body": "\n\n\n\n\n\uc704\ub2c8\uc544\ub524\ucc44\uac00 \uc6b8\uc9c4 \uc0b0\ubd88 \ud53c\ud574 \uc9c0\uc5ed\uc5d0 \uc628\uc5f4\ub9e4\ud2b8 400\uc7a5 \ub4f1 1\uc5b5\uc6d0 \uc0c1\ub2f9\uc758 \uad6c\ud638\ubb3c\ud488\uc744 11\uc77c \uc804\ub2ec\ud588\ub2e4. [\uc704\ub2c8\uc544\ub524\ucc44 \uc81c\uacf5][\ud5e4\ub7f4\ub4dc\uacbd\uc81c=\ubb38\uc601\uaddc \uae30\uc790] \ub300\uc720\uc704\ub2c8\uc544\uadf8\ub8f9\uc758 \uc704\ub2c8\uc544\ub524\ucc44\uac00 \uc6b8\uc9c4 \uc0b0\ubd88 \ud53c\ud574 \uc9c0\uc5ed\uc5d0 \uc628\uc5f4\ub9e4\ud2b8 400\uc7a5 \ub4f1 1\uc5b5\uc6d0 \uc0c1\ub2f9\uc758 \uad6c\ud638\ubb3c\ud488\uc744 \uc804\ub2ec\ud588\ub2e4\uace0 11\uc77c \ubc1d\ud614\ub2e4.\uc704\ub2c8\uc544\ub524\ucc44\ub294 \ub300\uc720\uc704\ub2c8\uc544\uadf8\ub8f9 \uacc4\uc5f4\uc0ac\uc778 \ub300\uc720\ud50c\ub7ec\uc2a4\uac00 \uc0dd\uc0b0\ud558\uace0 \uc788\ub294 \u2018\uc2ac\ub77c\uc784 DC \uce74\ubcf8\ub9e4\ud2b8(\uc628\uc5f4\ub9e4\ud2b8)\u2019 400\uac1c\ub97c \uc6b8\uc9c4 \uad70\uccad\uc5d0 \uc804\ub2ec\ud588\ub2e4.\uc774 \ub9e4\ud2b8\ub294 \uc784\uc2dc \ub300\ud53c\uc18c\uc5d0\uc11c \uc0dd\ud65c \uc911\uc778 \uc774\uc7ac\ubbfc\ub4e4\uacfc \ud53c\ud574 \ubcf5\uad6c\ub97c \uc704\ud574 \ud798\uc4f0\uace0 \uc788\ub294 \ud604\uc7a5 \uad6c\ud638 \uc778\ub825\ub4e4\uc5d0\uac8c \uc81c\uacf5\ub420 \uc608\uc815\uc774\ub2e4.\uc704\ub2c8\uc544\ub524\ucc44\ub294 \uae30\uc5c5\uc758 \uc0ac\ud68c\uc801 \ucc45\uc784\uc744 \ub2e4\ud558\uae30 \uc704\ud574 \uc7a5\ub9c8\ucca0 \uc9d1\uc911\ud638\uc6b0\ub098 \ud0dc\ud48d \ub4f1 \uc790\uc5f0 \uc7ac\ub09c\uc774 \ubc1c\uc0dd\ud558\uba74 \uae34\uae09 \uad6c\ud638 \ubb3c\ud488\uacfc \uc778\ub825\uc744 \uc9c0\uc6d0\ud558\uace0 \uac00\uc804\uc81c\ud488\uc758 \ubb34\uc0c1\uc218\ub9ac\uc5d0 \ub098\uc11c\uace0 \uc788\ub2e4.\uc704\ub2c8\uc544\ub524\ucc44 \uad00\uacc4\uc790\ub294 \u201c\uac11\uc791\uc2a4\ub7ec\uc6b4 \uc0b0\ubd88\ub85c \uc5b4\ub824\uc6c0\uc744 \uacaa\uace0 \uc788\ub294 \ubd84\ub4e4\uaed8 \uc870\uae08\uc774\ub098\ub9c8 \ub3c4\uc6c0\uc774 \ub418\uace0\uc790 \uad6c\ud638 \ubb3c\ud488\uc744 \uc804\ub2ec\ud558\uac8c \ub410\ub2e4\u201d\uba70 \u201c\ud53c\ud574\uc8fc\ubbfc\ub4e4\uc774 \ud558\ub8e8 \ube68\ub9ac \uc77c\uc0c1\uc73c\ub85c \ub3cc\uc544\uac08 \uc218 \uc788\uae30\ub97c \uae30\uc6d0\ud558\uace0 \uc55e\uc73c\ub85c\ub3c4 \uc704\ub2c8\uc544\ub524\ucc44\ub294 \ub3c4\uc6c0\uc774 \ud544\uc694\ud55c \uacf3\uc5d0 \uc801\uadf9\uc801\uc778 \uc9c0\uc6d0\uc744 \ud574 \ub098\uac08 \uac83\u201d\uc774\ub77c\uace0 \ub9d0\ud588\ub2e4.\n"}, {"market": "kospi", "sid": "000300", "codename": "\ub300\uc720\ud50c\ub7ec\uc2a4", "year": 2022, "month": 3, "article_url": "https://m.news.naver.com/read?mode=LSD&mid=sec&sid1=105&oid=629&aid=0000137068", "news_company": "\ub354\ud329\ud2b8", "title": "\uc704\ub2c8\uc544\ub524\ucc44, \uc6b8\uc9c4 \uc0b0\ubd88 \ud53c\ud574 \uc9c0\uc5ed\uc5d0 1\uc5b5 \uc6d0 \uc0c1\ub2f9 \uad6c\ud638 \ubb3c\ud488 \uc804\ub2ec", "headline": "\uc704\ub2c8\uc544\ub524\ucc44, \uc6b8\uc9c4 \uc0b0\ubd88 \ud53c\ud574 \uc9c0\uc5ed\uc5d0 1\uc5b5 \uc6d0 \uc0c1\ub2f9 \uad6c\ud638 \ubb3c\ud488 \uc804\ub2ec", "date_str": "2022.03.11. \uc624\uc804 9:49", "writer": "\ud55c\uc608\uc8fc \uae30\uc790", "section": "IT", "original_article_link": "http://news.tf.co.kr/read/economy/1923869.htm", "article_body": "\n\ub300\uc720\ud50c\ub7ec\uc2a4\uc758 '\uc2ac\ub77c\uc784 DC \uce74\ubcf8\ub9e4\ud2b8' 400\uc7a5 \uae30\ubd80\n\n\n\n\uc704\ub2c8\uc544\ub524\ucc44\uac00 \uc6b8\uc9c4 \uc0b0\ubd88 \ud53c\ud574\uc9c0\uc5ed\uc5d0 1\uc5b5 \uc6d0 \uc0c1\ub2f9\uc758 \uad6c\ud638 \ubb3c\ud488 \uc804\ub2ec\ud588\ub2e4. /\uc704\ub2c8\uc544\ub524\ucc44 \uc81c\uacf5\uc704\ub2c8\uc544\ub524\ucc44\uac00 \uc6b8\uc9c4 \uc0b0\ubd88 \ud53c\ud574 \uc9c0\uc5ed\uc5d0 1\uc5b5 \uc6d0 \uc0c1\ub2f9\uc758 \uad6c\ud638 \ubb3c\ud488\uc744 \uc804\ub2ec\ud588\ub2e4\uace0 11\uc77c \ubc1d\ud614\ub2e4.\uc774\ubc88 \uad6c\ud638 \ubb3c\ud488 \uc804\ub2ec\uc740 \ub300\uaddc\ubaa8 \uc0b0\ubd88\ub85c \uace0\ud1b5 \ubc1b\uace0 \uc788\ub294 \uc6b8\uc9c4\uad70 \uc774\uc7ac\ubbfc\uacfc \ud604\uc7a5 \uad6c\ud638 \uc778\ub825\ub4e4\uc744 \uc9c0\uc6d0\ud558\uae30 \uc704\ud574 \uae30\ud68d\ub410\ub2e4.\uc704\ub2c8\uc544\ub524\ucc44\ub294 \ub300\uc720\uc704\ub2c8\uc544\uadf8\ub8f9 \uacc4\uc5f4\uc0ac\uc778 \ub300\uc720\ud50c\ub7ec\uc2a4\uac00 \uc0dd\uc0b0\ud558\uace0 \uc788\ub294 '\uc2ac\ub77c\uc784 DC \uce74\ubcf8\ub9e4\ud2b8(\uc628\uc5f4\ub9e4\ud2b8)' 400\uac1c\ub97c \uc6b8\uc9c4 \uad70\uccad\uc5d0 \uc804\ub2ec\ud588\ub2e4. \ud574\ub2f9 \uc81c\ud488\uc740 \uc300\uc300\ud55c \ub0a0\uc528 \uc784\uc2dc \ub300\ud53c\uc18c\uc5d0\uc11c \uc0dd\ud65c \uc911\uc778 \uc774\uc7ac\ubbfc\ub4e4\uc5d0\uac8c \ub530\ub73b\ud55c \uc7a0\uc790\ub9ac\ub97c \uc81c\uacf5\ud560 \uacc4\ud68d\uc774\ub2e4. \ub610\ud55c \ud53c\ud574 \ubcf5\uad6c\ub97c \uc704\ud574 \ud798\uc4f0\uace0 \uc788\ub294 \ud604\uc7a5 \uad6c\ud638 \uc778\ub825\ub4e4\uc774 \uc7a0\uc2dc \ud734\uc2dd\uc744 \ucde8\ud558\ub294\ub370 \ub3c4\uc6c0\uc744 \uc904 \uc608\uc815\uc774\ub2e4.\uc704\ub2c8\uc544\ub524\ucc44 \uad00\uacc4\uc790\ub294 \"\uac11\uc791\uc2a4\ub7ec\uc6b4 \uc0b0\ubd88\ub85c \uc5b4\ub824\uc6c0\uc744 \uacaa\uace0 \uc788\ub294 \ubd84\ub4e4\uaed8 \uc870\uae08\uc774\ub098\ub9c8 \ub3c4\uc6c0\uc774 \ub418\uace0\uc790 \uad6c\ud638 \ubb3c\ud488\uc744 \uc804\ub2ec\ud558\uac8c \ub410\ub2e4\"\uba74\uc11c \"\ud53c\ud574\uc8fc\ubbfc\ub4e4\uc774 \ud558\ub8e8 \ube68\ub9ac \uc77c\uc0c1\uc73c\ub85c \ub3cc\uc544\uac08 \uc218 \uc788\uae30\ub97c \uae30\uc6d0\ud558\uba70, \uc55e\uc73c\ub85c\ub3c4 \uc704\ub2c8\uc544\ub524\ucc44\ub294 \ub3c4\uc6c0\uc774 \ud544\uc694\ud55c \uacf3\uc5d0 \uc801\uadf9\uc801\uc778 \uc9c0\uc6d0\uc744 \ud574 \ub098\uac08 \uac83\"\uc774\ub77c\uace0 \ub9d0\ud588\ub2e4.\ubc1c\ub85c \ub6f0\ub294 \ub354\ud329\ud2b8\ub294 24\uc2dc\uac04 \uc5ec\ub7ec\ubd84\uc758 \uc81c\ubcf4\ub97c \uae30\ub2e4\ub9bd\ub2c8\ub2e4.\u25b6\uce74\uce74\uc624\ud1a1: '\ub354\ud329\ud2b8\uc81c\ubcf4' \uac80\uc0c9\u25b6\uc774\uba54\uc77c: jebo@tf.co.kr\u25b6\ub274\uc2a4 \ud648\ud398\uc774\uc9c0: http://talk.tf.co.kr/bbs/report/write\n"}, {"market": "kospi", "sid": "000300", "codename": "\ub300\uc720\ud50c\ub7ec\uc2a4", "year": 2022, "month": 3, "article_url": "http://m.smartfn.co.kr/view.php?ud=2022031109275824636f7f0ff274_46", "news_company": "\uc2a4\ub9c8\ud2b8\uc5d0\ud504\uc5d4", "title": "\uc704\ub2c8\uc544\ub524\ucc44, \uc6b8\uc9c4 \uc0b0\ubd88 \ud53c\ud574\uc9c0\uc5ed\uc5d0 1\uc5b5\uc6d0 \uc0c1\ub2f9 \uad6c\ud638 \ubb3c\ud488 \uc804\ub2ec", "headline": null, "date_str": null, "writer": null, "section": null, "original_article_link": null, "article_body": null}, {"market": "kospi", "sid": "000300", "codename": "\ub300\uc720\ud50c\ub7ec\uc2a4", "year": 2022, "month": 3, "article_url": "https://m.news.naver.com/read?mode=LSD&mid=sec&sid1=101&oid=008&aid=0004718671", "news_company": "\uba38\ub2c8\ud22c\ub370\uc774", "title": "\uc704\ub2c8\uc544\ub524\ucc44, \uc6b8\uc9c4 \uc0b0\ubd88 \ud53c\ud574 \uc9c0\uc5ed\uc5d0 1\uc5b5\uc6d0 \uc0c1\ub2f9\uc758 \uad6c\ud638 \ubb3c\ud488 \uc804\ub2ec", "headline": "\uc704\ub2c8\uc544\ub524\ucc44, \uc6b8\uc9c4 \uc0b0\ubd88 \ud53c\ud574 \uc9c0\uc5ed\uc5d0 1\uc5b5\uc6d0 \uc0c1\ub2f9\uc758 \uad6c\ud638 \ubb3c\ud488 \uc804\ub2ec", "date_str": "2022.03.11. \uc624\uc804 10:04", "writer": "\uad6c\ub2e8\ube44 \uae30\uc790", "section": "\uacbd\uc81c", "original_article_link": "http://news.mt.co.kr/mtview.php?no=2022031108183712570", "article_body": "\n\n\n\n\n\uc704\ub2c8\uc544\ub524\ucc44, \uc6b8\uc9c4 \uc0b0\ubd88 \ud53c\ud574\uc9c0\uc5ed\uc5d0 1\uc5b5 \uc6d0 \uc0c1\ub2f9\uc758 \uad6c\ud638 \ubb3c\ud488 \uc804\ub2ec./\uc0ac\uc9c4\uc81c\uacf5=\uc704\ub2c8\uc544\ub524\ucc44\ub300\uc720\uc704\ub2c8\uc544\uadf8\ub8f9\uc758 \uc704\ub2c8\uc544\ub524\ucc44\uac00 \uc6b8\uc9c4 \uc0b0\ubd88 \ud53c\ud574 \uc9c0\uc5ed\uc5d0 1\uc5b5\uc6d0 \uc0c1\ub2f9\uc758 \uad6c\ud638 \ubb3c\ud488\uc744 \uc804\ub2ec\ud588\ub2e4\uace0 11\uc77c \ubc1d\ud614\ub2e4. \uad6c\ud638 \ubb3c\ud488 \uc804\ub2ec\uc740 \ub300\uaddc\ubaa8 \uc0b0\ubd88\ub85c \uace0\ud1b5 \ubc1b\uace0 \uc788\ub294 \uc6b8\uc9c4\uad70 \uc774\uc7ac\ubbfc\uacfc \ud604\uc7a5 \uad6c\ud638 \uc778\ub825\ub4e4\uc744 \uc9c0\uc6d0\ud558\uae30 \uc704\ud574 \uae30\ud68d\ub410\ub2e4. \uc704\ub2c8\uc544\ub524\ucc44\ub294 \ub300\uc720\uc704\ub2c8\uc544\uadf8\ub8f9 \uacc4\uc5f4\uc0ac\uc778 \ub300\uc720\ud50c\ub7ec\uc2a4\uac00 \uc0dd\uc0b0\ud558\uace0 \uc788\ub294 '\uc2ac\ub77c\uc784 DC \uce74\ubcf8\ub9e4\ud2b8(\uc628\uc5f4\ub9e4\ud2b8)' 400\uac1c\ub97c \uc6b8\uc9c4 \uad70\uccad\uc5d0 \uc804\ub2ec\ud588\ub2e4.  \uc704\ub2c8\uc544\ub524\ucc44 \uad00\uacc4\uc790\ub294 \"\uac11\uc791\uc2a4\ub7ec\uc6b4 \uc0b0\ubd88\ub85c \uc5b4\ub824\uc6c0\uc744 \uacaa\uace0 \uc788\ub294 \ubd84\ub4e4\uaed8 \uc870\uae08\uc774\ub098\ub9c8 \ub3c4\uc6c0\uc774 \ub418\uace0\uc790 \uad6c\ud638 \ubb3c\ud488\uc744 \uc804\ub2ec\ud558\uac8c \ub410\ub2e4\"\uba70 \"\ud53c\ud574\uc8fc\ubbfc\ub4e4\uc774 \ud558\ub8e8 \ube68\ub9ac \uc77c\uc0c1\uc73c\ub85c \ub3cc\uc544\uac08 \uc218 \uc788\uae30\ub97c \uae30\uc6d0\ud558\uba70 \uc55e\uc73c\ub85c\ub3c4 \uc704\ub2c8\uc544\ub524\ucc44\ub294 \ub3c4\uc6c0\uc774 \ud544\uc694\ud55c \uacf3\uc5d0 \uc801\uadf9\uc801\uc778 \uc9c0\uc6d0\uc744 \ud574 \ub098\uac08 \uac83\"\uc774\ub77c\uace0 \ub9d0\ud588\ub2e4.\n"}, {"market": "kospi", "sid": "000300", "codename": "\ub300\uc720\ud50c\ub7ec\uc2a4", "year": 2022, "month": 3, "article_url": "http://www.womentimes.co.kr/news/articleView.html?idxno=55626", "news_company": "\uc6b0\uba3c\ud0c0\uc784\uc2a4", "title": "\uc720\ud1b5\uc5c5\uacc4, \uc0b0\ubd88 \ud53c\ud574 \uc9c0\uc5ed\uc5d0 \uc9c0\uc6d0 \ub9b4\ub808\uc774", "headline": null, "date_str": null, "writer": null, "section": null, "original_article_link": null, "article_body": null}, {"market": "kospi", "sid": "000300", "codename": "\ub300\uc720\ud50c\ub7ec\uc2a4", "year": 2022, "month": 3, "article_url": "https://m.news.naver.com/read?mode=LSD&mid=sec&sid1=101&oid=016&aid=0001962425", "news_company": "\ud5e4\ub7f4\ub4dc\uacbd\uc81c", "title": "\uc704\ub2c8\uc544\ub524\ucc44, \uc6b8\uc9c4 \uc0b0\ubd88 \ud53c\ud574 \uc9c0\uc5ed\uc5d0 \ub9e4\ud2b8 400\uc7a5 \uad6c\ud638\ubb3c\ud488 \uc804\ub2ec", "headline": "\uc704\ub2c8\uc544\ub524\ucc44, \uc6b8\uc9c4 \uc0b0\ubd88 \ud53c\ud574 \uc9c0\uc5ed\uc5d0 \ub9e4\ud2b8 400\uc7a5 \uad6c\ud638\ubb3c\ud488 \uc804\ub2ec", "date_str": "2022.03.11. \uc624\uc804 9:49", "writer": "\ubb38\uc601\uaddc \uae30\uc790", "section": "\uacbd\uc81c", "original_article_link": "http://news.heraldcorp.com/view.php?ud=20220311000144", "article_body": "\n\n\n\n\n\uc704\ub2c8\uc544\ub524\ucc44\uac00 \uc6b8\uc9c4 \uc0b0\ubd88 \ud53c\ud574 \uc9c0\uc5ed\uc5d0 \uc628\uc5f4\ub9e4\ud2b8 400\uc7a5 \ub4f1 1\uc5b5\uc6d0 \uc0c1\ub2f9\uc758 \uad6c\ud638\ubb3c\ud488\uc744 11\uc77c \uc804\ub2ec\ud588\ub2e4. [\uc704\ub2c8\uc544\ub524\ucc44 \uc81c\uacf5][\ud5e4\ub7f4\ub4dc\uacbd\uc81c=\ubb38\uc601\uaddc \uae30\uc790] \ub300\uc720\uc704\ub2c8\uc544\uadf8\ub8f9\uc758 \uc704\ub2c8\uc544\ub524\ucc44\uac00 \uc6b8\uc9c4 \uc0b0\ubd88 \ud53c\ud574 \uc9c0\uc5ed\uc5d0 \uc628\uc5f4\ub9e4\ud2b8 400\uc7a5 \ub4f1 1\uc5b5\uc6d0 \uc0c1\ub2f9\uc758 \uad6c\ud638\ubb3c\ud488\uc744 \uc804\ub2ec\ud588\ub2e4\uace0 11\uc77c \ubc1d\ud614\ub2e4.\uc704\ub2c8\uc544\ub524\ucc44\ub294 \ub300\uc720\uc704\ub2c8\uc544\uadf8\ub8f9 \uacc4\uc5f4\uc0ac\uc778 \ub300\uc720\ud50c\ub7ec\uc2a4\uac00 \uc0dd\uc0b0\ud558\uace0 \uc788\ub294 \u2018\uc2ac\ub77c\uc784 DC \uce74\ubcf8\ub9e4\ud2b8(\uc628\uc5f4\ub9e4\ud2b8)\u2019 400\uac1c\ub97c \uc6b8\uc9c4 \uad70\uccad\uc5d0 \uc804\ub2ec\ud588\ub2e4.\uc774 \ub9e4\ud2b8\ub294 \uc784\uc2dc \ub300\ud53c\uc18c\uc5d0\uc11c \uc0dd\ud65c \uc911\uc778 \uc774\uc7ac\ubbfc\ub4e4\uacfc \ud53c\ud574 \ubcf5\uad6c\ub97c \uc704\ud574 \ud798\uc4f0\uace0 \uc788\ub294 \ud604\uc7a5 \uad6c\ud638 \uc778\ub825\ub4e4\uc5d0\uac8c \uc81c\uacf5\ub420 \uc608\uc815\uc774\ub2e4.\uc704\ub2c8\uc544\ub524\ucc44\ub294 \uae30\uc5c5\uc758 \uc0ac\ud68c\uc801 \ucc45\uc784\uc744 \ub2e4\ud558\uae30 \uc704\ud574 \uc7a5\ub9c8\ucca0 \uc9d1\uc911\ud638\uc6b0\ub098 \ud0dc\ud48d \ub4f1 \uc790\uc5f0 \uc7ac\ub09c\uc774 \ubc1c\uc0dd\ud558\uba74 \uae34\uae09 \uad6c\ud638 \ubb3c\ud488\uacfc \uc778\ub825\uc744 \uc9c0\uc6d0\ud558\uace0 \uac00\uc804\uc81c\ud488\uc758 \ubb34\uc0c1\uc218\ub9ac\uc5d0 \ub098\uc11c\uace0 \uc788\ub2e4.\uc704\ub2c8\uc544\ub524\ucc44 \uad00\uacc4\uc790\ub294 \u201c\uac11\uc791\uc2a4\ub7ec\uc6b4 \uc0b0\ubd88\ub85c \uc5b4\ub824\uc6c0\uc744 \uacaa\uace0 \uc788\ub294 \ubd84\ub4e4\uaed8 \uc870\uae08\uc774\ub098\ub9c8 \ub3c4\uc6c0\uc774 \ub418\uace0\uc790 \uad6c\ud638 \ubb3c\ud488\uc744 \uc804\ub2ec\ud558\uac8c \ub410\ub2e4\u201d\uba70 \u201c\ud53c\ud574\uc8fc\ubbfc\ub4e4\uc774 \ud558\ub8e8 \ube68\ub9ac \uc77c\uc0c1\uc73c\ub85c \ub3cc\uc544\uac08 \uc218 \uc788\uae30\ub97c \uae30\uc6d0\ud558\uace0 \uc55e\uc73c\ub85c\ub3c4 \uc704\ub2c8\uc544\ub524\ucc44\ub294 \ub3c4\uc6c0\uc774 \ud544\uc694\ud55c \uacf3\uc5d0 \uc801\uadf9\uc801\uc778 \uc9c0\uc6d0\uc744 \ud574 \ub098\uac08 \uac83\u201d\uc774\ub77c\uace0 \ub9d0\ud588\ub2e4.\n"}, {"market": "kospi", "sid": "000300", "codename": "\ub300\uc720\ud50c\ub7ec\uc2a4", "year": 2022, "month": 3, "article_url": "https://m.news.naver.com/read?mode=LSD&mid=sec&sid1=105&oid=629&aid=0000137068", "news_company": "\ub354\ud329\ud2b8", "title": "\uc704\ub2c8\uc544\ub524\ucc44, \uc6b8\uc9c4 \uc0b0\ubd88 \ud53c\ud574 \uc9c0\uc5ed\uc5d0 1\uc5b5 \uc6d0 \uc0c1\ub2f9 \uad6c\ud638 \ubb3c\ud488 \uc804\ub2ec", "headline": "\uc704\ub2c8\uc544\ub524\ucc44, \uc6b8\uc9c4 \uc0b0\ubd88 \ud53c\ud574 \uc9c0\uc5ed\uc5d0 1\uc5b5 \uc6d0 \uc0c1\ub2f9 \uad6c\ud638 \ubb3c\ud488 \uc804\ub2ec", "date_str": "2022.03.11. \uc624\uc804 9:49", "writer": "\ud55c\uc608\uc8fc \uae30\uc790", "section": "IT", "original_article_link": "http://news.tf.co.kr/read/economy/1923869.htm", "article_body": "\n\ub300\uc720\ud50c\ub7ec\uc2a4\uc758 '\uc2ac\ub77c\uc784 DC \uce74\ubcf8\ub9e4\ud2b8' 400\uc7a5 \uae30\ubd80\n\n\n\n\uc704\ub2c8\uc544\ub524\ucc44\uac00 \uc6b8\uc9c4 \uc0b0\ubd88 \ud53c\ud574\uc9c0\uc5ed\uc5d0 1\uc5b5 \uc6d0 \uc0c1\ub2f9\uc758 \uad6c\ud638 \ubb3c\ud488 \uc804\ub2ec\ud588\ub2e4. /\uc704\ub2c8\uc544\ub524\ucc44 \uc81c\uacf5\uc704\ub2c8\uc544\ub524\ucc44\uac00 \uc6b8\uc9c4 \uc0b0\ubd88 \ud53c\ud574 \uc9c0\uc5ed\uc5d0 1\uc5b5 \uc6d0 \uc0c1\ub2f9\uc758 \uad6c\ud638 \ubb3c\ud488\uc744 \uc804\ub2ec\ud588\ub2e4\uace0 11\uc77c \ubc1d\ud614\ub2e4.\uc774\ubc88 \uad6c\ud638 \ubb3c\ud488 \uc804\ub2ec\uc740 \ub300\uaddc\ubaa8 \uc0b0\ubd88\ub85c \uace0\ud1b5 \ubc1b\uace0 \uc788\ub294 \uc6b8\uc9c4\uad70 \uc774\uc7ac\ubbfc\uacfc \ud604\uc7a5 \uad6c\ud638 \uc778\ub825\ub4e4\uc744 \uc9c0\uc6d0\ud558\uae30 \uc704\ud574 \uae30\ud68d\ub410\ub2e4.\uc704\ub2c8\uc544\ub524\ucc44\ub294 \ub300\uc720\uc704\ub2c8\uc544\uadf8\ub8f9 \uacc4\uc5f4\uc0ac\uc778 \ub300\uc720\ud50c\ub7ec\uc2a4\uac00 \uc0dd\uc0b0\ud558\uace0 \uc788\ub294 '\uc2ac\ub77c\uc784 DC \uce74\ubcf8\ub9e4\ud2b8(\uc628\uc5f4\ub9e4\ud2b8)' 400\uac1c\ub97c \uc6b8\uc9c4 \uad70\uccad\uc5d0 \uc804\ub2ec\ud588\ub2e4. \ud574\ub2f9 \uc81c\ud488\uc740 \uc300\uc300\ud55c \ub0a0\uc528 \uc784\uc2dc \ub300\ud53c\uc18c\uc5d0\uc11c \uc0dd\ud65c \uc911\uc778 \uc774\uc7ac\ubbfc\ub4e4\uc5d0\uac8c \ub530\ub73b\ud55c \uc7a0\uc790\ub9ac\ub97c \uc81c\uacf5\ud560 \uacc4\ud68d\uc774\ub2e4. \ub610\ud55c \ud53c\ud574 \ubcf5\uad6c\ub97c \uc704\ud574 \ud798\uc4f0\uace0 \uc788\ub294 \ud604\uc7a5 \uad6c\ud638 \uc778\ub825\ub4e4\uc774 \uc7a0\uc2dc \ud734\uc2dd\uc744 \ucde8\ud558\ub294\ub370 \ub3c4\uc6c0\uc744 \uc904 \uc608\uc815\uc774\ub2e4.\uc704\ub2c8\uc544\ub524\ucc44 \uad00\uacc4\uc790\ub294 \"\uac11\uc791\uc2a4\ub7ec\uc6b4 \uc0b0\ubd88\ub85c \uc5b4\ub824\uc6c0\uc744 \uacaa\uace0 \uc788\ub294 \ubd84\ub4e4\uaed8 \uc870\uae08\uc774\ub098\ub9c8 \ub3c4\uc6c0\uc774 \ub418\uace0\uc790 \uad6c\ud638 \ubb3c\ud488\uc744 \uc804\ub2ec\ud558\uac8c \ub410\ub2e4\"\uba74\uc11c \"\ud53c\ud574\uc8fc\ubbfc\ub4e4\uc774 \ud558\ub8e8 \ube68\ub9ac \uc77c\uc0c1\uc73c\ub85c \ub3cc\uc544\uac08 \uc218 \uc788\uae30\ub97c \uae30\uc6d0\ud558\uba70, \uc55e\uc73c\ub85c\ub3c4 \uc704\ub2c8\uc544\ub524\ucc44\ub294 \ub3c4\uc6c0\uc774 \ud544\uc694\ud55c \uacf3\uc5d0 \uc801\uadf9\uc801\uc778 \uc9c0\uc6d0\uc744 \ud574 \ub098\uac08 \uac83\"\uc774\ub77c\uace0 \ub9d0\ud588\ub2e4.\ubc1c\ub85c \ub6f0\ub294 \ub354\ud329\ud2b8\ub294 24\uc2dc\uac04 \uc5ec\ub7ec\ubd84\uc758 \uc81c\ubcf4\ub97c \uae30\ub2e4\ub9bd\ub2c8\ub2e4.\u25b6\uce74\uce74\uc624\ud1a1: '\ub354\ud329\ud2b8\uc81c\ubcf4' \uac80\uc0c9\u25b6\uc774\uba54\uc77c: jebo@tf.co.kr\u25b6\ub274\uc2a4 \ud648\ud398\uc774\uc9c0: http://talk.tf.co.kr/bbs/report/write\n"}, {"market": "kospi", "sid": "000300", "codename": "\ub300\uc720\ud50c\ub7ec\uc2a4", "year": 2022, "month": 3, "article_url": "http://m.smartfn.co.kr/view.php?ud=2022031109275824636f7f0ff274_46", "news_company": "\uc2a4\ub9c8\ud2b8\uc5d0\ud504\uc5d4", "title": "\uc704\ub2c8\uc544\ub524\ucc44, \uc6b8\uc9c4 \uc0b0\ubd88 \ud53c\ud574\uc9c0\uc5ed\uc5d0 1\uc5b5\uc6d0 \uc0c1\ub2f9 \uad6c\ud638 \ubb3c\ud488 \uc804\ub2ec", "headline": null, "date_str": null, "writer": null, "section": null, "original_article_link": null, "article_body": null}, {"market": "kospi", "sid": "000300", "codename": "\ub300\uc720\ud50c\ub7ec\uc2a4", "year": 2022, "month": 3, "article_url": "https://m.news.naver.com/read?mode=LSD&mid=sec&sid1=101&oid=119&aid=0002584240", "news_company": "\ub370\uc77c\ub9ac\uc548", "title": "\uc704\ub2c8\uc544\ub524\ucc44, \uc6b8\uc9c4 \uc0b0\ubd88 \ud53c\ud574 \uc9c0\uc5ed\uc5d0 1\uc5b5\uc6d0 \uc0c1\ub2f9 \uad6c\ud638 \ubb3c\ud488 \uc804\ub2ec", "headline": "\uc704\ub2c8\uc544\ub524\ucc44, \uc6b8\uc9c4 \uc0b0\ubd88 \ud53c\ud574 \uc9c0\uc5ed\uc5d0 1\uc5b5\uc6d0 \uc0c1\ub2f9 \uad6c\ud638 \ubb3c\ud488 \uc804\ub2ec", "date_str": "2022.03.11. \uc624\uc804 9:47", "writer": "\uc774\ud64d\uc11d \uae30\uc790", "section": "\uacbd\uc81c", "original_article_link": "https://www.dailian.co.kr/news/view/1092232/?sc=Naver", "article_body": "\n\ub300\uc720\ud50c\ub7ec\uc2a4 \u2018\uc2ac\ub77c\uc784 DC \uce74\ubcf8\ub9e4\ud2b8\u2019 400\uc7a5 \uae30\ubd80\u2026\ub530\ub73b\ud55c \ud734\uc2dd \uacf5\uac04 \uc81c\uacf5\uc784\uc2dc \ub300\ud53c\uc18c\uc5d0\uc11c \uc0dd\ud65c\ud558\uace0 \uc788\ub294 \uc774\uc7ac\ubbfc \ubc0f \ud604\uc7a5 \uad6c\ud638 \uc778\ub825\ub4e4\uc5d0\uac8c \uc804\ub2ec\n\n\n\n\uc704\ub2c8\uc544\ub524\ucc44\uac00 \uc6b8\uc9c4 \uc0b0\ubd88 \ud53c\ud574\uc9c0\uc5ed\uc5d0 1\uc5b5\uc6d0 \uc0c1\ub2f9\uc758 \uad6c\ud638 \ubb3c\ud488\uc744 \uc804\ub2ec\ud588\ub2e4.\u24d2\uc704\ub2c8\uc544\ub524\ucc44[\ub370\uc77c\ub9ac\uc548 = \uc774\ud64d\uc11d \uae30\uc790] \ub300\uc720\uc704\ub2c8\uc544\uadf8\ub8f9\uc758 \uc704\ub2c8\uc544\ub524\ucc44(\ub300\ud45c \uae40\ud601\ud45c)\ub294 \uc6b8\uc9c4 \uc0b0\ubd88 \ud53c\ud574 \uc9c0\uc5ed\uc5d0 1\uc5b5\uc6d0 \uc0c1\ub2f9\uc758 \uad6c\ud638 \ubb3c\ud488\uc744 \uc804\ub2ec\ud588\ub2e4\uace0 11\uc77c \ubc1d\ud614\ub2e4.\uc774\ubc88 \uad6c\ud638 \ubb3c\ud488 \uc804\ub2ec\uc740 \ub300\uaddc\ubaa8 \uc0b0\ubd88\ub85c \uace0\ud1b5 \ubc1b\uace0 \uc788\ub294 \uc6b8\uc9c4\uad70 \uc774\uc7ac\ubbfc\uacfc \ud604\uc7a5 \uad6c\ud638 \uc778\ub825\ub4e4\uc744 \uc9c0\uc6d0\ud558\uae30 \uc704\ud574 \uae30\ud68d\ub410\ub2e4.\uc704\ub2c8\uc544\ub524\ucc44\ub294 \ub300\uc720\uc704\ub2c8\uc544\uadf8\ub8f9 \uacc4\uc5f4\uc0ac\uc778 \ub300\uc720\ud50c\ub7ec\uc2a4\uac00 \uc0dd\uc0b0\ud558\uace0 \uc788\ub294 \u2018\uc2ac\ub77c\uc784 DC \uce74\ubcf8\ub9e4\ud2b8(\uc628\uc5f4\ub9e4\ud2b8)\u2019 400\uac1c\ub97c \uc6b8\uc9c4 \uad70\uccad\uc5d0 \uc804\ub2ec\ud588\ub2e4.\ud574\ub2f9 \uc81c\ud488\uc740 \uc300\uc300\ud55c \ub0a0\uc528 \uc784\uc2dc \ub300\ud53c\uc18c\uc5d0\uc11c \uc0dd\ud65c \uc911\uc778 \uc774\uc7ac\ubbfc\ub4e4\uc5d0\uac8c \ub530\ub73b\ud55c \uc7a0\uc790\ub9ac\ub97c \uc81c\uacf5\ud560 \uacc4\ud68d\uc774\ub2e4.\ub610 \ud53c\ud574 \ubcf5\uad6c\ub97c \uc704\ud574 \ud798\uc4f0\uace0 \uc788\ub294 \ud604\uc7a5 \uad6c\ud638 \uc778\ub825\ub4e4\uc774 \uc7a0\uc2dc \ud734\uc2dd\uc744 \ucde8\ud558\ub294\ub370 \ub3c4\uc6c0\uc744 \uc904 \uc608\uc815\uc774\ub2e4.\uc704\ub2c8\uc544\ub524\ucc44 \uad00\uacc4\uc790\ub294 \u201c\uac11\uc791\uc2a4\ub7ec\uc6b4 \uc0b0\ubd88\ub85c \uc5b4\ub824\uc6c0\uc744 \uacaa\uace0 \uc788\ub294 \ubd84\ub4e4\uaed8 \uc870\uae08\uc774\ub098\ub9c8 \ub3c4\uc6c0\uc774 \ub418\uace0\uc790 \uad6c\ud638 \ubb3c\ud488\uc744 \uc804\ub2ec\ud558\uac8c \ub410\ub2e4\u201d\uba70 \u201c\ud53c\ud574\uc8fc\ubbfc\ub4e4\uc774 \ud558\ub8e8 \ube68\ub9ac \uc77c\uc0c1\uc73c\ub85c \ub3cc\uc544\uac08 \uc218 \uc788\uae30\ub97c \uae30\uc6d0\ud558\uba70 \uc55e\uc73c\ub85c\ub3c4 \uc704\ub2c8\uc544\ub524\ucc44\ub294 \ub3c4\uc6c0\uc774 \ud544\uc694\ud55c \uacf3\uc5d0 \uc801\uadf9\uc801\uc778 \uc9c0\uc6d0\uc744 \ud574 \ub098\uac08 \uac83\u201d\uc774\ub77c\uace0 \ub9d0\ud588\ub2e4.\ud55c\ud3b8 \uc704\ub2c8\uc544\ub524\ucc44\ub294 \uc7a5\ub9c8\ucca0 \uc9d1\uc911\ud638\uc6b0\ub098 \ud0dc\ud48d \ub4f1 \uc790\uc5f0 \uc7ac\ub09c\uc774 \ubc1c\uc0dd\ud558\uba74 \uae34\uae09 \uad6c\ud638 \ubb3c\ud488\uacfc \uc778\ub825\uc744 \uc9c0\uc6d0\ud558\uace0 \uac00\uc804\uc81c\ud488\uc758 \ubb34\uc0c1\uc218\ub9ac\uc5d0 \ub098\uc11c\uba70 \uae30\uc5c5\uc758 \uc0ac\ud68c\uc801 \ucc45\uc784\uc744 \ub2e4\ud558\uace0 \uc788\ub2e4.\n\t\t"}, {"market": "kospi", "sid": "000300", "codename": "\ub300\uc720\ud50c\ub7ec\uc2a4", "year": 2022, "month": 3, "article_url": "https://m.etoday.co.kr/view.php?idxno=2113116", "news_company": "\uc774\ud22c\ub370\uc774", "title": "\uc704\ub2c8\uc544\ub524\ucc44, \uc6b8\uc9c4 \uc0b0\ubd88 \ud53c\ud574 \uc9c0\uc5ed\uc5d0 \uad6c\ud638 \ubb3c\ud488 \uc804\ub2ec", "headline": null, "date_str": null, "writer": null, "section": null, "original_article_link": null, "article_body": null}, {"market": "kospi", "sid": "000300", "codename": "\ub300\uc720\ud50c\ub7ec\uc2a4", "year": 2022, "month": 3, "article_url": "https://m.news.naver.com/read?mode=LSD&mid=sec&sid1=105&oid=366&aid=0000798971", "news_company": "\uc870\uc120\ube44\uc988", "title": "\uc704\ub2c8\uc544\ub524\ucc44, \uc6b8\uc9c4 \uc0b0\ubd88 \ud53c\ud574 \uc9c0\uc5ed\uc5d0 1\uc5b5\uc6d0 \uc0c1\ub2f9 \uc628\uc5f4\ub9e4\ud2b8 \uc804\ub2ec", "headline": "\uc704\ub2c8\uc544\ub524\ucc44, \uc6b8\uc9c4 \uc0b0\ubd88 \ud53c\ud574 \uc9c0\uc5ed\uc5d0 1\uc5b5\uc6d0 \uc0c1\ub2f9 \uc628\uc5f4\ub9e4\ud2b8 \uc804\ub2ec", "date_str": "2022.03.11. \uc624\uc804 9:25", "writer": "\uc724\uc9c4\uc6b0 \uae30\uc790", "section": "IT", "original_article_link": "https://biz.chosun.com/it-science/ict/2022/03/11/EYBSCBGGHJC4PKSKOC57SYDOFQ/?utm_source=naver&utm_medium=original&utm_campaign=biz", "article_body": "\n\n\n\n\n\u110b\u1171\u1102\u1175\u110b\u1161\u1103\u1175\u11b7\u110e\u1162\uac00 \u110b\u116e\u11af\u110c\u1175\u11ab \u1109\u1161\u11ab\u1107\u116e\u11af \u1111\u1175\u1112\u1162\u110c\u1175\u110b\u1167\u11a8\u110b\u1166 \uc804\ub2ec\ud558\ub294 1\uc5b5\uc6d0 \uc0c1\ub2f9\uc758 \uc628\uc5f4\ub9e4\ud2b8 \ubaa8\uc2b5. /\uc704\ub2c8\uc544\ub524\ucc44 \uc81c\uacf5        \uc704\ub2c8\uc544\ub524\ucc44\ub294 11\uc77c \uc6b8\uc9c4 \uc0b0\ubd88 \ud53c\ud574 \uc9c0\uc5ed\uc5d0 1\uc5b5\uc6d0 \uc0c1\ub2f9\uc758 \uad6c\ud638 \ubb3c\ud488\uc744 \uc804\ub2ec\ud588\ub2e4\uace0 \ubc1d\ud614\ub2e4.\uc704\ub2c8\uc544\ub524\ucc44\uc5d0 \ub530\ub974\uba74 \uc6b8\uc9c4\uad70 \uc774\uc7ac\ubbfc\uacfc \ud604\uc7a5 \uad6c\ud638 \uc778\ub825\ub4e4\uc744 \uc9c0\uc6d0\ud558\uae30 \uc704\ub2c8\uc544\ub524\ucc44\ub294 \ub300\uc720\uc704\ub2c8\uc544\uadf8\ub8f9 \uacc4\uc5f4\uc0ac\uc778 \ub300\uc720\ud50c\ub7ec\uc2a4\uac00 \uc0dd\uc0b0 \uc911\uc778 \uc628\uc5f4\ub9e4\ud2b8 \u2018\uc2ac\ub77c\uc784 DC \uce74\ubcf8\ub9e4\ud2b8\u2019 400\uac1c\ub97c \uc6b8\uc9c4 \uad70\uccad\uc5d0 \uc804\ub2ec\ud588\ub2e4.\uc784\uc2dc \ub300\ud53c\uc18c\uc5d0\uc11c \uc0dd\ud65c \uc911\uc778 \uc774\uc7ac\ubbfc\ub4e4\uc5d0\uac8c \ub530\ub73b\ud55c \uc7a0\uc790\ub9ac\ub97c \uc81c\uacf5\ud558\uace0, \ud53c\ud574 \ubcf5\uad6c\ub97c \uc704\ud574 \ud798\uc4f0\ub294 \ud604\uc7a5 \uad6c\ud638 \uc778\ub825\ub4e4\uc774 \ud734\uc2dd\uc744 \ucde8\ud558\ub294 \ub370 \ub3c4\uc6c0\uc774 \ub420 \uac83\uc73c\ub85c \uc704\ub2c8\uc544\ub524\ucc44\ub294 \uae30\ub300\ud588\ub2e4.\uc704\ub2c8\uc544\ub524\ucc44 \uad00\uacc4\uc790\ub294 \u201c\uac11\uc791\uc2a4\ub7ec\uc6b4 \uc0b0\ubd88\ub85c \uc5b4\ub824\uc6c0\uc744 \uacaa\ub294 \ubd84\ub4e4\uaed8 \uc870\uae08\uc774\ub098\ub9c8 \ub3c4\uc6c0\uc774 \ub418\uace0\uc790 \uad6c\ud638 \ubb3c\ud488\uc744 \uc804\ub2ec\ud558\uac8c \ub410\ub2e4\u201d\ub77c\uba70\u00a0 \u201c\ud53c\ud574 \uc8fc\ubbfc\ub4e4\uc774 \ud558\ub8e8\ube68\ub9ac \uc77c\uc0c1\uc73c\ub85c \ub3cc\uc544\uac08 \uc218 \uc788\uae30\ub97c \uae30\uc6d0\ud558\uba70, \uc55e\uc73c\ub85c\ub3c4 \ub3c4\uc6c0\uc774 \ud544\uc694\ud55c \uacf3\uc5d0 \uc801\uadf9\uc801\uc73c\ub85c \uc9c0\uc6d0\ud558\uaca0\ub2e4\u201d\ub77c\uace0 \ud588\ub2e4.\n"}, {"market": "kospi", "sid": "000300", "codename": "\ub300\uc720\ud50c\ub7ec\uc2a4", "year": 2022, "month": 3, "article_url": "http://www.seoulfn.com/news/articleView.html?idxno=448869", "news_company": "\uc11c\uc6b8\ud30c\uc774\ub0b8\uc2a4", "title": "\uc704\ub2c8\uc544\ub524\ucc44, \uc6b8\uc9c4 \uc0b0\ubd88 \ud53c\ud574 \uc9c0\uc5ed\uc5d0 1\uc5b5 \uc0c1\ub2f9 \uad6c\ud638 \ubb3c\ud488 \uc804\ub2ec", "headline": null, "date_str": null, "writer": null, "section": null, "original_article_link": null, "article_body": null}, {"market": "kospi", "sid": "000300", "codename": "\ub300\uc720\ud50c\ub7ec\uc2a4", "year": 2022, "month": 3, "article_url": "https://m.news.naver.com/read?mode=LSD&mid=sec&sid1=101&oid=417&aid=0000793290", "news_company": "\uba38\ub2c8S", "title": "\uc704\ub2c8\uc544\ub524\ucc44, \uc0b0\ubd88 \ud53c\ud574 \uc9c0\uc5ed\uc5d0 1\uc5b5\uc6d0 \uc0c1\ub2f9 \uad6c\ud638 \ubb3c\ud488 \uc804\ub2ec", "headline": "\uc704\ub2c8\uc544\ub524\ucc44, \uc0b0\ubd88 \ud53c\ud574 \uc9c0\uc5ed\uc5d0 1\uc5b5\uc6d0 \uc0c1\ub2f9 \uad6c\ud638 \ubb3c\ud488 \uc804\ub2ec", "date_str": "2022.03.11. \uc624\uc804 9:24", "writer": "\uc774\ud55c\ub4ec \uae30\uc790", "section": "\uacbd\uc81c", "original_article_link": "http://moneys.mt.co.kr/news/mwView.php?no=2022031109238043866", "article_body": "\n\n\n\n\n\uc704\ub2c8\uc544\ub524\ucc44\uac00 \uc6b8\uc9c4 \uc0b0\ubd88 \ud53c\ud574\uc9c0\uc5ed\uc5d0 1\uc5b5\uc6d0 \uc0c1\ub2f9\uc758 \uad6c\ud638 \ubb3c\ud488\uc744 \uc804\ub2ec\ud588\ub2e4. / \uc0ac\uc9c4=\uc704\ub2c8\uc544\ub524\ucc44\uc704\ub2c8\uc544\ub524\ucc44\ub294 \uc6b8\uc9c4 \uc0b0\ubd88 \ud53c\ud574 \uc9c0\uc5ed\uc5d0 1\uc5b5\uc6d0 \uc0c1\ub2f9\uc758 \uad6c\ud638 \ubb3c\ud488\uc744 \uc804\ub2ec\ud588\ub2e4\uace0 11\uc77c \ubc1d\ud614\ub2e4.\uc774\ubc88 \uad6c\ud638 \ubb3c\ud488 \uc804\ub2ec\uc740 \ub300\uaddc\ubaa8 \uc0b0\ubd88\ub85c \uace0\ud1b5 \ubc1b\uace0 \uc788\ub294 \uc6b8\uc9c4\uad70 \uc774\uc7ac\ubbfc\uacfc \ud604\uc7a5 \uad6c\ud638 \uc778\ub825\ub4e4\uc744 \uc9c0\uc6d0\ud558\uae30 \uc704\ud574 \uae30\ud68d\ub410\ub2e4.\uc704\ub2c8\uc544\ub524\ucc44\ub294 \ub300\uc720\uc704\ub2c8\uc544\uadf8\ub8f9 \uacc4\uc5f4\uc0ac\uc778 \ub300\uc720\ud50c\ub7ec\uc2a4\uac00 \uc0dd\uc0b0\ud558\uace0 \uc788\ub294 \u2018\uc2ac\ub77c\uc784 DC \uce74\ubcf8\ub9e4\ud2b8(\uc628\uc5f4\ub9e4\ud2b8)\u2019 400\uac1c\ub97c \uc6b8\uc9c4 \uad70\uccad\uc5d0 \uc804\ub2ec\ud588\ub2e4. \ud574\ub2f9 \uc81c\ud488\uc740 \uc300\uc300\ud55c \ub0a0\uc528 \uc784\uc2dc \ub300\ud53c\uc18c\uc5d0\uc11c \uc0dd\ud65c \uc911\uc778 \uc774\uc7ac\ubbfc\ub4e4\uc5d0\uac8c \ub530\ub73b\ud55c \uc7a0\uc790\ub9ac\ub97c \uc81c\uacf5\ud560 \uacc4\ud68d\uc774\ub2e4. \ub610\ud55c \ud53c\ud574 \ubcf5\uad6c\ub97c \uc704\ud574 \ud798\uc4f0\uace0 \uc788\ub294 \ud604\uc7a5 \uad6c\ud638 \uc778\ub825\ub4e4\uc774 \uc7a0\uc2dc \ud734\uc2dd\uc744 \ucde8\ud558\ub294\ub370 \ub3c4\uc6c0\uc744 \uc904 \uc608\uc815\uc774\ub2e4.\uc704\ub2c8\uc544\ub524\ucc44 \uad00\uacc4\uc790\ub294 \u201c\uac11\uc791\uc2a4\ub7ec\uc6b4 \uc0b0\ubd88\ub85c \uc5b4\ub824\uc6c0\uc744 \uacaa\uace0 \uc788\ub294 \ubd84\ub4e4\uaed8 \uc870\uae08\uc774\ub098\ub9c8 \ub3c4\uc6c0\uc774 \ub418\uace0\uc790 \uad6c\ud638 \ubb3c\ud488\uc744 \uc804\ub2ec\ud558\uac8c \ub410\ub2e4\u201d\uba74\uc11c \u201c\ud53c\ud574\uc8fc\ubbfc\ub4e4\uc774 \ud558\ub8e8 \ube68\ub9ac \uc77c\uc0c1\uc73c\ub85c \ub3cc\uc544\uac08 \uc218 \uc788\uae30\ub97c \uae30\uc6d0\ud558\uba70, \uc55e\uc73c\ub85c\ub3c4 \uc704\ub2c8\uc544\ub524\ucc44\ub294 \ub3c4\uc6c0\uc774 \ud544\uc694\ud55c \uacf3\uc5d0 \uc801\uadf9\uc801\uc778 \uc9c0\uc6d0\uc744 \ud574 \ub098\uac08 \uac83\u201d\uc774\ub77c\uace0 \ub9d0\ud588\ub2e4.\n"}, {"market": "kospi", "sid": "000300", "codename": "\ub300\uc720\ud50c\ub7ec\uc2a4", "year": 2022, "month": 3, "article_url": "http://www.asiaa.co.kr/news/articleView.html?idxno=79814", "news_company": "\uc544\uc2dc\uc544\uc5d0\uc774", "title": "\uc704\ub2c8\uc544\ub524\ucc44, \uc6b8\uc9c4 \uc0b0\ubd88 \ud53c\ud574 \uc9c0\uc5ed\uc5d0 1\uc5b5\uc6d0 \uc0c1\ub2f9 \uc628\uc5f4\ub9e4\ud2b8 \uae30\uc99d", "headline": null, "date_str": null, "writer": null, "section": null, "original_article_link": null, "article_body": null}, {"market": "kospi", "sid": "000300", "codename": "\ub300\uc720\ud50c\ub7ec\uc2a4", "year": 2022, "month": 3, "article_url": "https://m.news.naver.com/read?mode=LSD&mid=sec&sid1=101&oid=003&aid=0011056981", "news_company": "\ub274\uc2dc\uc2a4\uc5b8\ub860\uc0ac \uc120\uc815", "title": "\uc704\ub2c8\uc544\ub524\ucc44, \uc0b0\ubd88 \uc774\uc7ac\ubbfc\uc5d0 1\uc5b5 \uc0c1\ub2f9 \uad6c\ud638 \ubb3c\ud488 \uc804\ub2ec", "headline": "\uc704\ub2c8\uc544\ub524\ucc44, \uc0b0\ubd88 \uc774\uc7ac\ubbfc\uc5d0 1\uc5b5 \uc0c1\ub2f9 \uad6c\ud638 \ubb3c\ud488 \uc804\ub2ec", "date_str": "2022.03.11. \uc624\uc804 9:17", "writer": "\uc774\uc778\uc900 \uae30\uc790", "section": "\uacbd\uc81c", "original_article_link": "http://www.newsis.com/view/?id=NISX20220311_0001789596&cID=13001&pID=13000", "article_body": "\n\n\n\n\n[\uc11c\uc6b8=\ub274\uc2dc\uc2a4] \uc774\uc778\uc900 \uae30\uc790 = \ub300\uc720\uc704\ub2c8\uc544\uadf8\ub8f9\uc758 \uc704\ub2c8\uc544\ub524\ucc44\ub294 \ub300\uaddc\ubaa8 \uc0b0\ubd88\ub85c \uace0\ud1b5 \ubc1b\uace0 \uc788\ub294 \uc6b8\uc9c4\uad70 \uc774\uc7ac\ubbfc\uacfc \ud604\uc7a5 \uad6c\ud638 \uc778\ub825\ub4e4\uc744 \uc9c0\uc6d0\ud558\uae30 \uc704\ud574 1\uc5b5\uc6d0 \uc0c1\ub2f9\uc758 \uad6c\ud638 \ubb3c\ud488\uc744 \uc804\ub2ec\ud588\ub2e4\uace0 11\uc77c \ubc1d\ud614\ub2e4.\ub300\uc720\uc704\ub2c8\uc544\uadf8\ub8f9 \uacc4\uc5f4\uc0ac\uc778 \ub300\uc720\ud50c\ub7ec\uc2a4\uac00 \uc0dd\uc0b0\ud558\uace0 \uc788\ub294 \uc628\uc5f4\ub9e4\ud2b8 400\uac1c\ub97c \uc6b8\uc9c4 \uad70\uccad\uc5d0 \uc804\ub2ec\ud588\ub2e4. \ud574\ub2f9 \uc81c\ud488\uc740 \uc300\uc300\ud55c \ub0a0\uc528 \uc784\uc2dc \ub300\ud53c\uc18c\uc5d0\uc11c \uc0dd\ud65c \uc911\uc778 \uc774\uc7ac\ubbfc\ub4e4\uc5d0\uac8c \ub530\ub73b\ud55c \uc7a0\uc790\ub9ac\ub97c \uc81c\uacf5\ud560 \uacc4\ud68d\uc774\ub2e4. \ub610 \ud53c\ud574 \ubcf5\uad6c\ub97c \uc704\ud574 \ud798\uc4f0\uace0 \uc788\ub294 \ud604\uc7a5 \uad6c\ud638 \uc778\ub825\ub4e4\uc774 \uc7a0\uc2dc \ud734\uc2dd\uc744 \ucde8\ud558\ub294\ub370 \ub3c4\uc6c0\uc744 \uc904 \uc608\uc815\uc774\ub2e4. \uc704\ub2c8\uc544\ub524\ucc44 \uad00\uacc4\uc790\ub294 \"\uac11\uc791\uc2a4\ub7ec\uc6b4 \uc0b0\ubd88\ub85c \uc5b4\ub824\uc6c0\uc744 \uacaa\uace0 \uc788\ub294 \ubd84\ub4e4\uaed8 \uc870\uae08\uc774\ub098\ub9c8 \ub3c4\uc6c0\uc774 \ub418\uace0\uc790 \uad6c\ud638 \ubb3c\ud488\uc744 \uc804\ub2ec\ud558\uac8c \ub410\ub2e4\"\uba70 '\ud53c\ud574\uc8fc\ubbfc\ub4e4\uc774 \ud558\ub8e8 \ube68\ub9ac \uc77c\uc0c1\uc73c\ub85c \ub3cc\uc544\uac08 \uc218 \uc788\uae30\ub97c \uae30\uc6d0\ud55c\ub2e4\"\uace0 \ub9d0\ud588\ub2e4.\ud55c\ud3b8 \uc704\ub2c8\uc544\ub524\ucc44\ub294 \uc7a5\ub9c8\ucca0 \uc9d1\uc911\ud638\uc6b0\ub098 \ud0dc\ud48d \ub4f1 \uc790\uc5f0 \uc7ac\ub09c\uc774 \ubc1c\uc0dd\ud558\uba74 \uae34\uae09 \uad6c\ud638 \ubb3c\ud488\uacfc \uc778\ub825, \uac00\uc804\uc81c\ud488\uc758 \ubb34\uc0c1\uc218\ub9ac\ub97c \uc9c0\uc6d0\ud558\uace0 \uc788\ub2e4\uff0e\n"}, {"market": "kospi", "sid": "000300", "codename": "\ub300\uc720\ud50c\ub7ec\uc2a4", "year": 2022, "month": 3, "article_url": "https://m.news.naver.com/read?mode=LSD&mid=sec&sid1=105&oid=030&aid=0003003250", "news_company": "\uc804\uc790\uc2e0\ubb38", "title": "\uc704\ub2c8\uc544\ub524\ucc44, \uc6b8\uc9c4 \uc0b0\ubd88 \ud53c\ud574 \uc9c0\uc5ed\uc5d0 1\uc5b5\uc6d0 \uc0c1\ub2f9 \uad6c\ud638 \ubb3c\ud488 \uc804\ub2ec", "headline": "\uc704\ub2c8\uc544\ub524\ucc44, \uc6b8\uc9c4 \uc0b0\ubd88 \ud53c\ud574 \uc9c0\uc5ed\uc5d0 1\uc5b5\uc6d0 \uc0c1\ub2f9 \uad6c\ud638 \ubb3c\ud488 \uc804\ub2ec", "date_str": "2022.03.11. \uc624\uc804 9:15", "writer": "\uc815\uc6a9\ucca0 \uae30\uc790", "section": "IT", "original_article_link": "http://www.etnews.com/20220311000012", "article_body": "\n\t\t\t\uc704\ub2c8\uc544\ub524\ucc44\ub294 \uacbd\ubd81 \uc6b8\uc9c4 \uc0b0\ubd88 \ud53c\ud574 \uc9c0\uc5ed\uc5d0 1\uc5b5\uc6d0 \uc0c1\ub2f9 \uad6c\ud638 \ubb3c\ud488\uc744 \uc804\ub2ec\ud588\ub2e4\uace0 11\uc77c \ubc1d\ud614\ub2e4.\uc774\ubc88 \uad6c\ud638 \ubb3c\ud488 \uc804\ub2ec\uc740 \ub300\uaddc\ubaa8 \uc0b0\ubd88\ub85c \uace0\ud1b5 \ubc1b\uace0 \uc788\ub294 \uc6b8\uc9c4\uad70 \uc774\uc7ac\ubbfc\uacfc \ud604\uc7a5 \uad6c\ud638 \uc778\ub825\ub4e4\uc744 \uc9c0\uc6d0\ud558\uae30 \uc704\ud574 \uae30\ud68d\ub410\ub2e4.\n\n\n\n\uc704\ub2c8\uc544\ub524\ucc44\uac00 \uacbd\ubd81 \uc6b8\uc9c4 \uc0b0\ubd88 \ud53c\ud574\uc9c0\uc5ed\uc5d0 \uc804\ub2ec\ud55c 1\uc5b5 \uc6d0 \uc0c1\ub2f9\uc758 \uad6c\ud638 \ubb3c\ud488\uc704\ub2c8\uc544\ub524\ucc44\ub294 \ub300\uc720\uc704\ub2c8\uc544\uadf8\ub8f9 \uacc4\uc5f4\uc0ac\uc778 \ub300\uc720\ud50c\ub7ec\uc2a4\uac00 \uc0dd\uc0b0\ud558\ub294 '\uc2ac\ub77c\uc784 DC \uce74\ubcf8\ub9e4\ud2b8(\uc628\uc5f4\ub9e4\ud2b8)' 400\uac1c\ub97c \uc6b8\uc9c4 \uad70\uccad\uc5d0 \uc804\ub2ec\ud588\ub2e4. \ud574\ub2f9 \uc81c\ud488\uc740 \uc300\uc300\ud55c \ub0a0\uc528 \uc784\uc2dc \ub300\ud53c\uc18c\uc5d0\uc11c \uc0dd\ud65c \uc911\uc778 \uc774\uc7ac\ubbfc\uc5d0\uac8c \ub530\ub73b\ud55c \uc7a0\uc790\ub9ac\ub97c \uc81c\uacf5\ud558\ub294 \ub3d9\uc2dc\uc5d0 \ud53c\ud574 \ubcf5\uad6c\uc5d0 \ud798\uc4f0\ub294 \ud604\uc7a5 \uad6c\ud638 \uc778\ub825\uc5d0\uac8c \ud734\uc2dd\uc744 \uc9c0\uc6d0\ud560 \uc608\uc815\uc774\ub2e4.\uc704\ub2c8\uc544\ub524\ucc44\ub294 \uc7a5\ub9c8\ucca0 \uc9d1\uc911\ud638\uc6b0\ub098 \ud0dc\ud48d \ub4f1 \uc790\uc5f0 \uc7ac\ub09c\uc774 \ubc1c\uc0dd\ud558\uba74 \uae34\uae09 \uad6c\ud638 \ubb3c\ud488\uacfc \uc778\ub825\uc744 \uc9c0\uc6d0\ud558\uace0 \uac00\uc804\uc81c\ud488\uc758 \ubb34\uc0c1\uc218\ub9ac\uc5d0 \ub098\uc11c\uace0 \uc788\ub2e4.\n"}, {"market": "kospi", "sid": "000300", "codename": "\ub300\uc720\ud50c\ub7ec\uc2a4", "year": 2022, "month": 3, "article_url": "https://m.news.naver.com/read?mode=LSD&mid=sec&sid1=101&oid=011&aid=0004028400", "news_company": "\uc11c\uc6b8\uacbd\uc81c", "title": "\uc704\ub2c8\uc544\ub524\ucc44, \uc6b8\uc9c4 \uc0b0\ubd88 \ud53c\ud574 \uc9c0\uc5ed\uc5d0 \uad6c\ud638 \ubb3c\ud488 \uc804\ub2ec", "headline": "\uc704\ub2c8\uc544\ub524\ucc44, \uc6b8\uc9c4 \uc0b0\ubd88 \ud53c\ud574 \uc9c0\uc5ed\uc5d0 \uad6c\ud638 \ubb3c\ud488 \uc804\ub2ec", "date_str": "2022.03.11. \uc624\uc804 9:11", "writer": "\uc784\uc9c4\ud601 \uae30\uc790", "section": "\uacbd\uc81c", "original_article_link": "https://www.sedaily.com/NewsView/263DK5MNFK", "article_body": "\n1\uc5b5\uc6d0 \uc0c1\ub2f9 \uc628\uc5f4\ub9e4\ud2b8 400\uc7a5 \uae30\ubd80[\uc11c\uc6b8\uacbd\uc81c] \ub300\uc720\uc704\ub2c8\uc544\uadf8\ub8f9\uc758 \uc704\ub2c8\uc544\ub524\ucc44\uac00 \uacbd\ubd81 \uc6b8\uc9c4 \uc0b0\ubd88 \ud53c\ud574 \uc9c0\uc5ed\uc5d0 1\uc5b5 \uc6d0 \uc0c1\ub2f9\uc758 \uad6c\ud638 \ubb3c\ud488\uc744 \uc804\ub2ec\ud588\ub2e4\uace0 11\uc77c \ubc1d\ud614\ub2e4.\uc704\ub2c8\uc544\ub524\ucc44\ub294 \ub300\uc720\uc704\ub2c8\uc544\uadf8\ub8f9 \uacc4\uc5f4\uc0ac\uc778 \ub300\uc720\ud50c\ub7ec\uc2a4\uac00 \ub9cc\ub4e0 \u2018\uc2ac\ub77c\uc784 DC \uce74\ubcf8\ub9e4\ud2b8(\uc628\uc5f4\ub9e4\ud2b8)\u2019 400\uac1c\ub97c \uc6b8\uc9c4 \uad70\uccad\uc5d0 \uc804\ub2ec\ud588\ub2e4. \uc300\uc300\ud55c \ub0a0\uc528\uc5d0 \uc784\uc2dc \ub300\ud53c\uc18c\uc5d0\uc11c \uc0dd\ud65c\ud558\ub294 \uc774\uc7ac\ubbfc\ub4e4\uc774 \ub530\ub73b\ud788 \uc9c0\ub0bc \uac83\uc73c\ub85c \ud68c\uc0ac \uce21\uc740 \uae30\ub300\ud588\ub2e4. \uc704\ub2c8\uc544\ub524\ucc44 \uad00\uacc4\uc790\ub294 \u201c\uac11\uc791\uc2a4\ub7ec\uc6b4 \uc0b0\ubd88\ub85c \uc5b4\ub824\uc6c0\uc744 \uacaa\uace0 \uc788\ub294 \ubd84\ub4e4\uaed8 \uc870\uae08\uc774\ub098\ub9c8 \ub3c4\uc6c0\uc774 \ub418\uace0\uc790 \uad6c\ud638 \ubb3c\ud488\uc744 \uc804\ub2ec\ud588\ub2e4\u201d\uba70 \u201c\ud53c\ud574\uc8fc\ubbfc\ub4e4\uc774 \ud558\ub8e8 \ube68\ub9ac \uc77c\uc0c1\uc73c\ub85c \ub3cc\uc544\uac08 \uc218 \uc788\uae30\ub97c \uae30\uc6d0\ud558\uba70, \uc55e\uc73c\ub85c\ub3c4 \uc704\ub2c8\uc544\ub524\ucc44\ub294 \ub3c4\uc6c0\uc774 \ud544\uc694\ud55c \uacf3\uc5d0 \uc801\uadf9\uc801\uc778 \uc9c0\uc6d0\uc744 \ud574 \ub098\uac08 \uac83\u201d\uc774\ub77c\uace0 \ub9d0\ud588\ub2e4.\uc704\ub2c8\uc544\ub524\ucc44\ub294 \uc7a5\ub9c8\ucca0 \uc9d1\uc911\ud638\uc6b0\ub098 \ud0dc\ud48d \ub4f1 \uc790\uc5f0 \uc7ac\ub09c\uc774 \ubc1c\uc0dd\ud558\uba74 \uae34\uae09 \uad6c\ud638 \ubb3c\ud488\uacfc \uc778\ub825\uc744 \uc9c0\uc6d0\ud558\uace0 \uac00\uc804\uc81c\ud488\uc758 \ubb34\uc0c1\uc218\ub9ac\uc5d0 \ub098\uc11c\uba70 \uae30\uc5c5\uc758 \uc0ac\ud68c\uc801 \ucc45\uc784\uc744 \ub2e4\ud55c\ub2e4\uace0 \ubc1d\ud614\ub2e4.\n\n\n\n\ub300\uc720\uc704\ub2c8\uc544\uadf8\ub8f9\uc758 \uc704\ub2c8\uc544\ub524\ucc44\uac00 \uacbd\ubd81 \uc6b8\uc9c4 \uc0b0\ubd88 \ud53c\ud574 \uc9c0\uc5ed\uc5d0 \ubcf4\ub0bc 1\uc5b5\uc6d0 \uc0c1\ub2f9\uc758 \uc628\uc5f4\ub9e4\ud2b8 400\uc7a5\uc774 \ud654\ubb3c\ucc28\uc5d0 \uc2e4\ub824\uc788\ub2e4. \uc704\ub2c8\uc544\ub524\ucc44\ub294 \uc784\uc2dc\ub300\ud53c\uc18c\uc5d0\uc11c \uc9c0\ub0b4\ub294 \uc774\uc7ac\ubbfc\ub4e4\uc774 \ubcf4\ub2e4 \ub530\ub73b\ud558\uac8c \uc0dd\ud65c\ud560 \uc218 \uc788\uc744 \uac83\uc73c\ub85c \uae30\ub300\ud588\ub2e4./\uc0ac\uc9c4 \uc81c\uacf5=\uc704\ub2c8\uc544\ub524\ucc44\n"}, {"market": "kospi", "sid": "000300", "codename": "\ub300\uc720\ud50c\ub7ec\uc2a4", "year": 2022, "month": 3, "article_url": "http://www.mediapen.com/news/view/707064", "news_company": "\ubbf8\ub514\uc5b4\ud39c", "title": "\uc704\ub2c8\uc544\ub524\ucc44, \uc6b8\uc9c4 \uc0b0\ubd88 \ud53c\ud574 \uc9c0\uc5ed\uc5d0 1\uc5b5 \uc0c1\ub2f9 \uad6c\ud638 \ubb3c\ud488 \uc804\ub2ec", "headline": null, "date_str": null, "writer": null, "section": null, "original_article_link": null, "article_body": null}, {"market": "kospi", "sid": "000300", "codename": "\ub300\uc720\ud50c\ub7ec\uc2a4", "year": 2022, "month": 3, "article_url": "http://www.asiaa.co.kr/news/articleView.html?idxno=79814", "news_company": "\uc544\uc2dc\uc544\uc5d0\uc774", "title": "\uc704\ub2c8\uc544\ub524\ucc44, \uc6b8\uc9c4 \uc0b0\ubd88 \ud53c\ud574 \uc9c0\uc5ed\uc5d0 1\uc5b5\uc6d0 \uc0c1\ub2f9 \uc628\uc5f4\ub9e4\ud2b8 \uae30\uc99d", "headline": null, "date_str": null, "writer": null, "section": null, "original_article_link": null, "article_body": null}, {"market": "kospi", "sid": "000300", "codename": "\ub300\uc720\ud50c\ub7ec\uc2a4", "year": 2022, "month": 3, "article_url": "https://m.news.naver.com/read?mode=LSD&mid=sec&sid1=101&oid=003&aid=0011056981", "news_company": "\ub274\uc2dc\uc2a4\uc5b8\ub860\uc0ac \uc120\uc815", "title": "\uc704\ub2c8\uc544\ub524\ucc44, \uc0b0\ubd88 \uc774\uc7ac\ubbfc\uc5d0 1\uc5b5 \uc0c1\ub2f9 \uad6c\ud638 \ubb3c\ud488 \uc804\ub2ec", "headline": "\uc704\ub2c8\uc544\ub524\ucc44, \uc0b0\ubd88 \uc774\uc7ac\ubbfc\uc5d0 1\uc5b5 \uc0c1\ub2f9 \uad6c\ud638 \ubb3c\ud488 \uc804\ub2ec", "date_str": "2022.03.11. \uc624\uc804 9:17", "writer": "\uc774\uc778\uc900 \uae30\uc790", "section": "\uacbd\uc81c", "original_article_link": "http://www.newsis.com/view/?id=NISX20220311_0001789596&cID=13001&pID=13000", "article_body": "\n\n\n\n\n[\uc11c\uc6b8=\ub274\uc2dc\uc2a4] \uc774\uc778\uc900 \uae30\uc790 = \ub300\uc720\uc704\ub2c8\uc544\uadf8\ub8f9\uc758 \uc704\ub2c8\uc544\ub524\ucc44\ub294 \ub300\uaddc\ubaa8 \uc0b0\ubd88\ub85c \uace0\ud1b5 \ubc1b\uace0 \uc788\ub294 \uc6b8\uc9c4\uad70 \uc774\uc7ac\ubbfc\uacfc \ud604\uc7a5 \uad6c\ud638 \uc778\ub825\ub4e4\uc744 \uc9c0\uc6d0\ud558\uae30 \uc704\ud574 1\uc5b5\uc6d0 \uc0c1\ub2f9\uc758 \uad6c\ud638 \ubb3c\ud488\uc744 \uc804\ub2ec\ud588\ub2e4\uace0 11\uc77c \ubc1d\ud614\ub2e4.\ub300\uc720\uc704\ub2c8\uc544\uadf8\ub8f9 \uacc4\uc5f4\uc0ac\uc778 \ub300\uc720\ud50c\ub7ec\uc2a4\uac00 \uc0dd\uc0b0\ud558\uace0 \uc788\ub294 \uc628\uc5f4\ub9e4\ud2b8 400\uac1c\ub97c \uc6b8\uc9c4 \uad70\uccad\uc5d0 \uc804\ub2ec\ud588\ub2e4. \ud574\ub2f9 \uc81c\ud488\uc740 \uc300\uc300\ud55c \ub0a0\uc528 \uc784\uc2dc \ub300\ud53c\uc18c\uc5d0\uc11c \uc0dd\ud65c \uc911\uc778 \uc774\uc7ac\ubbfc\ub4e4\uc5d0\uac8c \ub530\ub73b\ud55c \uc7a0\uc790\ub9ac\ub97c \uc81c\uacf5\ud560 \uacc4\ud68d\uc774\ub2e4. \ub610 \ud53c\ud574 \ubcf5\uad6c\ub97c \uc704\ud574 \ud798\uc4f0\uace0 \uc788\ub294 \ud604\uc7a5 \uad6c\ud638 \uc778\ub825\ub4e4\uc774 \uc7a0\uc2dc \ud734\uc2dd\uc744 \ucde8\ud558\ub294\ub370 \ub3c4\uc6c0\uc744 \uc904 \uc608\uc815\uc774\ub2e4. \uc704\ub2c8\uc544\ub524\ucc44 \uad00\uacc4\uc790\ub294 \"\uac11\uc791\uc2a4\ub7ec\uc6b4 \uc0b0\ubd88\ub85c \uc5b4\ub824\uc6c0\uc744 \uacaa\uace0 \uc788\ub294 \ubd84\ub4e4\uaed8 \uc870\uae08\uc774\ub098\ub9c8 \ub3c4\uc6c0\uc774 \ub418\uace0\uc790 \uad6c\ud638 \ubb3c\ud488\uc744 \uc804\ub2ec\ud558\uac8c \ub410\ub2e4\"\uba70 '\ud53c\ud574\uc8fc\ubbfc\ub4e4\uc774 \ud558\ub8e8 \ube68\ub9ac \uc77c\uc0c1\uc73c\ub85c \ub3cc\uc544\uac08 \uc218 \uc788\uae30\ub97c \uae30\uc6d0\ud55c\ub2e4\"\uace0 \ub9d0\ud588\ub2e4.\ud55c\ud3b8 \uc704\ub2c8\uc544\ub524\ucc44\ub294 \uc7a5\ub9c8\ucca0 \uc9d1\uc911\ud638\uc6b0\ub098 \ud0dc\ud48d \ub4f1 \uc790\uc5f0 \uc7ac\ub09c\uc774 \ubc1c\uc0dd\ud558\uba74 \uae34\uae09 \uad6c\ud638 \ubb3c\ud488\uacfc \uc778\ub825, \uac00\uc804\uc81c\ud488\uc758 \ubb34\uc0c1\uc218\ub9ac\ub97c \uc9c0\uc6d0\ud558\uace0 \uc788\ub2e4\uff0e\n"}, {"market": "kospi", "sid": "000300", "codename": "\ub300\uc720\ud50c\ub7ec\uc2a4", "year": 2022, "month": 3, "article_url": "https://m.news.naver.com/read?mode=LSD&mid=sec&sid1=105&oid=030&aid=0003003250", "news_company": "\uc804\uc790\uc2e0\ubb38", "title": "\uc704\ub2c8\uc544\ub524\ucc44, \uc6b8\uc9c4 \uc0b0\ubd88 \ud53c\ud574 \uc9c0\uc5ed\uc5d0 1\uc5b5\uc6d0 \uc0c1\ub2f9 \uad6c\ud638 \ubb3c\ud488 \uc804\ub2ec", "headline": "\uc704\ub2c8\uc544\ub524\ucc44, \uc6b8\uc9c4 \uc0b0\ubd88 \ud53c\ud574 \uc9c0\uc5ed\uc5d0 1\uc5b5\uc6d0 \uc0c1\ub2f9 \uad6c\ud638 \ubb3c\ud488 \uc804\ub2ec", "date_str": "2022.03.11. \uc624\uc804 9:15", "writer": "\uc815\uc6a9\ucca0 \uae30\uc790", "section": "IT", "original_article_link": "http://www.etnews.com/20220311000012", "article_body": "\n\t\t\t\uc704\ub2c8\uc544\ub524\ucc44\ub294 \uacbd\ubd81 \uc6b8\uc9c4 \uc0b0\ubd88 \ud53c\ud574 \uc9c0\uc5ed\uc5d0 1\uc5b5\uc6d0 \uc0c1\ub2f9 \uad6c\ud638 \ubb3c\ud488\uc744 \uc804\ub2ec\ud588\ub2e4\uace0 11\uc77c \ubc1d\ud614\ub2e4.\uc774\ubc88 \uad6c\ud638 \ubb3c\ud488 \uc804\ub2ec\uc740 \ub300\uaddc\ubaa8 \uc0b0\ubd88\ub85c \uace0\ud1b5 \ubc1b\uace0 \uc788\ub294 \uc6b8\uc9c4\uad70 \uc774\uc7ac\ubbfc\uacfc \ud604\uc7a5 \uad6c\ud638 \uc778\ub825\ub4e4\uc744 \uc9c0\uc6d0\ud558\uae30 \uc704\ud574 \uae30\ud68d\ub410\ub2e4.\n\n\n\n\uc704\ub2c8\uc544\ub524\ucc44\uac00 \uacbd\ubd81 \uc6b8\uc9c4 \uc0b0\ubd88 \ud53c\ud574\uc9c0\uc5ed\uc5d0 \uc804\ub2ec\ud55c 1\uc5b5 \uc6d0 \uc0c1\ub2f9\uc758 \uad6c\ud638 \ubb3c\ud488\uc704\ub2c8\uc544\ub524\ucc44\ub294 \ub300\uc720\uc704\ub2c8\uc544\uadf8\ub8f9 \uacc4\uc5f4\uc0ac\uc778 \ub300\uc720\ud50c\ub7ec\uc2a4\uac00 \uc0dd\uc0b0\ud558\ub294 '\uc2ac\ub77c\uc784 DC \uce74\ubcf8\ub9e4\ud2b8(\uc628\uc5f4\ub9e4\ud2b8)' 400\uac1c\ub97c \uc6b8\uc9c4 \uad70\uccad\uc5d0 \uc804\ub2ec\ud588\ub2e4. \ud574\ub2f9 \uc81c\ud488\uc740 \uc300\uc300\ud55c \ub0a0\uc528 \uc784\uc2dc \ub300\ud53c\uc18c\uc5d0\uc11c \uc0dd\ud65c \uc911\uc778 \uc774\uc7ac\ubbfc\uc5d0\uac8c \ub530\ub73b\ud55c \uc7a0\uc790\ub9ac\ub97c \uc81c\uacf5\ud558\ub294 \ub3d9\uc2dc\uc5d0 \ud53c\ud574 \ubcf5\uad6c\uc5d0 \ud798\uc4f0\ub294 \ud604\uc7a5 \uad6c\ud638 \uc778\ub825\uc5d0\uac8c \ud734\uc2dd\uc744 \uc9c0\uc6d0\ud560 \uc608\uc815\uc774\ub2e4.\uc704\ub2c8\uc544\ub524\ucc44\ub294 \uc7a5\ub9c8\ucca0 \uc9d1\uc911\ud638\uc6b0\ub098 \ud0dc\ud48d \ub4f1 \uc790\uc5f0 \uc7ac\ub09c\uc774 \ubc1c\uc0dd\ud558\uba74 \uae34\uae09 \uad6c\ud638 \ubb3c\ud488\uacfc \uc778\ub825\uc744 \uc9c0\uc6d0\ud558\uace0 \uac00\uc804\uc81c\ud488\uc758 \ubb34\uc0c1\uc218\ub9ac\uc5d0 \ub098\uc11c\uace0 \uc788\ub2e4.\n"}, {"market": "kospi", "sid": "000300", "codename": "\ub300\uc720\ud50c\ub7ec\uc2a4", "year": 2022, "month": 3, "article_url": "https://m.news.naver.com/read?mode=LSD&mid=sec&sid1=101&oid=011&aid=0004028400", "news_company": "\uc11c\uc6b8\uacbd\uc81c", "title": "\uc704\ub2c8\uc544\ub524\ucc44, \uc6b8\uc9c4 \uc0b0\ubd88 \ud53c\ud574 \uc9c0\uc5ed\uc5d0 \uad6c\ud638 \ubb3c\ud488 \uc804\ub2ec", "headline": "\uc704\ub2c8\uc544\ub524\ucc44, \uc6b8\uc9c4 \uc0b0\ubd88 \ud53c\ud574 \uc9c0\uc5ed\uc5d0 \uad6c\ud638 \ubb3c\ud488 \uc804\ub2ec", "date_str": "2022.03.11. \uc624\uc804 9:11", "writer": "\uc784\uc9c4\ud601 \uae30\uc790", "section": "\uacbd\uc81c", "original_article_link": "https://www.sedaily.com/NewsView/263DK5MNFK", "article_body": "\n1\uc5b5\uc6d0 \uc0c1\ub2f9 \uc628\uc5f4\ub9e4\ud2b8 400\uc7a5 \uae30\ubd80[\uc11c\uc6b8\uacbd\uc81c] \ub300\uc720\uc704\ub2c8\uc544\uadf8\ub8f9\uc758 \uc704\ub2c8\uc544\ub524\ucc44\uac00 \uacbd\ubd81 \uc6b8\uc9c4 \uc0b0\ubd88 \ud53c\ud574 \uc9c0\uc5ed\uc5d0 1\uc5b5 \uc6d0 \uc0c1\ub2f9\uc758 \uad6c\ud638 \ubb3c\ud488\uc744 \uc804\ub2ec\ud588\ub2e4\uace0 11\uc77c \ubc1d\ud614\ub2e4.\uc704\ub2c8\uc544\ub524\ucc44\ub294 \ub300\uc720\uc704\ub2c8\uc544\uadf8\ub8f9 \uacc4\uc5f4\uc0ac\uc778 \ub300\uc720\ud50c\ub7ec\uc2a4\uac00 \ub9cc\ub4e0 \u2018\uc2ac\ub77c\uc784 DC \uce74\ubcf8\ub9e4\ud2b8(\uc628\uc5f4\ub9e4\ud2b8)\u2019 400\uac1c\ub97c \uc6b8\uc9c4 \uad70\uccad\uc5d0 \uc804\ub2ec\ud588\ub2e4. \uc300\uc300\ud55c \ub0a0\uc528\uc5d0 \uc784\uc2dc \ub300\ud53c\uc18c\uc5d0\uc11c \uc0dd\ud65c\ud558\ub294 \uc774\uc7ac\ubbfc\ub4e4\uc774 \ub530\ub73b\ud788 \uc9c0\ub0bc \uac83\uc73c\ub85c \ud68c\uc0ac \uce21\uc740 \uae30\ub300\ud588\ub2e4. \uc704\ub2c8\uc544\ub524\ucc44 \uad00\uacc4\uc790\ub294 \u201c\uac11\uc791\uc2a4\ub7ec\uc6b4 \uc0b0\ubd88\ub85c \uc5b4\ub824\uc6c0\uc744 \uacaa\uace0 \uc788\ub294 \ubd84\ub4e4\uaed8 \uc870\uae08\uc774\ub098\ub9c8 \ub3c4\uc6c0\uc774 \ub418\uace0\uc790 \uad6c\ud638 \ubb3c\ud488\uc744 \uc804\ub2ec\ud588\ub2e4\u201d\uba70 \u201c\ud53c\ud574\uc8fc\ubbfc\ub4e4\uc774 \ud558\ub8e8 \ube68\ub9ac \uc77c\uc0c1\uc73c\ub85c \ub3cc\uc544\uac08 \uc218 \uc788\uae30\ub97c \uae30\uc6d0\ud558\uba70, \uc55e\uc73c\ub85c\ub3c4 \uc704\ub2c8\uc544\ub524\ucc44\ub294 \ub3c4\uc6c0\uc774 \ud544\uc694\ud55c \uacf3\uc5d0 \uc801\uadf9\uc801\uc778 \uc9c0\uc6d0\uc744 \ud574 \ub098\uac08 \uac83\u201d\uc774\ub77c\uace0 \ub9d0\ud588\ub2e4.\uc704\ub2c8\uc544\ub524\ucc44\ub294 \uc7a5\ub9c8\ucca0 \uc9d1\uc911\ud638\uc6b0\ub098 \ud0dc\ud48d \ub4f1 \uc790\uc5f0 \uc7ac\ub09c\uc774 \ubc1c\uc0dd\ud558\uba74 \uae34\uae09 \uad6c\ud638 \ubb3c\ud488\uacfc \uc778\ub825\uc744 \uc9c0\uc6d0\ud558\uace0 \uac00\uc804\uc81c\ud488\uc758 \ubb34\uc0c1\uc218\ub9ac\uc5d0 \ub098\uc11c\uba70 \uae30\uc5c5\uc758 \uc0ac\ud68c\uc801 \ucc45\uc784\uc744 \ub2e4\ud55c\ub2e4\uace0 \ubc1d\ud614\ub2e4.\n\n\n\n\ub300\uc720\uc704\ub2c8\uc544\uadf8\ub8f9\uc758 \uc704\ub2c8\uc544\ub524\ucc44\uac00 \uacbd\ubd81 \uc6b8\uc9c4 \uc0b0\ubd88 \ud53c\ud574 \uc9c0\uc5ed\uc5d0 \ubcf4\ub0bc 1\uc5b5\uc6d0 \uc0c1\ub2f9\uc758 \uc628\uc5f4\ub9e4\ud2b8 400\uc7a5\uc774 \ud654\ubb3c\ucc28\uc5d0 \uc2e4\ub824\uc788\ub2e4. \uc704\ub2c8\uc544\ub524\ucc44\ub294 \uc784\uc2dc\ub300\ud53c\uc18c\uc5d0\uc11c \uc9c0\ub0b4\ub294 \uc774\uc7ac\ubbfc\ub4e4\uc774 \ubcf4\ub2e4 \ub530\ub73b\ud558\uac8c \uc0dd\ud65c\ud560 \uc218 \uc788\uc744 \uac83\uc73c\ub85c \uae30\ub300\ud588\ub2e4./\uc0ac\uc9c4 \uc81c\uacf5=\uc704\ub2c8\uc544\ub524\ucc44\n"}, {"market": "kospi", "sid": "000300", "codename": "\ub300\uc720\ud50c\ub7ec\uc2a4", "year": 2022, "month": 3, "article_url": "http://www.mediapen.com/news/view/707064", "news_company": "\ubbf8\ub514\uc5b4\ud39c", "title": "\uc704\ub2c8\uc544\ub524\ucc44, \uc6b8\uc9c4 \uc0b0\ubd88 \ud53c\ud574 \uc9c0\uc5ed\uc5d0 1\uc5b5 \uc0c1\ub2f9 \uad6c\ud638 \ubb3c\ud488 \uc804\ub2ec", "headline": null, "date_str": null, "writer": null, "section": null, "original_article_link": null, "article_body": null}, {"market": "kospi", "sid": "000300", "codename": "\ub300\uc720\ud50c\ub7ec\uc2a4", "year": 2022, "month": 3, "article_url": "http://m.newsway.co.kr/news/view?tp=1&ud=2022031109012142891", "news_company": "\ub274\uc2a4\uc6e8\uc774", "title": "\uc704\ub2c8\uc544\ub524\ucc44, \uc6b8\uc9c4 \uc0b0\ubd88 \ud53c\ud574 \uc9c0\uc5ed\uc5d0 1\uc5b5\uc6d0 \uc0c1\ub2f9 \uc628\uc5f4\ub9e4\ud2b8 \uae30\ubd80", "headline": null, "date_str": null, "writer": null, "section": null, "original_article_link": null, "article_body": null}, {"market": "kospi", "sid": "000300", "codename": "\ub300\uc720\ud50c\ub7ec\uc2a4", "year": 2022, "month": 3, "article_url": "https://www.ebn.co.kr/news/view/1522617/?sc=Naver", "news_company": "EBN", "title": "\uc704\ub2c8\uc544\ub524\ucc44, \uc0b0\ubd88 \uc774\uc7ac\ubbfc\uc5d0 \uc628\uc5f4\ub9e4\ud2b8 400\uac1c \ucf8c\ucc99\u2026\uae30\ubd80 \ud589\ub82c \ub3d9\ucc38", "headline": null, "date_str": null, "writer": null, "section": null, "original_article_link": null, "article_body": null}, {"market": "kospi", "sid": "000300", "codename": "\ub300\uc720\ud50c\ub7ec\uc2a4", "year": 2022, "month": 3, "article_url": "http://www.kpinews.co.kr/news/articleView.html?idxno=171649", "news_company": "\uad7f\ubaa8\ub2dd\uacbd\uc81c", "title": "\uc704\ub2c8\uc544\ub524\ucc44, \uc6b8\uc9c4 \uc0b0\ubd88 \ud53c\ud574 \uc9c0\uc5ed\uc5d0 1\uc5b5\uc6d0 \uc0c1\ub2f9\uc758 \uad6c\ud638 \ubb3c\ud488 \uc804\ub2ec", "headline": null, "date_str": null, "writer": null, "section": null, "original_article_link": null, "article_body": null}, {"market": "kospi", "sid": "000300", "codename": "\ub300\uc720\ud50c\ub7ec\uc2a4", "year": 2022, "month": 3, "article_url": "http://www.kmaeil.com/news/articleView.html?idxno=340359", "news_company": "\uacbd\uc778\ub9e4\uc77c", "title": "\uc704\ub2c8\uc544\ub524\ucc44, \uc6b8\uc9c4 \uc0b0\ubd88 \ud53c\ud574 \uc9c0\uc5ed\uc5d0 \uad6c\ud638 \ubb3c\ud488 \uc804\ub2ec...1\uc5b5 \uc6d0 \uc0c1\ub2f9", "headline": null, "date_str": null, "writer": null, "section": null, "original_article_link": null, "article_body": null}, {"market": "kospi", "sid": "000300", "codename": "\ub300\uc720\ud50c\ub7ec\uc2a4", "year": 2022, "month": 3, "article_url": "http://m.thebigdata.co.kr/view.php?ud=20220311084254553007d270612f_23", "news_company": "\ube45\ub370\uc774\ud130\ub274\uc2a4", "title": "\ud604\ub300\ubaa8\ube44\uc2a4, \uc790\ub3d9\ucc28\ubd80\ud488 \uc0c1\uc7a5\uae30\uc5c5 \ube0c\ub79c\ub4dc\ud3c9\ud310 3\uc6d4 \ube45\ub370\uc774\ud130 1\uc704", "headline": null, "date_str": null, "writer": null, "section": null, "original_article_link": null, "article_body": null}, {"market": "kospi", "sid": "000300", "codename": "\ub300\uc720\ud50c\ub7ec\uc2a4", "year": 2022, "month": 3, "article_url": "http://www.newscape.co.kr/news/articleView.html?idxno=80598", "news_company": "\ub274\uc2a4\ucf00\uc774\ud504", "title": "\uc704\ub2c8\uc544\ub524\ucc44, \uc6b8\uc9c4 \uc0b0\ubd88 \ud53c\ud574 \uc9c0\uc5ed\uc5d0 1\uc5b5\uc6d0 \uc0c1\ub2f9 \uad6c\ud638 \ubb3c\ud488 \uc804\ub2ec", "headline": null, "date_str": null, "writer": null, "section": null, "original_article_link": null, "article_body": null}, {"market": "kospi", "sid": "000300", "codename": "\ub300\uc720\ud50c\ub7ec\uc2a4", "year": 2022, "month": 3, "article_url": "http://m.lawissue.co.kr/view.php?ud=202203110828518262204ead0791_12", "news_company": "\ub85c\uc774\uc288", "title": "[\uae30\uc5c5\uc0ac\ud68c\ud65c\ub3d9] \uc704\ub2c8\uc544\ub524\ucc44, \uc6b8\uc9c4 \uc0b0\ubd88 \ud53c\ud574 \uc9c0\uc5ed\uc5d0 1\uc5b5 \uc6d0 \uc0c1\ub2f9\uc758 \uad6c\ud638 \ubb3c\ud488 \uc804\ub2ec", "headline": null, "date_str": null, "writer": null, "section": null, "original_article_link": null, "article_body": null}, {"market": "kospi", "sid": "000300", "codename": "\ub300\uc720\ud50c\ub7ec\uc2a4", "year": 2022, "month": 3, "article_url": "http://www.getnews.co.kr/news/articleView.html?idxno=575922", "news_company": "\uae00\ub85c\ubc8c\uacbd\uc81c", "title": "\uc704\ub2c8\uc544\ub524\ucc44, \uc6b8\uc9c4 \uc0b0\ubd88 \ud53c\ud574 \uc9c0\uc5ed\uc5d0 \uad6c\ud638 \ubb3c\ud488 \uc804\ub2ec\u2026 1\uc5b5\uc6d0 \uaddc\ubaa8", "headline": null, "date_str": null, "writer": null, "section": null, "original_article_link": null, "article_body": null}, {"market": "kospi", "sid": "000300", "codename": "\ub300\uc720\ud50c\ub7ec\uc2a4", "year": 2022, "month": 3, "article_url": "https://m.news.naver.com/read?mode=LSD&mid=sec&sid1=102&oid=001&aid=0013045185", "news_company": "\uc5f0\ud569\ub274\uc2a4", "title": "[\ub3d9\ud574\uc548 \uc0b0\ubd88] \uc704\ub2c8\uc544\ub524\ucc44, \uc6b8\uc9c4\uad70\uccad\uc5d0 \uc628\uc5f4\ub9e4\ud2b8 400\uac1c \uae30\ubd80", "headline": "[\ub3d9\ud574\uc548 \uc0b0\ubd88] \uc704\ub2c8\uc544\ub524\ucc44, \uc6b8\uc9c4\uad70\uccad\uc5d0 \uc628\uc5f4\ub9e4\ud2b8 400\uac1c \uae30\ubd80", "date_str": "2022.03.11. \uc624\uc804 8:20", "writer": "\uae40\ucca0\uc120 \uae30\uc790", "section": "\uc0ac\ud68c", "original_article_link": "http://yna.kr/AKR20220311027200003?did=1195m", "article_body": "\n\n\n\n\n[\uc704\ub2c8\uc544\ub524\ucc44 \uc81c\uacf5. DB \ubc0f \uc7ac\ud310\ub9e4 \uae08\uc9c0](\uc11c\uc6b8=\uc5f0\ud569\ub274\uc2a4) \uae40\ucca0\uc120 \uae30\uc790 = \ub300\uc720\uc704\ub2c8\uc544\uadf8\ub8f9\uc758 \uc704\ub2c8\uc544\ub524\ucc44\ub294 \uacbd\ubd81 \uc6b8\uc9c4 \uc0b0\ubd88 \ud53c\ud574 \uc9c0\uc5ed\uc758 \uc774\uc7ac\ubbfc\uacfc \ud604\uc7a5 \uad6c\ud638 \uc778\ub825\ub4e4\uc744 \uc9c0\uc6d0\ud558\uae30 \uc704\ud574 1\uc5b5\uc6d0 \uc0c1\ub2f9\uc758 \uad6c\ud638 \ubb3c\ud488\uc744 \uc804\ub2ec\ud588\ub2e4\uace0 11\uc77c \ubc1d\ud614\ub2e4.    \uc704\ub2c8\uc544\ub524\ucc44\ub294 \ub300\uc720\uc704\ub2c8\uc544\uadf8\ub8f9 \uacc4\uc5f4\uc0ac\uc778 \ub300\uc720\ud50c\ub7ec\uc2a4\uac00 \uc0dd\uc0b0\ud558\uace0 \uc788\ub294 '\uc2ac\ub77c\uc784 DC \uce74\ubcf8\ub9e4\ud2b8'(\uc628\uc5f4\ub9e4\ud2b8) 400\uac1c\ub97c \uc6b8\uc9c4\uad70\uccad\uc5d0 \uae30\ubd80\ud588\ub2e4. \uc774 \uad6c\ud638 \ubb3c\ud488\uc740 \uc784\uc2dc \ub300\ud53c\uc18c\uc5d0\uc11c \uc0dd\ud65c \uc911\uc778 \uc774\uc7ac\ubbfc\uacfc \ud604\uc7a5 \uad6c\ud638 \uc778\ub825 \ud734\uc2dd\uacf5\uac04\uc5d0 \uc804\ub2ec\ub420 \uc608\uc815\uc774\ub2e4.    \ud68c\uc0ac \uad00\uacc4\uc790\ub294 \"\uac11\uc791\uc2a4\ub7ec\uc6b4 \uc0b0\ubd88\ub85c \uc5b4\ub824\uc6c0\uc744 \uacaa\uace0 \uc788\ub294 \ubd84\ub4e4\uaed8 \uc870\uae08\uc774\ub098\ub9c8 \ub3c4\uc6c0\uc774 \ub418\uace0\uc790 \uad6c\ud638 \ubb3c\ud488\uc744 \uc804\ub2ec\ud558\uac8c \ub410\ub2e4\"\uba70 \"\uc55e\uc73c\ub85c\ub3c4 \uc704\ub2c8\uc544\ub524\ucc44\ub294 \ub3c4\uc6c0\uc774 \ud544\uc694\ud55c \uacf3\uc5d0 \uc801\uadf9\uc801\uc778 \uc9c0\uc6d0\uc744 \ud574 \ub098\uac08 \uac83\"\uc774\ub77c\uace0 \ub9d0\ud588\ub2e4.    kcs@yna.co.kr\n"}, {"market": "kospi", "sid": "000300", "codename": "\ub300\uc720\ud50c\ub7ec\uc2a4", "year": 2022, "month": 3, "article_url": "http://m.fntimes.com/html/view.php?ud=202203110808106644645ffc9771_18", "news_company": "\ud55c\uad6d\uae08\uc735\uc2e0\ubb38", "title": "\uc704\ub2c8\uc544\ub524\ucc44, \uc6b8\uc9c4 \uc0b0\ubd88 \ud53c\ud574 \uc9c0\uc5ed\uc5d0 1\uc5b5\uc6d0 \uc0c1\ub2f9 \uad6c\ud638 \ubb3c\ud488 \uc804\ub2ec", "headline": null, "date_str": null, "writer": null, "section": null, "original_article_link": null, "article_body": null}, {"market": "kospi", "sid": "000300", "codename": "\ub300\uc720\ud50c\ub7ec\uc2a4", "year": 2022, "month": 3, "article_url": "http://www.newscape.co.kr/news/articleView.html?idxno=80598", "news_company": "\ub274\uc2a4\ucf00\uc774\ud504", "title": "\uc704\ub2c8\uc544\ub524\ucc44, \uc6b8\uc9c4 \uc0b0\ubd88 \ud53c\ud574 \uc9c0\uc5ed\uc5d0 1\uc5b5\uc6d0 \uc0c1\ub2f9 \uad6c\ud638 \ubb3c\ud488 \uc804\ub2ec", "headline": null, "date_str": null, "writer": null, "section": null, "original_article_link": null, "article_body": null}, {"market": "kospi", "sid": "000300", "codename": "\ub300\uc720\ud50c\ub7ec\uc2a4", "year": 2022, "month": 3, "article_url": "http://m.lawissue.co.kr/view.php?ud=202203110828518262204ead0791_12", "news_company": "\ub85c\uc774\uc288", "title": "[\uae30\uc5c5\uc0ac\ud68c\ud65c\ub3d9] \uc704\ub2c8\uc544\ub524\ucc44, \uc6b8\uc9c4 \uc0b0\ubd88 \ud53c\ud574 \uc9c0\uc5ed\uc5d0 1\uc5b5 \uc6d0 \uc0c1\ub2f9\uc758 \uad6c\ud638 \ubb3c\ud488 \uc804\ub2ec", "headline": null, "date_str": null, "writer": null, "section": null, "original_article_link": null, "article_body": null}, {"market": "kospi", "sid": "000300", "codename": "\ub300\uc720\ud50c\ub7ec\uc2a4", "year": 2022, "month": 3, "article_url": "http://www.getnews.co.kr/news/articleView.html?idxno=575922", "news_company": "\uae00\ub85c\ubc8c\uacbd\uc81c", "title": "\uc704\ub2c8\uc544\ub524\ucc44, \uc6b8\uc9c4 \uc0b0\ubd88 \ud53c\ud574 \uc9c0\uc5ed\uc5d0 \uad6c\ud638 \ubb3c\ud488 \uc804\ub2ec\u2026 1\uc5b5\uc6d0 \uaddc\ubaa8", "headline": null, "date_str": null, "writer": null, "section": null, "original_article_link": null, "article_body": null}, {"market": "kospi", "sid": "000300", "codename": "\ub300\uc720\ud50c\ub7ec\uc2a4", "year": 2022, "month": 3, "article_url": "https://m.news.naver.com/read?mode=LSD&mid=sec&sid1=102&oid=001&aid=0013045185", "news_company": "\uc5f0\ud569\ub274\uc2a4", "title": "[\ub3d9\ud574\uc548 \uc0b0\ubd88] \uc704\ub2c8\uc544\ub524\ucc44, \uc6b8\uc9c4\uad70\uccad\uc5d0 \uc628\uc5f4\ub9e4\ud2b8 400\uac1c \uae30\ubd80", "headline": "[\ub3d9\ud574\uc548 \uc0b0\ubd88] \uc704\ub2c8\uc544\ub524\ucc44, \uc6b8\uc9c4\uad70\uccad\uc5d0 \uc628\uc5f4\ub9e4\ud2b8 400\uac1c \uae30\ubd80", "date_str": "2022.03.11. \uc624\uc804 8:20", "writer": "\uae40\ucca0\uc120 \uae30\uc790", "section": "\uc0ac\ud68c", "original_article_link": "http://yna.kr/AKR20220311027200003?did=1195m", "article_body": "\n\n\n\n\n[\uc704\ub2c8\uc544\ub524\ucc44 \uc81c\uacf5. DB \ubc0f \uc7ac\ud310\ub9e4 \uae08\uc9c0](\uc11c\uc6b8=\uc5f0\ud569\ub274\uc2a4) \uae40\ucca0\uc120 \uae30\uc790 = \ub300\uc720\uc704\ub2c8\uc544\uadf8\ub8f9\uc758 \uc704\ub2c8\uc544\ub524\ucc44\ub294 \uacbd\ubd81 \uc6b8\uc9c4 \uc0b0\ubd88 \ud53c\ud574 \uc9c0\uc5ed\uc758 \uc774\uc7ac\ubbfc\uacfc \ud604\uc7a5 \uad6c\ud638 \uc778\ub825\ub4e4\uc744 \uc9c0\uc6d0\ud558\uae30 \uc704\ud574 1\uc5b5\uc6d0 \uc0c1\ub2f9\uc758 \uad6c\ud638 \ubb3c\ud488\uc744 \uc804\ub2ec\ud588\ub2e4\uace0 11\uc77c \ubc1d\ud614\ub2e4.    \uc704\ub2c8\uc544\ub524\ucc44\ub294 \ub300\uc720\uc704\ub2c8\uc544\uadf8\ub8f9 \uacc4\uc5f4\uc0ac\uc778 \ub300\uc720\ud50c\ub7ec\uc2a4\uac00 \uc0dd\uc0b0\ud558\uace0 \uc788\ub294 '\uc2ac\ub77c\uc784 DC \uce74\ubcf8\ub9e4\ud2b8'(\uc628\uc5f4\ub9e4\ud2b8) 400\uac1c\ub97c \uc6b8\uc9c4\uad70\uccad\uc5d0 \uae30\ubd80\ud588\ub2e4. \uc774 \uad6c\ud638 \ubb3c\ud488\uc740 \uc784\uc2dc \ub300\ud53c\uc18c\uc5d0\uc11c \uc0dd\ud65c \uc911\uc778 \uc774\uc7ac\ubbfc\uacfc \ud604\uc7a5 \uad6c\ud638 \uc778\ub825 \ud734\uc2dd\uacf5\uac04\uc5d0 \uc804\ub2ec\ub420 \uc608\uc815\uc774\ub2e4.    \ud68c\uc0ac \uad00\uacc4\uc790\ub294 \"\uac11\uc791\uc2a4\ub7ec\uc6b4 \uc0b0\ubd88\ub85c \uc5b4\ub824\uc6c0\uc744 \uacaa\uace0 \uc788\ub294 \ubd84\ub4e4\uaed8 \uc870\uae08\uc774\ub098\ub9c8 \ub3c4\uc6c0\uc774 \ub418\uace0\uc790 \uad6c\ud638 \ubb3c\ud488\uc744 \uc804\ub2ec\ud558\uac8c \ub410\ub2e4\"\uba70 \"\uc55e\uc73c\ub85c\ub3c4 \uc704\ub2c8\uc544\ub524\ucc44\ub294 \ub3c4\uc6c0\uc774 \ud544\uc694\ud55c \uacf3\uc5d0 \uc801\uadf9\uc801\uc778 \uc9c0\uc6d0\uc744 \ud574 \ub098\uac08 \uac83\"\uc774\ub77c\uace0 \ub9d0\ud588\ub2e4.    kcs@yna.co.kr\n"}, {"market": "kospi", "sid": "000300", "codename": "\ub300\uc720\ud50c\ub7ec\uc2a4", "year": 2022, "month": 3, "article_url": "http://m.fntimes.com/html/view.php?ud=202203110808106644645ffc9771_18", "news_company": "\ud55c\uad6d\uae08\uc735\uc2e0\ubb38", "title": "\uc704\ub2c8\uc544\ub524\ucc44, \uc6b8\uc9c4 \uc0b0\ubd88 \ud53c\ud574 \uc9c0\uc5ed\uc5d0 1\uc5b5\uc6d0 \uc0c1\ub2f9 \uad6c\ud638 \ubb3c\ud488 \uc804\ub2ec", "headline": null, "date_str": null, "writer": null, "section": null, "original_article_link": null, "article_body": null}]}