{"data": [{"market": "kospi", "sid": "000590", "codename": "CS\ud640\ub529\uc2a4", "year": 2020, "month": 6, "article_url": "https://n.news.naver.com/article/011/0003747447?sid=101", "news_company": "\uc11c\uc6b8\uacbd\uc81c", "title": "\uc624\ud6c4 2:30 \ud604\uc7ac \ucf54\uc2a4\ud53c\ub294 59:41\uc73c\ub85c \ub9e4\ub3c4\uc6b0\uc704, \ub9e4\ub3c4\uac15\uc138 \uc5c5\uc885\uc740 \uc758\ub8cc\uc815\ubc00\uc5c5(2.47%\u2191)", "headline": "\uc624\ud6c4 2:30 \ud604\uc7ac \ucf54\uc2a4\ud53c\ub294 59:41\uc73c\ub85c \ub9e4\ub3c4\uc6b0\uc704, \ub9e4\ub3c4\uac15\uc138 \uc5c5\uc885\uc740 \uc758\ub8cc\uc815\ubc00\uc5c5(2.47%\u2191)", "date_str": "2020.06.02. \uc624\ud6c4 2:31", "writer": null, "section": "\uacbd\uc81c", "original_article_link": "https://www.sedaily.com/NewsView/1Z3VD7IDD7", "article_body": "\n\t\t\t[\uc11c\uc6b8\uacbd\uc81c] 2\uc77c \uc624\ud6c4 2\uc2dc 30\ubd84 \ud604\uc7ac \ucf54\uc2a4\ud53c\ub294 \uc804\uc77c \ub300\ube44 19.07p(+0.92%) \uc0c1\uc2b9\ud55c 2084.15\ub85c, 59(\ub9e4\ub3c4):41(\ub9e4\uc218)\uc758 \ub9e4\ub3c4\uc6b0\uc704\ub97c \uae30\ub85d \uc911\uc774\ub2e4. (\u203b\ub9e4\uc218\ube44\uc728(%)=\ub9e4\uc218\uc794\ub7c9/\uc794\ub7c9\ud569\uacc4*100, \ub9e4\uc218\uc6b0\uc704=\ub9e4\uc218\ube44\uc728>\ub9e4\ub3c4\ube44\uc728)\n\n\n\n\uac15\uc138\uc5c5\uc885\uc740 \uc6b4\uc218\uc7a5\ube44\uc5c5(+4.53%), \uae08\uc735\uc5c5(+3.52%), \uae30\uacc4\uc5c5(+2.65%)\uc774\uba70, \uc57d\uc138\uc5c5\uc885\uc740 \uc758\uc57d\ud488\uc5c5(-0.58%), \uc11c\ube44\uc2a4\uc5c5(-0.41%)\uc774\ub2e4. \uc218\uae09\uce21\uba74\uc73c\ub85c\ub294 \uc758\ub8cc\uc815\ubc00\uc5c5\uc774 70:30\uc758 \ub9e4\ub3c4\uc6b0\uc704\uc138\ub97c \ub098\ud0c0\ub0b4\uace0 \uc788\uc73c\uba70, \ube44\uae08\uc18d\uad11\ubb3c\uc5c5\uc740 42:58\uc758 \ub9e4\uc218\uc6b0\uc704\uc138\ub97c \uae30\ub85d \uc911\uc774\ub2e4.\n\n\n\n\ud22c\uc790\uc790\ubcc4 \ub3d9\ud5a5\uc744 \uc0b4\ud3b4\ubcf4\uba74, \uac1c\uc778\uc774 \ud640\ub85c \ub9e4\uc218 \ud3ec\uc9c0\uc158\uc744 \ucde8\ud558\uace0 \uc788\ub294 \ubc18\uba74,  \uc678\uad6d\uc778\uacfc \uae30\uad00\uc740 \ub3d9\ubc18 \ub9e4\ub3c4\uc138\ub97c \ubcf4\uc774\uace0 \uc788\ub2e4. \uac1c\uc778\uc740 870\uc5b5\uc744 \uc21c\ub9e4\uc218 \uc911\uc774\uba70, \uc678\uad6d\uc778\uc740 342\uc5b5, \uae30\uad00\uc740 714\uc5b5\uc744 \uac01\uac01 \uc21c\ub9e4\ub3c4\ud558\uace0 \uc788\ub2e4.\uc885\ubaa9\ubcc4\ub85c\ub294 \uc870\uc120\uc120\uc7ac(120030)\uac00 29.99% \uc624\ub978 101,000\uc6d0\uc744 \uae30\ub85d \uc911\uc774\uace0, \uc0bc\uc131\uc911\uacf5\uc6b0(010145)(+29.91%), CS\ud640\ub529\uc2a4(000590)(+29.66%)\uac00 \uc624\ub984\uc138\ub97c \ubcf4\uc774\uace0 \uc788\ub294 \ubc18\uba74 \ub3d9\uc6d0\uae08\uc18d(018500)(-7.67%), \uc774\uac74\uc0b0\uc5c5(008250)(-5.35%), \ud0dc\uc601\uac74\uc124\uc6b0(009415)(-5.09%) \ub4f1\uc740 \ud558\ub77d \uc911\uc774\ub2e4.\ud604\uc7ac \uc0c1\uc2b9\uc885\ubaa9\uc740 \uc0c1\ud55c\uac00 2\uac1c \uc885\ubaa9\uc744 \ud3ec\ud568\ud574 585\uac1c, \ud558\ub77d\uc885\ubaa9\uc740 258\uac1c\ub97c \uae30\ub85d\ud558\uace0 \uc788\ub2e4.[\uc774 \uae30\uc0ac\ub294 \uc99d\uc2dc\ubd84\uc11d \uc804\ubb38\uae30\uc790 \uc11c\uacbd\ub274\uc2a4\ubd07(newsbot@sedaily.com)\uc774 \uc2e4\uc2dc\uac04\uc73c\ub85c \uc791\uc131\ud588\uc2b5\ub2c8\ub2e4.]/\uc11c\uacbd\ub274\uc2a4\ubd07 newsbot@sedaily.com[\uc11c\uc6b8\uacbd\uc81c \ubc14\ub85c\uac00\uae30]\u25b6 \ub124\uc774\ubc84 \ucc44\ub110\uc5d0\uc11c '\uc11c\uc6b8\uacbd\uc81c' \uad6c\ub3c5\ud574\uc8fc\uc138\uc694!\u25b6 \uc138\uc0c1 \ubaa8\ub4e0 \uac83\uc5d0 \ub300\ud574 \ub358\uc9c0\ub294 \uc9c8\ubb38, \uc65c(WHY)?\uc800\uc791\uad8c\uc790 \u24d2 \uc11c\uc6b8\uacbd\uc81c, \ubb34\ub2e8 \uc804\uc7ac \ubc0f \uc7ac\ubc30\ud3ec \uae08\uc9c0\n\t\t"}, {"market": "kospi", "sid": "000590", "codename": "CS\ud640\ub529\uc2a4", "year": 2020, "month": 6, "article_url": "https://n.news.naver.com/article/011/0003747425?sid=101", "news_company": "\uc11c\uc6b8\uacbd\uc81c", "title": "\uc624\ud6c4 2:00 \ud604\uc7ac \ucf54\uc2a4\ud53c\ub294 58:42\uc73c\ub85c \ub9e4\ub3c4\uc6b0\uc704, \ub9e4\ub3c4\uac15\uc138 \uc5c5\uc885\uc740 \uc758\ub8cc\uc815\ubc00\uc5c5(2.67%\u2191)", "headline": "\uc624\ud6c4 2:00 \ud604\uc7ac \ucf54\uc2a4\ud53c\ub294 58:42\uc73c\ub85c \ub9e4\ub3c4\uc6b0\uc704, \ub9e4\ub3c4\uac15\uc138 \uc5c5\uc885\uc740 \uc758\ub8cc\uc815\ubc00\uc5c5(2.67%\u2191)", "date_str": "2020.06.02. \uc624\ud6c4 2:01", "writer": null, "section": "\uacbd\uc81c", "original_article_link": "https://www.sedaily.com/NewsView/1Z3VDE5BRY", "article_body": "\n\t\t\t[\uc11c\uc6b8\uacbd\uc81c] 2\uc77c \uc624\ud6c4 2\uc2dc 0\ubd84 \ud604\uc7ac \ucf54\uc2a4\ud53c\ub294 \uc804\uc77c \ub300\ube44 13.80p(+0.67%) \uc0c1\uc2b9\ud55c 2078.88\ub85c, 58(\ub9e4\ub3c4):42(\ub9e4\uc218)\uc758 \ub9e4\ub3c4\uc6b0\uc704\ub97c \uae30\ub85d \uc911\uc774\ub2e4. (\u203b\ub9e4\uc218\ube44\uc728(%)=\ub9e4\uc218\uc794\ub7c9/\uc794\ub7c9\ud569\uacc4*100, \ub9e4\uc218\uc6b0\uc704=\ub9e4\uc218\ube44\uc728>\ub9e4\ub3c4\ube44\uc728)\n\n\n\n\uac15\uc138\uc5c5\uc885\uc740 \uc6b4\uc218\uc7a5\ube44\uc5c5(+3.58%), \uae08\uc735\uc5c5(+3.21%), \uc758\ub8cc\uc815\ubc00\uc5c5(+2.67%)\uc774\uba70, \uc57d\uc138\uc5c5\uc885\uc740 \uc11c\ube44\uc2a4\uc5c5(-0.80%), \uc758\uc57d\ud488\uc5c5(-0.63%), \uc804\uae30\uc804\uc790\uc5c5(-0.03%)\uc774\ub2e4. \uc218\uae09\uce21\uba74\uc73c\ub85c\ub294 \uc758\ub8cc\uc815\ubc00\uc5c5\uc774 70:30\uc758 \ub9e4\ub3c4\uc6b0\uc704\uc138\ub97c \ub098\ud0c0\ub0b4\uace0 \uc788\uc73c\uba70, \ube44\uae08\uc18d\uad11\ubb3c\uc5c5\uc740 43:57\uc758 \ub9e4\uc218\uc6b0\uc704\uc138\ub97c \uae30\ub85d \uc911\uc774\ub2e4.\n\n\n\n\ud22c\uc790\uc790\ubcc4 \ub3d9\ud5a5\uc744 \uc0b4\ud3b4\ubcf4\uba74, \uac1c\uc778\uc774 \ud640\ub85c \ub9e4\uc218 \ud3ec\uc9c0\uc158\uc744 \ucde8\ud558\uace0 \uc788\ub294 \ubc18\uba74,  \uc678\uad6d\uc778\uacfc \uae30\uad00\uc740 \ub3d9\ubc18 \ub9e4\ub3c4\uc138\ub97c \ubcf4\uc774\uace0 \uc788\ub2e4. \uac1c\uc778\uc740 1,266\uc5b5\uc744 \uc21c\ub9e4\uc218 \uc911\uc774\uba70, \uc678\uad6d\uc778\uc740 325\uc5b5, \uae30\uad00\uc740 1,148\uc5b5\uc744 \uac01\uac01 \uc21c\ub9e4\ub3c4\ud558\uace0 \uc788\ub2e4.\uc885\ubaa9\ubcc4\ub85c\ub294 \uc870\uc120\uc120\uc7ac(120030)\uac00 29.99% \uc624\ub978 101,000\uc6d0\uc744 \uae30\ub85d \uc911\uc774\uace0, \uc0bc\uc131\uc911\uacf5\uc6b0(010145)(+29.91%), CS\ud640\ub529\uc2a4(000590)(+26.45%)\uac00 \uc624\ub984\uc138\ub97c \ubcf4\uc774\uace0 \uc788\ub294 \ubc18\uba74 \ub3d9\uc6d0\uae08\uc18d(018500)(-6.75%), \uc774\uac74\uc0b0\uc5c5(008250)(-5.10%), \ud0dc\uc601\uac74\uc124\uc6b0(009415)(-4.87%) \ub4f1\uc740 \ud558\ub77d \uc911\uc774\ub2e4.\ud604\uc7ac \uc0c1\uc2b9\uc885\ubaa9\uc740 \uc0c1\ud55c\uac00 2\uac1c \uc885\ubaa9\uc744 \ud3ec\ud568\ud574 563\uac1c, \ud558\ub77d\uc885\ubaa9\uc740 273\uac1c\ub97c \uae30\ub85d\ud558\uace0 \uc788\ub2e4.[\uc774 \uae30\uc0ac\ub294 \uc99d\uc2dc\ubd84\uc11d \uc804\ubb38\uae30\uc790 \uc11c\uacbd\ub274\uc2a4\ubd07(newsbot@sedaily.com)\uc774 \uc2e4\uc2dc\uac04\uc73c\ub85c \uc791\uc131\ud588\uc2b5\ub2c8\ub2e4.]/\uc11c\uacbd\ub274\uc2a4\ubd07 newsbot@sedaily.com[\uc11c\uc6b8\uacbd\uc81c \ubc14\ub85c\uac00\uae30]\u25b6 \ub124\uc774\ubc84 \ucc44\ub110\uc5d0\uc11c '\uc11c\uc6b8\uacbd\uc81c' \uad6c\ub3c5\ud574\uc8fc\uc138\uc694!\u25b6 \uc138\uc0c1 \ubaa8\ub4e0 \uac83\uc5d0 \ub300\ud574 \ub358\uc9c0\ub294 \uc9c8\ubb38, \uc65c(WHY)?\uc800\uc791\uad8c\uc790 \u24d2 \uc11c\uc6b8\uacbd\uc81c, \ubb34\ub2e8 \uc804\uc7ac \ubc0f \uc7ac\ubc30\ud3ec \uae08\uc9c0\n\t\t"}, {"market": "kospi", "sid": "000590", "codename": "CS\ud640\ub529\uc2a4", "year": 2020, "month": 6, "article_url": "https://n.news.naver.com/article/366/0000532276?sid=004", "news_company": "\uc870\uc120\ube44\uc988", "title": "\uac70\ub798\ub7c9 \uc99d\uac00 \uc0c1\uc704 20\uc120 - \ucf54\uc2a4\ud53c", "headline": "\uac70\ub798\ub7c9 \uc99d\uac00 \uc0c1\uc704 20\uc120 - \ucf54\uc2a4\ud53c", "date_str": "2020.06.02. \uc624\ud6c4 1:52", "writer": null, "section": null, "original_article_link": "https://biz.chosun.com/site/data/html_dir/2020/06/02/2020060202293.html?utm_source=naver&utm_medium=original&utm_campaign=biz", "article_body": "\n\t\t\t\uc624\ud6c4 01\uc2dc 51\ubd84 \ud604\uc7ac \ucf54\uc2a4\ud53c \uc2dc\uc7a5\uc5d0\uc11c \uac70\ub798\ub7c9\uc774 \uae09\uc99d\ud55c \uc885\ubaa9\uc740 \uc870\uc120\uc120\uc7ac(120030), CS\ud640\ub529\uc2a4(000590), \uc0bc\uc131\uc911\uacf5\uc6b0(010145), \ud0a4\ub2e4\ub9ac\uc2a4\ud29c\ub514\uc624(020120), \uc30d\uc6a9\uc591\ud68c\uc6b0(003415)\ub4f1\uc774\ub2e4.\uc21c\uc704\uc885\ubaa9\uba85\uac70\ub798\ub7c9 \uc99d\uac00\uc728\uc8fc\uac00 \ub4f1\ub77d\ub960\uc5f0\uad00 \uc139\ud1301\uc870\uc120\uc120\uc7ac(120030)+43,360%+29.99%\ucca0\uac152CS\ud640\ub529\uc2a4(000590)+14,045%+26.25%\ucca0\uac153\uc0bc\uc131\uc911\uacf5\uc6b0(010145)+13,296%+29.91%4\ud0a4\ub2e4\ub9ac\uc2a4\ud29c\ub514\uc624(020120)+3,229%+7.08%\uc591\ubc29\ud5a5\ubbf8\ub514\uc5b4\uc640\uc11c\ube44\uc2a45\uc30d\uc6a9\uc591\ud68c\uc6b0(003415)+2,713%+20.55%6KTcs(058850)+971%+3.17%[\ucee8\ud0dd\uc13c\ud130(\ucf5c\uc13c\ud130)]7\ud61c\uc778(003010)+895%+4.13%[\ubc29\uc704\uc0b0\uc5c5]8\uc0bc\uc131\ucd9c\ud310\uc0ac(068290)+884%+3.07%[\uad50\uc721]9\uc774\uc218\ud654\ud559(005950)+862%+1.94%\ud654\ud55910\uc9c4\uc591\ud654\ud559(051630)+805%+4.01%[\uac74\uc790\uc7ac - \ubc14\ub2e5\uc7ac\u00b7\ud569\ud310\u00b7\ucc3d\ud638]11\ub3d9\uc544\ud0c0\uc774\uc5b4(282690)+773%+2.74%[\ud0c0\uc774\uc5b4]12\ubc31\uc0b0(035150)+553%+6.87%[\ud53c\ud601 - \ud569\uc131]13\uc778\ub514\uc5d0\ud504(014990)+529%+4.57%[\uac1c\uc131\uacf5\ub2e8]14\ud604\ub300\uc911\uacf5\uc5c5\uc9c0\uc8fc(267250)+528%+1.42%\uc11d\uc720\uc640 \uac00\uc2a415\uc720\uc548\ud0c0\uc99d\uad8c(003470)+516%+6.40%[\uc99d\uad8c\uc0ac]16\uc0bc\uc131\uc911\uacf5\uc5c5(010140)+513%+17.87%[\uc870\uc120 \ub300\ud45c\uc8fc]17\uc138\uc9c4\uc911\uacf5\uc5c5(075580)+512%+6.95%\uc870\uc12018\ucf54\uc544\uc2a4(071950)+482%-1.61%[\uac74\uc790\uc7ac - \uac00\uad6c]19\uc870\uad11\ud398\uc778\ud2b8(004910)+472%+3.55%[\ud398\uc778\ud2b8]20\ud55c\uad6d\uc870\uc120\ud574\uc591+453%+7.59%[\ud654\ud559 - \uc815\uc720]\u203b \uc8fc\uac00 \ub4f1\ub77d\ub960: \uc624\ud6c4 01\uc2dc 51\ubd84 \uae30\uc900 \ub4f1\ub77d\ub960[\uc774 \uae30\uc0ac\ub294 \uc99d\uad8c\ud50c\ub7ec\uc2a4(\ub450\ub098\ubb34)\uac00 \uc790\uccb4 \uac1c\ubc1c\ud55c \ub85c\ubd07 \uae30\uc790\uc778 'C-Biz\ubd07'\uc774 \uc2e4\uc2dc\uac04\uc73c\ub85c \uc791\uc131\ud588\uc2b5\ub2c8\ub2e4.][C-Biz\ubd07]\t[\ub124\uc774\ubc84 \uba54\uc778\uc5d0\uc11c \uc870\uc120\ube44\uc988 \ubc1b\uc544\ubcf4\uae30]\t[\uc870\uc120\ube44\uc988 \ubc14\ub85c\uac00\uae30] \tchosunbiz.com\n"}, {"market": "kospi", "sid": "000590", "codename": "CS\ud640\ub529\uc2a4", "year": 2020, "month": 6, "article_url": "https://n.news.naver.com/article/014/0004435715?sid=101", "news_company": "\ud30c\uc774\ub0b8\uc15c\ub274\uc2a4", "title": "[fnRASSI]CS\ud640\ub529\uc2a4 \uc804\uc77c\ub300\ube44 29.86% \uc0c1\uc2b9", "headline": "[fnRASSI]CS\ud640\ub529\uc2a4 \uc804\uc77c\ub300\ube44 29.86% \uc0c1\uc2b9", "date_str": "2020.06.02. \uc624\ud6c4 1:32", "writer": null, "section": "\uacbd\uc81c", "original_article_link": "http://www.fnnews.com/news/202006021331385247", "article_body": "\n\ud604\uc7ac CS\ud640\ub529\uc2a4(000590)\ub294 \uc804\uc77c\ub300\ube44 29.86% \uc0c1\uc2b9\ud558\uc5ec 64,800\uc6d0 \uc120\uc5d0\uc11c \uac70\ub798\uac00 \uc774\ub8e8\uc5b4\uc9c0\uace0 \uc788\ub2e4.    \uac1c\uc778,\uae30\uad00 \ud22c\uc790\uc790\ub9cc \ub9e4\ub9e4\uc5d0 \ucc38\uc5ec \ucd5c\uadfc \ud55c\ub2ec\uac04 \uc8fc\uccb4\ubcc4 \uac70\ub798\ube44\uc911\uc744 \uc0b4\ud3b4\ubcf4\uba74 \uac1c\uc778 \ube44\uc911\uc774 93.66%\ub85c \uac00\uc7a5 \ub192\uc558\uace0, \uae30\uad00\uc774 5.13%\ub85c \uadf8 \ub4a4\ub97c \uc774\uc5c8\ub2e4. \uc678\uad6d\uc778\uc740 \uac70\ub798\uc5d0 \ucc38\uc5ec\ud558\uc9c0 \uc54a\uc740 \uac83\uc73c\ub85c \ubcf4\uc778\ub2e4. \uadf8\ub9ac\uace0 \ucd5c\uadfc 5\uc77c\uac04 \uac70\ub798\ube44\uc911\uc740 \uac1c\uc778\uc774 94.88%, \uae30\uad00\uc774 2.2%\ub97c \ubcf4\uc600\uace0, \uc678\uad6d\uc778\uc740 \uac70\ub798\ucc38\uc5ec\uac00 \uc5c6\uc5c8\ub2e4.    \ud000\ud2b8 \uc7ac\ubb34\ubd84\uc11d, \uc885\ud569\uc810\uc218 101\uc810\uc73c\ub85c \uc0c1\uc2b9                     \uc9c0\ud45c               \ud56d\ubaa9               \uac12               \uc885\ud569\uc810\uc218                 \uc131\uc7a5\uc131               \ub9e4\ucd9c\uc561\uc99d\uac00\uc728               0.05               7.16                 \uc790\uae30\uc790\ubcf8\uc99d\uac00\uc728               0.03                 \uc548\uc815\uc131               \ubd80\ucc44\ube44\uc728               10.43               10                 \uc720\ub3d9\ube44\uc728               949.35                 \uc774\uc775\uc548\uc815\uc131               10                 \uc218\uc775\uc131               ROA               6.13               8.09                 ROE               6.77                 \uc601\uc5c5\uc774\uc775\uc728               13.12           CS\ud640\ub529\uc2a4\uc758 \ud000\ud2b8 \uc7ac\ubb34 \uc810\uc218\ub294 25.25\uc810\uc73c\ub85c 3\uac1c\uc6d4 \uc774\uc804 23.5\uc810\ubcf4\ub2e4 \uc62c\ub790\ub2e4. \uc9c0\ub09c \ubd84\uae30\uc5d0 \ube44\ud574 \uc131\uc7a5\uc131 \uc810\uc218\uac00 \uc0c1\uc2b9\ud588\ub2e4. \uc774\ub294 \ub9e4\ucd9c\uc561 \uc99d\uac00\uc728\uacfc \uc790\uae30\uc790\ubcf8 \uc99d\uac00\uc728\uc774 \uc99d\uac00\ud558\uc600\uae30 \ub54c\ubb38\uc774\ub2e4. \uc218\uc775\uc131 \uce21\uba74\uc5d0\uc11c \ubcfc\ub54c ROA, ROE, \uc601\uc5c5\uc774\uc775\ub960 \ubaa8\ub450 \uac1c\uc120\ub418\uc5b4 \uc774\uc804\ubcf4\ub2e4 \uc88b\uc740 \uc810\uc218\ub97c \ubc1b\uc558\ub2e4.  \n\n\n\n'fnRASSI'\ub294 \uae08\uc735 AI \uc804\ubb38\uae30\uc5c5 \uc53d\ud06c\ud480\uacfc \ud30c\uc774\ub0b8\uc15c\ub274\uc2a4\uc758 \ud611\uc5c5\uc73c\ub85c \ub85c\ubd07\uae30\uc790\uac00 \uc2e4\uc2dc\uac04\uc73c\ub85c \uc0dd\uc0b0\ud558\ub294 \uae30\uc0ac\uc785\ub2c8\ub2e4.   fnRASSI@fnnews.com fnRASSI \u25b6 \ud5c9! \uc18c\ub9ac\ub098\ub294 \uc2a4!\ud1a0\ub9ac \ub274\uc2a4 [\ud5c9\uc2a4]\u25b6 '\uc544\ub294 \ucc99'\ud558\uace0 \uc2f6\uc740 \ub2f9\uc2e0\uc744 \uc704\ud55c [\ub450\uc720\ub178\uc6b0]  \u203b \uc800\uc791\uad8c\uc790 \u24d2 \ud30c\uc774\ub0b8\uc15c\ub274\uc2a4. \ubb34\ub2e8 \uc804\uc7ac-\uc7ac\ubc30\ud3ec \uae08\uc9c0\n\t\t"}, {"market": "kospi", "sid": "000590", "codename": "CS\ud640\ub529\uc2a4", "year": 2020, "month": 6, "article_url": "https://n.news.naver.com/article/011/0003747409?sid=101", "news_company": "\uc11c\uc6b8\uacbd\uc81c", "title": "\uc624\ud6c4 1:30 \ud604\uc7ac \ucf54\uc2a4\ud53c\ub294 59:41\uc73c\ub85c \ub9e4\ub3c4\uc6b0\uc704, \ub9e4\ub3c4\uac15\uc138 \uc5c5\uc885\uc740 \uc758\ub8cc\uc815\ubc00\uc5c5(2.95%\u2191)", "headline": "\uc624\ud6c4 1:30 \ud604\uc7ac \ucf54\uc2a4\ud53c\ub294 59:41\uc73c\ub85c \ub9e4\ub3c4\uc6b0\uc704, \ub9e4\ub3c4\uac15\uc138 \uc5c5\uc885\uc740 \uc758\ub8cc\uc815\ubc00\uc5c5(2.95%\u2191)", "date_str": "2020.06.02. \uc624\ud6c4 1:31", "writer": null, "section": "\uacbd\uc81c", "original_article_link": "https://www.sedaily.com/NewsView/1Z3VDFXHFZ", "article_body": "\n\t\t\t[\uc11c\uc6b8\uacbd\uc81c] 2\uc77c \uc624\ud6c4 1\uc2dc 30\ubd84 \ud604\uc7ac \ucf54\uc2a4\ud53c\ub294 \uc804\uc77c \ub300\ube44 13.62p(+0.66%) \uc0c1\uc2b9\ud55c 2078.70\ub85c, 59(\ub9e4\ub3c4):41(\ub9e4\uc218)\uc758 \ub9e4\ub3c4\uc6b0\uc704\ub97c \uae30\ub85d \uc911\uc774\ub2e4. (\u203b\ub9e4\uc218\ube44\uc728(%)=\ub9e4\uc218\uc794\ub7c9/\uc794\ub7c9\ud569\uacc4*100, \ub9e4\uc218\uc6b0\uc704=\ub9e4\uc218\ube44\uc728>\ub9e4\ub3c4\ube44\uc728)\n\n\n\n\uac15\uc138\uc5c5\uc885\uc740 \uc6b4\uc218\uc7a5\ube44\uc5c5(+3.55%), \uae08\uc735\uc5c5(+3.02%), \uc758\ub8cc\uc815\ubc00\uc5c5(+2.95%)\uc774\uba70, \uc57d\uc138\uc5c5\uc885\uc740 \uc11c\ube44\uc2a4\uc5c5(-0.71%), \uc758\uc57d\ud488\uc5c5(-0.57%), \uc804\uae30\uac00\uc2a4\uc5c5(-0.02%)\uc774\ub2e4. \uc218\uae09\uce21\uba74\uc73c\ub85c\ub294 \uc758\ub8cc\uc815\ubc00\uc5c5\uc774 71:29\uc758 \uac15\ud55c \ub9e4\ub3c4\uc6b0\uc704\uc138\ub97c \ub098\ud0c0\ub0b4\uace0 \uc788\uc73c\uba70, \ube44\uae08\uc18d\uad11\ubb3c\uc5c5\uc740 42:58\uc758 \ub9e4\uc218\uc6b0\uc704\uc138\ub97c \uae30\ub85d \uc911\uc774\ub2e4.\n\n\n\n\ud22c\uc790\uc790\ubcc4 \ub3d9\ud5a5\uc744 \uc0b4\ud3b4\ubcf4\uba74, \uac1c\uc778\uc774 \ud640\ub85c \ub9e4\uc218 \ud3ec\uc9c0\uc158\uc744 \ucde8\ud558\uace0 \uc788\ub294 \ubc18\uba74,  \uc678\uad6d\uc778\uacfc \uae30\uad00\uc740 \ub3d9\ubc18 \ub9e4\ub3c4\uc138\ub97c \ubcf4\uc774\uace0 \uc788\ub2e4. \uac1c\uc778\uc740 1,194\uc5b5\uc744 \uc21c\ub9e4\uc218 \uc911\uc774\uba70, \uc678\uad6d\uc778\uc740 244\uc5b5, \uae30\uad00\uc740 1,133\uc5b5\uc744 \uac01\uac01 \uc21c\ub9e4\ub3c4\ud558\uace0 \uc788\ub2e4.\uc885\ubaa9\ubcc4\ub85c\ub294 \uc870\uc120\uc120\uc7ac(120030)\uac00 29.99% \uc624\ub978 101,000\uc6d0\uc744 \uae30\ub85d \uc911\uc774\uace0, \uc0bc\uc131\uc911\uacf5\uc6b0(010145)(+29.91%), CS\ud640\ub529\uc2a4(000590)(+29.86%)\uac00 \uc624\ub984\uc138\ub97c \ubcf4\uc774\uace0 \uc788\ub294 \ubc18\uba74 \ub3d9\uc6d0\uae08\uc18d(018500)(-7.78%), \ud734\ube44\uc2a4(079980)(-4.95%), \uad6d\ubcf4(001140)(-4.90%) \ub4f1\uc740 \ud558\ub77d \uc911\uc774\ub2e4.\ud604\uc7ac \uc0c1\uc2b9\uc885\ubaa9\uc740 \uc0c1\ud55c\uac00 3\uac1c \uc885\ubaa9\uc744 \ud3ec\ud568\ud574 553\uac1c, \ud558\ub77d\uc885\ubaa9\uc740 283\uac1c\ub97c \uae30\ub85d\ud558\uace0 \uc788\ub2e4.[\uc774 \uae30\uc0ac\ub294 \uc99d\uc2dc\ubd84\uc11d \uc804\ubb38\uae30\uc790 \uc11c\uacbd\ub274\uc2a4\ubd07(newsbot@sedaily.com)\uc774 \uc2e4\uc2dc\uac04\uc73c\ub85c \uc791\uc131\ud588\uc2b5\ub2c8\ub2e4.]/\uc11c\uacbd\ub274\uc2a4\ubd07 newsbot@sedaily.com[\uc11c\uc6b8\uacbd\uc81c \ubc14\ub85c\uac00\uae30]\u25b6 \ub124\uc774\ubc84 \ucc44\ub110\uc5d0\uc11c '\uc11c\uc6b8\uacbd\uc81c' \uad6c\ub3c5\ud574\uc8fc\uc138\uc694!\u25b6 \uc138\uc0c1 \ubaa8\ub4e0 \uac83\uc5d0 \ub300\ud574 \ub358\uc9c0\ub294 \uc9c8\ubb38, \uc65c(WHY)?\uc800\uc791\uad8c\uc790 \u24d2 \uc11c\uc6b8\uacbd\uc81c, \ubb34\ub2e8 \uc804\uc7ac \ubc0f \uc7ac\ubc30\ud3ec \uae08\uc9c0\n\t\t"}, {"market": "kospi", "sid": "000590", "codename": "CS\ud640\ub529\uc2a4", "year": 2020, "month": 6, "article_url": "http://m.businesspost.co.kr/BP?command=mobile_view&idxno=180911", "news_company": "\ube44\uc988\ub2c8\uc2a4\ud3ec\uc2a4\ud2b8", "title": "\ucf54\uc2a4\ud53c \ucf54\uc2a4\ub2e5 \uc7a5\uc911 \ub3d9\ubc18\uc0c1\uc2b9 \uc9c0\uc18d, \uc870\uc120\uc120\uc7ac SNK \ucf00\uc774\uc5d0\uc2a4\ud53c \uae09\ub4f1", "headline": null, "date_str": null, "writer": null, "section": null, "original_article_link": null, "article_body": null}, {"market": "kospi", "sid": "000590", "codename": "CS\ud640\ub529\uc2a4", "year": 2020, "month": 6, "article_url": "https://n.news.naver.com/article/366/0000532245?sid=004", "news_company": "\uc870\uc120\ube44\uc988", "title": "52\uc8fc \uc2e0\uace0\uac00 - \ucf54\uc2a4\ud53c", "headline": "52\uc8fc \uc2e0\uace0\uac00 - \ucf54\uc2a4\ud53c", "date_str": "2020.06.02. \uc624\ud6c4 1:12", "writer": null, "section": null, "original_article_link": "https://biz.chosun.com/site/data/html_dir/2020/06/02/2020060202141.html?utm_source=naver&utm_medium=original&utm_campaign=biz", "article_body": "\n\t\t\t\uc624\ud6c4 01\uc2dc 10\ubd84 \ud604\uc7ac \ucf54\uc2a4\ud53c \uc2dc\uc7a5\uc5d0\uc11c \uc2e0\uace0\uac00\ub97c \uae30\ub85d\ud55c \uc885\ubaa9\uc740 LG\ud558\uc6b0\uc2dc\uc2a4(108670), \ub354\uc874\ube44\uc988\uc628(012510), \ud558\uc774\ud2b8\uc9c4\ub85c(000080), \ud55c\uc0d8(009240), \ud0a4\uc6c0\uc99d\uad8c(039490)\ub4f1\uc774\ub2e4.\uc21c\uc704\uc885\ubaa9\uba85\uc5f0\uc18d\uc77c\uc8fc\uac00 \ub4f1\ub77d\ub960\uc5f0\uad00 \uc139\ud1301LG\ud558\uc6b0\uc2dc\uc2a4(108670)6+2.26%[\uc790\ub3d9\ucc28 \uc5f0\ube44\uac1c\uc120 - \uacbd\ub7c9\ud654]2\ub354\uc874\ube44\uc988\uc628(012510)4-0.42%[\ud074\ub77c\uc6b0\ub4dc \ucef4\ud4e8\ud305]3\ud558\uc774\ud2b8\uc9c4\ub85c(000080)20.00%[\uc74c\uc2dd\ub8cc - \uc8fc\ub958]4\ud55c\uc0d8(009240)1+8.59%[\uac74\uc790\uc7ac - \uac00\uad6c]5\ud0a4\uc6c0\uc99d\uad8c(039490)1+6.91%[\uc99d\uad8c\uc0ac]6\ud55c\uad6d\uce74\ubcf8(017960)1+5.08%[\uc790\ub3d9\ucc28 \uc5f0\ube44\uac1c\uc120 - \uacbd\ub7c9\ud654]7\ub300\uc0c1\ud640\ub529\uc2a4(084690)1+7.27%\uc2dd\ud4888HSD\uc5d4\uc9c4(082740)1+14.76%\uc870\uc1209DRB\ub3d9\uc77c(004840)1+5.41%\uc790\ub3d9\ucc28\ubd80\ud48810\uae08\uc591(001570)1+6.97%[\uc2e0\ubc1c \uc18c\uc7ac\u00b7\uc81c\uc870]11\uc870\uc120\uc120\uc7ac(120030)1+29.99%\ucca0\uac1512YG PLUS(037270)1-1.05%\ubc29\uc1a1\uacfc\uc5d4\ud130\ud14c\uc778\uba3c\ud2b813CS\ud640\ub529\uc2a4(000590)1+29.86%\ucca0\uac1514\uc30d\uc6a9\uc591\ud68c\uc6b0(003415)1+20.55%\u203b \uc8fc\uac00 \ub4f1\ub77d\ub960: \uc624\ud6c4 01\uc2dc 10\ubd84 \uae30\uc900 \ub4f1\ub77d\ub960[\uc774 \uae30\uc0ac\ub294 \uc99d\uad8c\ud50c\ub7ec\uc2a4(\ub450\ub098\ubb34)\uac00 \uc790\uccb4 \uac1c\ubc1c\ud55c \ub85c\ubd07 \uae30\uc790\uc778 'C-Biz\ubd07'\uc774 \uc2e4\uc2dc\uac04\uc73c\ub85c \uc791\uc131\ud588\uc2b5\ub2c8\ub2e4.][C-Biz\ubd07]\t[\ub124\uc774\ubc84 \uba54\uc778\uc5d0\uc11c \uc870\uc120\ube44\uc988 \ubc1b\uc544\ubcf4\uae30]\t[\uc870\uc120\ube44\uc988 \ubc14\ub85c\uac00\uae30] \tchosunbiz.com\n"}, {"market": "kospi", "sid": "000590", "codename": "CS\ud640\ub529\uc2a4", "year": 2020, "month": 6, "article_url": "https://n.news.naver.com/article/011/0003747390?sid=101", "news_company": "\uc11c\uc6b8\uacbd\uc81c", "title": "\uc624\ud6c4 1:00 \ud604\uc7ac \ucf54\uc2a4\ud53c\ub294 59:41\uc73c\ub85c \ub9e4\ub3c4\uc6b0\uc704, \ub9e4\ub3c4\uac15\uc138 \uc5c5\uc885\uc740 \uc758\ub8cc\uc815\ubc00\uc5c5(2.00%\u2191)", "headline": "\uc624\ud6c4 1:00 \ud604\uc7ac \ucf54\uc2a4\ud53c\ub294 59:41\uc73c\ub85c \ub9e4\ub3c4\uc6b0\uc704, \ub9e4\ub3c4\uac15\uc138 \uc5c5\uc885\uc740 \uc758\ub8cc\uc815\ubc00\uc5c5(2.00%\u2191)", "date_str": "2020.06.02. \uc624\ud6c4 1:01", "writer": null, "section": "\uacbd\uc81c", "original_article_link": "https://www.sedaily.com/NewsView/1Z3VCXMYMK", "article_body": "\n\t\t\t[\uc11c\uc6b8\uacbd\uc81c] 2\uc77c \uc624\ud6c4 1\uc2dc 0\ubd84 \ud604\uc7ac \ucf54\uc2a4\ud53c\ub294 \uc804\uc77c \ub300\ube44 17.64p(+0.85%) \uc0c1\uc2b9\ud55c 2082.72\ub85c, 59(\ub9e4\ub3c4):41(\ub9e4\uc218)\uc758 \ub9e4\ub3c4\uc6b0\uc704\ub97c \uae30\ub85d \uc911\uc774\ub2e4. (\u203b\ub9e4\uc218\ube44\uc728(%)=\ub9e4\uc218\uc794\ub7c9/\uc794\ub7c9\ud569\uacc4*100, \ub9e4\uc218\uc6b0\uc704=\ub9e4\uc218\ube44\uc728>\ub9e4\ub3c4\ube44\uc728)\n\n\n\n\uac15\uc138\uc5c5\uc885\uc740 \uc6b4\uc218\uc7a5\ube44\uc5c5(+3.94%), \uae08\uc735\uc5c5(+3.21%), \uae30\uacc4\uc5c5(+2.21%)\uc774\uba70, \uc57d\uc138\uc5c5\uc885\uc740 \uc11c\ube44\uc2a4\uc5c5(-0.46%), \uc758\uc57d\ud488\uc5c5(-0.44%)\uc774\ub2e4. \uc218\uae09\uce21\uba74\uc73c\ub85c\ub294 \uc758\ub8cc\uc815\ubc00\uc5c5\uc774 72:28\uc758 \uac15\ud55c \ub9e4\ub3c4\uc6b0\uc704\uc138\ub97c \ub098\ud0c0\ub0b4\uace0 \uc788\uc73c\uba70, \ube44\uae08\uc18d\uad11\ubb3c\uc5c5\uc740 42:58\uc758 \ub9e4\uc218\uc6b0\uc704\uc138\ub97c \uae30\ub85d \uc911\uc774\ub2e4.\n\n\n\n\ud22c\uc790\uc790\ubcc4 \ub3d9\ud5a5\uc744 \uc0b4\ud3b4\ubcf4\uba74, \uac1c\uc778\uc774 \ud640\ub85c \ub9e4\uc218 \ud3ec\uc9c0\uc158\uc744 \ucde8\ud558\uace0 \uc788\ub294 \ubc18\uba74,  \uc678\uad6d\uc778\uacfc \uae30\uad00\uc740 \ub3d9\ubc18 \ub9e4\ub3c4\uc138\ub97c \ubcf4\uc774\uace0 \uc788\ub2e4. \uac1c\uc778\uc740 934\uc5b5\uc744 \uc21c\ub9e4\uc218 \uc911\uc774\uba70, \uc678\uad6d\uc778\uc740 120\uc5b5, \uae30\uad00\uc740 980\uc5b5\uc744 \uac01\uac01 \uc21c\ub9e4\ub3c4\ud558\uace0 \uc788\ub2e4.\uc885\ubaa9\ubcc4\ub85c\ub294 \uc870\uc120\uc120\uc7ac(120030)\uac00 29.99% \uc624\ub978 101,000\uc6d0\uc744 \uae30\ub85d \uc911\uc774\uace0, \uc0bc\uc131\uc911\uacf5\uc6b0(010145)(+29.91%), CS\ud640\ub529\uc2a4(000590)(+29.86%)\uac00 \uc624\ub984\uc138\ub97c \ubcf4\uc774\uace0 \uc788\ub294 \ubc18\uba74 \ub3d9\uc6d0\uae08\uc18d(018500)(-7.09%), \ud0dc\uc601\uac74\uc124\uc6b0(009415)(-5.97%), \ud734\ube44\uc2a4(079980)(-4.58%) \ub4f1\uc740 \ud558\ub77d \uc911\uc774\ub2e4.\ud604\uc7ac \uc0c1\uc2b9\uc885\ubaa9\uc740 \uc0c1\ud55c\uac00 3\uac1c \uc885\ubaa9\uc744 \ud3ec\ud568\ud574 550\uac1c, \ud558\ub77d\uc885\ubaa9\uc740 287\uac1c\ub97c \uae30\ub85d\ud558\uace0 \uc788\ub2e4.[\uc774 \uae30\uc0ac\ub294 \uc99d\uc2dc\ubd84\uc11d \uc804\ubb38\uae30\uc790 \uc11c\uacbd\ub274\uc2a4\ubd07(newsbot@sedaily.com)\uc774 \uc2e4\uc2dc\uac04\uc73c\ub85c \uc791\uc131\ud588\uc2b5\ub2c8\ub2e4.]/\uc11c\uacbd\ub274\uc2a4\ubd07 newsbot@sedaily.com[\uc11c\uc6b8\uacbd\uc81c \ubc14\ub85c\uac00\uae30]\u25b6 \ub124\uc774\ubc84 \ucc44\ub110\uc5d0\uc11c '\uc11c\uc6b8\uacbd\uc81c' \uad6c\ub3c5\ud574\uc8fc\uc138\uc694!\u25b6 \uc138\uc0c1 \ubaa8\ub4e0 \uac83\uc5d0 \ub300\ud574 \ub358\uc9c0\ub294 \uc9c8\ubb38, \uc65c(WHY)?\uc800\uc791\uad8c\uc790 \u24d2 \uc11c\uc6b8\uacbd\uc81c, \ubb34\ub2e8 \uc804\uc7ac \ubc0f \uc7ac\ubc30\ud3ec \uae08\uc9c0\n\t\t"}, {"market": "kospi", "sid": "000590", "codename": "CS\ud640\ub529\uc2a4", "year": 2020, "month": 6, "article_url": "https://n.news.naver.com/article/011/0003747381?sid=101", "news_company": "\uc11c\uc6b8\uacbd\uc81c", "title": "\uc624\ud6c4 12:30 \ud604\uc7ac \ucf54\uc2a4\ud53c\ub294 60:40\uc73c\ub85c \ub9e4\ub3c4\uc6b0\uc704, \ub9e4\ub3c4\uac15\uc138 \uc5c5\uc885\uc740 \uc758\ub8cc\uc815\ubc00\uc5c5(1.90%\u2191)", "headline": "\uc624\ud6c4 12:30 \ud604\uc7ac \ucf54\uc2a4\ud53c\ub294 60:40\uc73c\ub85c \ub9e4\ub3c4\uc6b0\uc704, \ub9e4\ub3c4\uac15\uc138 \uc5c5\uc885\uc740 \uc758\ub8cc\uc815\ubc00\uc5c5(1.90%\u2191)", "date_str": "2020.06.02. \uc624\ud6c4 12:31", "writer": null, "section": "\uacbd\uc81c", "original_article_link": "https://www.sedaily.com/NewsView/1Z3VDGX03C", "article_body": "\n\t\t\t[\uc11c\uc6b8\uacbd\uc81c] 2\uc77c \uc624\ud6c4 12\uc2dc 30\ubd84 \ud604\uc7ac \ucf54\uc2a4\ud53c\ub294 \uc804\uc77c \ub300\ube44 17.88p(+0.87%) \uc0c1\uc2b9\ud55c 2082.96\ub85c, 60(\ub9e4\ub3c4):40(\ub9e4\uc218)\uc758 \ub9e4\ub3c4\uc6b0\uc704\ub97c \uae30\ub85d \uc911\uc774\ub2e4. (\u203b\ub9e4\uc218\ube44\uc728(%)=\ub9e4\uc218\uc794\ub7c9/\uc794\ub7c9\ud569\uacc4*100, \ub9e4\uc218\uc6b0\uc704=\ub9e4\uc218\ube44\uc728>\ub9e4\ub3c4\ube44\uc728)\n\n\n\n\uac15\uc138\uc5c5\uc885\uc740 \uc6b4\uc218\uc7a5\ube44\uc5c5(+4.06%), \uae08\uc735\uc5c5(+3.12%), \uae30\uacc4\uc5c5(+2.29%)\uc774\uba70, \uc57d\uc138\uc5c5\uc885\uc740 \uc758\uc57d\ud488\uc5c5(-0.49%), \uc11c\ube44\uc2a4\uc5c5(-0.46%)\uc774\ub2e4. \uc218\uae09\uce21\uba74\uc73c\ub85c\ub294 \uc758\ub8cc\uc815\ubc00\uc5c5\uc774 73:27\uc758 \uac15\ud55c \ub9e4\ub3c4\uc6b0\uc704\uc138\ub97c \ub098\ud0c0\ub0b4\uace0 \uc788\uc73c\uba70, \ube44\uae08\uc18d\uad11\ubb3c\uc5c5\uc740 43:57\uc758 \ub9e4\uc218\uc6b0\uc704\uc138\ub97c \uae30\ub85d \uc911\uc774\ub2e4.\n\n\n\n\ud22c\uc790\uc790\ubcc4 \ub3d9\ud5a5\uc744 \uc0b4\ud3b4\ubcf4\uba74, \uac1c\uc778\uc774 \ud640\ub85c \ub9e4\uc218 \ud3ec\uc9c0\uc158\uc744 \ucde8\ud558\uace0 \uc788\ub294 \ubc18\uba74,  \uc678\uad6d\uc778\uacfc \uae30\uad00\uc740 \ub3d9\ubc18 \ub9e4\ub3c4\uc138\ub97c \ubcf4\uc774\uace0 \uc788\ub2e4. \uac1c\uc778\uc740 1,014\uc5b5\uc744 \uc21c\ub9e4\uc218 \uc911\uc774\uba70, \uc678\uad6d\uc778\uc740 84\uc5b5, \uae30\uad00\uc740 1,102\uc5b5\uc744 \uac01\uac01 \uc21c\ub9e4\ub3c4\ud558\uace0 \uc788\ub2e4.\uc885\ubaa9\ubcc4\ub85c\ub294 \uc870\uc120\uc120\uc7ac(120030)\uac00 29.99% \uc624\ub978 101,000\uc6d0\uc744 \uae30\ub85d \uc911\uc774\uace0, \uc0bc\uc131\uc911\uacf5\uc6b0(010145)(+29.91%), CS\ud640\ub529\uc2a4(000590)(+29.86%)\uac00 \uc624\ub984\uc138\ub97c \ubcf4\uc774\uace0 \uc788\ub294 \ubc18\uba74 \ub3d9\uc6d0\uae08\uc18d(018500)(-6.41%), \uc81c\uc774\uc900\ucf54\uc2a4\uba54\ud2f1(025620)(-5.49%), \ud734\ube44\uc2a4(079980)(-5.20%) \ub4f1\uc740 \ud558\ub77d \uc911\uc774\ub2e4.\ud604\uc7ac \uc0c1\uc2b9\uc885\ubaa9\uc740 \uc0c1\ud55c\uac00 3\uac1c \uc885\ubaa9\uc744 \ud3ec\ud568\ud574 539\uac1c, \ud558\ub77d\uc885\ubaa9\uc740 292\uac1c\ub97c \uae30\ub85d\ud558\uace0 \uc788\ub2e4.[\uc774 \uae30\uc0ac\ub294 \uc99d\uc2dc\ubd84\uc11d \uc804\ubb38\uae30\uc790 \uc11c\uacbd\ub274\uc2a4\ubd07(newsbot@sedaily.com)\uc774 \uc2e4\uc2dc\uac04\uc73c\ub85c \uc791\uc131\ud588\uc2b5\ub2c8\ub2e4.]/\uc11c\uacbd\ub274\uc2a4\ubd07 newsbot@sedaily.com[\uc11c\uc6b8\uacbd\uc81c \ubc14\ub85c\uac00\uae30]\u25b6 \ub124\uc774\ubc84 \ucc44\ub110\uc5d0\uc11c '\uc11c\uc6b8\uacbd\uc81c' \uad6c\ub3c5\ud574\uc8fc\uc138\uc694!\u25b6 \uc138\uc0c1 \ubaa8\ub4e0 \uac83\uc5d0 \ub300\ud574 \ub358\uc9c0\ub294 \uc9c8\ubb38, \uc65c(WHY)?\uc800\uc791\uad8c\uc790 \u24d2 \uc11c\uc6b8\uacbd\uc81c, \ubb34\ub2e8 \uc804\uc7ac \ubc0f \uc7ac\ubc30\ud3ec \uae08\uc9c0\n\t\t"}, {"market": "kospi", "sid": "000590", "codename": "CS\ud640\ub529\uc2a4", "year": 2020, "month": 6, "article_url": "http://m.lawissue.co.kr/view.php?ud=202006021220012955c20b90ad43_12", "news_company": "\ub85c\uc774\uc288", "title": "[12\uc2dc \uc2dc\ud669] \uc624\ub298\uc758 \ucf54\uc2a4\ud53c (6\uc6d4 2\uc77c 12:00)", "headline": null, "date_str": null, "writer": null, "section": null, "original_article_link": null, "article_body": null}, {"market": "kospi", "sid": "000590", "codename": "CS\ud640\ub529\uc2a4", "year": 2020, "month": 6, "article_url": "https://n.news.naver.com/article/011/0003747370?sid=101", "news_company": "\uc11c\uc6b8\uacbd\uc81c", "title": "[\uc815\uc624 \uc2dc\ud669] \ucf54\uc2a4\ud53c 2079.88, \uc0c1\uc2b9\uc138(\u25b214.80, +0.72%) \ubc18\uc804", "headline": "[\uc815\uc624 \uc2dc\ud669] \ucf54\uc2a4\ud53c 2079.88, \uc0c1\uc2b9\uc138(\u25b214.80, +0.72%) \ubc18\uc804", "date_str": "2020.06.02. \uc624\ud6c4 12:05", "writer": null, "section": "\uacbd\uc81c", "original_article_link": "https://www.sedaily.com/NewsView/1Z3VDW070Y", "article_body": "\n\t\t\t[\uc11c\uc6b8\uacbd\uc81c] \ud558\ub77d \ucd9c\ubc1c\ud588\ub358 \ucf54\uc2a4\ud53c\uc774 \uac1c\uc778\uc758 \ub9e4\uc218\uc138\uc5d0 \ud798\uc785\uc5b4 \uc7a5 \uc911\ubc18 \uc0c1\uc2b9 \ubc18\uc804\ud588\ub2e4.2\uc77c \uc624\ud6c4 12\uc2dc 0\ubd84 \ud604\uc7ac \ucf54\uc2a4\ud53c\ub294 \uc804\uc77c \ub300\ube44 14.80p(+0.72%) \uc624\ub978 2079.88\ub85c, 59(\ub9e4\ub3c4):41(\ub9e4\uc218)\uc758 \ub9e4\ub3c4\uc6b0\uc704\ub97c \uae30\ub85d \uc911\uc774\ub2e4.\n\n\n\n\ud22c\uc790\uc790\ubcc4 \ub3d9\ud5a5\uc744 \uc0b4\ud3b4\ubcf4\uba74, \uac1c\uc778\uc774 \ud640\ub85c \ub9e4\uc218 \ud3ec\uc9c0\uc158\uc744 \ucde8\ud558\uace0 \uc788\ub294 \ubc18\uba74,  \uc678\uad6d\uc778\uacfc \uae30\uad00\uc740 \ub3d9\ubc18 \ub9e4\ub3c4\uc138\ub97c \ubcf4\uc774\uace0 \uc788\ub2e4. \uac1c\uc778\uc740 1,222\uc5b5\uc744 \uc21c\ub9e4\uc218 \uc911\uc774\uba70, \uc678\uad6d\uc778\uc740 88\uc5b5, \uae30\uad00\uc740 1,289\uc5b5\uc744 \uac01\uac01 \uc21c\ub9e4\ub3c4\ud558\uace0 \uc788\ub2e4.\n\n\n\n\uc5c5\uc885\ubcc4\ub85c\ub294 \uc6b4\uc218\uc7a5\ube44\uc5c5(+3.99%), \uae08\uc735\uc5c5(+2.71%), \uae30\uacc4\uc5c5(+2.40%)\uc774 \uac15\uc138\ub97c \ubcf4\uc774\uace0 \uc788\uc73c\uba70, \uc11c\ube44\uc2a4\uc5c5(-0.60%), \uc758\uc57d\ud488\uc5c5(-0.53%), \uac74\uc124\uc5c5(-0.44%) \ub4f1\uc740 \ub0b4\ub9bc\uc138\ub2e4.\uc885\ubaa9\ubcc4\ub85c\ub294 \uc870\uc120\uc120\uc7ac(120030)\uac00 29.99% \uc624\ub978 101,000\uc6d0\uc744 \uae30\ub85d \uc911\uc774\uace0, \uc0bc\uc131\uc911\uacf5\uc6b0(010145)(+29.91%), CS\ud640\ub529\uc2a4(000590)(+29.86%)\uac00 \uc624\ub984\uc138\ub97c \ubcf4\uc774\uace0 \uc788\ub2e4. \ubc18\uba74 \ub3d9\uc6d0\uae08\uc18d(018500)(-6.86%), KG\ub3d9\ubd80\uc81c\ucca0(016380)(-6.33%), \uc77c\uc591\uc57d\ud488\uc6b0(007575)(-5.88%) \ub4f1\uc740 \ud558\ub77d \uc911\uc774\ub2e4.\ud604\uc7ac \uc0c1\uc2b9\uc885\ubaa9\uc740 \uc0c1\ud55c\uac00 3\uac1c \uc885\ubaa9\uc744 \ud3ec\ud568\ud574 527\uac1c, \ud558\ub77d\uc885\ubaa9\uc740 301\uac1c\ub97c \uae30\ub85d\ud558\uace0 \uc788\ub2e4.[\uc774 \uae30\uc0ac\ub294 \uc99d\uc2dc\ubd84\uc11d \uc804\ubb38\uae30\uc790 \uc11c\uacbd\ub274\uc2a4\ubd07(newsbot@sedaily.com)\uc774 \uc2e4\uc2dc\uac04\uc73c\ub85c \uc791\uc131\ud588\uc2b5\ub2c8\ub2e4.]/\uc11c\uacbd\ub274\uc2a4\ubd07 newsbot@sedaily.com[\uc11c\uc6b8\uacbd\uc81c \ubc14\ub85c\uac00\uae30]\u25b6 \ub124\uc774\ubc84 \ucc44\ub110\uc5d0\uc11c '\uc11c\uc6b8\uacbd\uc81c' \uad6c\ub3c5\ud574\uc8fc\uc138\uc694!\u25b6 \uc138\uc0c1 \ubaa8\ub4e0 \uac83\uc5d0 \ub300\ud574 \ub358\uc9c0\ub294 \uc9c8\ubb38, \uc65c(WHY)?\uc800\uc791\uad8c\uc790 \u24d2 \uc11c\uc6b8\uacbd\uc81c, \ubb34\ub2e8 \uc804\uc7ac \ubc0f \uc7ac\ubc30\ud3ec \uae08\uc9c0\n\t\t"}, {"market": "kospi", "sid": "000590", "codename": "CS\ud640\ub529\uc2a4", "year": 2020, "month": 6, "article_url": "https://n.news.naver.com/article/011/0003747360?sid=101", "news_company": "\uc11c\uc6b8\uacbd\uc81c", "title": "\uc624\ud6c4 12:00 \ud604\uc7ac \ucf54\uc2a4\ud53c\ub294 60:40\uc73c\ub85c \ub9e4\ub3c4\uc6b0\uc704, \ub9e4\ub3c4\uac15\uc138 \uc5c5\uc885\uc740 \uc758\ub8cc\uc815\ubc00\uc5c5(1.73%\u2191)", "headline": "\uc624\ud6c4 12:00 \ud604\uc7ac \ucf54\uc2a4\ud53c\ub294 60:40\uc73c\ub85c \ub9e4\ub3c4\uc6b0\uc704, \ub9e4\ub3c4\uac15\uc138 \uc5c5\uc885\uc740 \uc758\ub8cc\uc815\ubc00\uc5c5(1.73%\u2191)", "date_str": "2020.06.02. \uc624\ud6c4 12:01", "writer": null, "section": "\uacbd\uc81c", "original_article_link": "https://www.sedaily.com/NewsView/1Z3VDTS2AA", "article_body": "\n\t\t\t[\uc11c\uc6b8\uacbd\uc81c] 2\uc77c \uc624\ud6c4 12\uc2dc 0\ubd84 \ud604\uc7ac \ucf54\uc2a4\ud53c\ub294 \uc804\uc77c \ub300\ube44 16.04p(+0.78%) \uc0c1\uc2b9\ud55c 2081.12\ub85c, 60(\ub9e4\ub3c4):40(\ub9e4\uc218)\uc758 \ub9e4\ub3c4\uc6b0\uc704\ub97c \uae30\ub85d \uc911\uc774\ub2e4. (\u203b\ub9e4\uc218\ube44\uc728(%)=\ub9e4\uc218\uc794\ub7c9/\uc794\ub7c9\ud569\uacc4*100, \ub9e4\uc218\uc6b0\uc704=\ub9e4\uc218\ube44\uc728>\ub9e4\ub3c4\ube44\uc728)\n\n\n\n\uac15\uc138\uc5c5\uc885\uc740 \uc6b4\uc218\uc7a5\ube44\uc5c5(+3.94%), \uae08\uc735\uc5c5(+2.72%), \uae30\uacc4\uc5c5(+2.27%)\uc774\uba70, \uc57d\uc138\uc5c5\uc885\uc740 \uc11c\ube44\uc2a4\uc5c5(-0.58%), \uc758\uc57d\ud488\uc5c5(-0.53%), \uac74\uc124\uc5c5(-0.45%)\uc774\ub2e4. \uc218\uae09\uce21\uba74\uc73c\ub85c\ub294 \uc758\ub8cc\uc815\ubc00\uc5c5\uc774 73:27\uc758 \uac15\ud55c \ub9e4\ub3c4\uc6b0\uc704\uc138\ub97c \ub098\ud0c0\ub0b4\uace0 \uc788\uc73c\uba70, \ube44\uae08\uc18d\uad11\ubb3c\uc5c5\uc740 43:57\uc758 \ub9e4\uc218\uc6b0\uc704\uc138\ub97c \uae30\ub85d \uc911\uc774\ub2e4.\n\n\n\n\ud22c\uc790\uc790\ubcc4 \ub3d9\ud5a5\uc744 \uc0b4\ud3b4\ubcf4\uba74, \uac1c\uc778\uc774 \ud640\ub85c \ub9e4\uc218 \ud3ec\uc9c0\uc158\uc744 \ucde8\ud558\uace0 \uc788\ub294 \ubc18\uba74,  \uc678\uad6d\uc778\uacfc \uae30\uad00\uc740 \ub3d9\ubc18 \ub9e4\ub3c4\uc138\ub97c \ubcf4\uc774\uace0 \uc788\ub2e4. \uac1c\uc778\uc740 1,222\uc5b5\uc744 \uc21c\ub9e4\uc218 \uc911\uc774\uba70, \uc678\uad6d\uc778\uc740 88\uc5b5, \uae30\uad00\uc740 1,289\uc5b5\uc744 \uac01\uac01 \uc21c\ub9e4\ub3c4\ud558\uace0 \uc788\ub2e4.\uc885\ubaa9\ubcc4\ub85c\ub294 \uc870\uc120\uc120\uc7ac(120030)\uac00 29.99% \uc624\ub978 101,000\uc6d0\uc744 \uae30\ub85d \uc911\uc774\uace0, \uc0bc\uc131\uc911\uacf5\uc6b0(010145)(+29.91%), CS\ud640\ub529\uc2a4(000590)(+29.86%)\uac00 \uc624\ub984\uc138\ub97c \ubcf4\uc774\uace0 \uc788\ub294 \ubc18\uba74 \ub3d9\uc6d0\uae08\uc18d(018500)(-6.86%), \uc77c\uc591\uc57d\ud488\uc6b0(007575)(-6.84%), KG\ub3d9\ubd80\uc81c\ucca0(016380)(-6.33%) \ub4f1\uc740 \ud558\ub77d \uc911\uc774\ub2e4.\ud604\uc7ac \uc0c1\uc2b9\uc885\ubaa9\uc740 \uc0c1\ud55c\uac00 3\uac1c \uc885\ubaa9\uc744 \ud3ec\ud568\ud574 529\uac1c, \ud558\ub77d\uc885\ubaa9\uc740 297\uac1c\ub97c \uae30\ub85d\ud558\uace0 \uc788\ub2e4.[\uc774 \uae30\uc0ac\ub294 \uc99d\uc2dc\ubd84\uc11d \uc804\ubb38\uae30\uc790 \uc11c\uacbd\ub274\uc2a4\ubd07(newsbot@sedaily.com)\uc774 \uc2e4\uc2dc\uac04\uc73c\ub85c \uc791\uc131\ud588\uc2b5\ub2c8\ub2e4.]/\uc11c\uacbd\ub274\uc2a4\ubd07 newsbot@sedaily.com[\uc11c\uc6b8\uacbd\uc81c \ubc14\ub85c\uac00\uae30]\u25b6 \ub124\uc774\ubc84 \ucc44\ub110\uc5d0\uc11c '\uc11c\uc6b8\uacbd\uc81c' \uad6c\ub3c5\ud574\uc8fc\uc138\uc694!\u25b6 \uc138\uc0c1 \ubaa8\ub4e0 \uac83\uc5d0 \ub300\ud574 \ub358\uc9c0\ub294 \uc9c8\ubb38, \uc65c(WHY)?\uc800\uc791\uad8c\uc790 \u24d2 \uc11c\uc6b8\uacbd\uc81c, \ubb34\ub2e8 \uc804\uc7ac \ubc0f \uc7ac\ubc30\ud3ec \uae08\uc9c0\n\t\t"}, {"market": "kospi", "sid": "000590", "codename": "CS\ud640\ub529\uc2a4", "year": 2020, "month": 6, "article_url": "https://n.news.naver.com/article/011/0003747345?sid=101", "news_company": "\uc11c\uc6b8\uacbd\uc81c", "title": "\uc624\uc804 11:30 \ud604\uc7ac \ucf54\uc2a4\ud53c\ub294 60:40\uc73c\ub85c \ub9e4\ub3c4\uc6b0\uc704, \ub9e4\ub3c4\uac15\uc138 \uc5c5\uc885\uc740 \uc758\ub8cc\uc815\ubc00\uc5c5(1.36%\u2191)", "headline": "\uc624\uc804 11:30 \ud604\uc7ac \ucf54\uc2a4\ud53c\ub294 60:40\uc73c\ub85c \ub9e4\ub3c4\uc6b0\uc704, \ub9e4\ub3c4\uac15\uc138 \uc5c5\uc885\uc740 \uc758\ub8cc\uc815\ubc00\uc5c5(1.36%\u2191)", "date_str": "2020.06.02. \uc624\uc804 11:31", "writer": null, "section": "\uacbd\uc81c", "original_article_link": "https://www.sedaily.com/NewsView/1Z3VDHMIYL", "article_body": "\n\t\t\t[\uc11c\uc6b8\uacbd\uc81c] 2\uc77c \uc624\uc804 11\uc2dc 30\ubd84 \ud604\uc7ac \ucf54\uc2a4\ud53c\ub294 \uc804\uc77c \ub300\ube44 12.20p(+0.59%) \uc0c1\uc2b9\ud55c 2077.28\ub85c, 60(\ub9e4\ub3c4):40(\ub9e4\uc218)\uc758 \ub9e4\ub3c4\uc6b0\uc704\ub97c \uae30\ub85d \uc911\uc774\ub2e4. (\u203b\ub9e4\uc218\ube44\uc728(%)=\ub9e4\uc218\uc794\ub7c9/\uc794\ub7c9\ud569\uacc4*100, \ub9e4\uc218\uc6b0\uc704=\ub9e4\uc218\ube44\uc728>\ub9e4\ub3c4\ube44\uc728)\n\n\n\n\uac15\uc138\uc5c5\uc885\uc740 \uc6b4\uc218\uc7a5\ube44\uc5c5(+3.98%), \uae08\uc735\uc5c5(+2.33%), \uae30\uacc4\uc5c5(+1.92%)\uc774\uba70, \uc57d\uc138\uc5c5\uc885\uc740 \uc758\uc57d\ud488\uc5c5(-0.90%), \uac74\uc124\uc5c5(-0.87%), \uc11c\ube44\uc2a4\uc5c5(-0.55%)\uc774\ub2e4. \uc218\uae09\uce21\uba74\uc73c\ub85c\ub294 \uc758\ub8cc\uc815\ubc00\uc5c5\uc774 73:27\uc758 \uac15\ud55c \ub9e4\ub3c4\uc6b0\uc704\uc138\ub97c \ub098\ud0c0\ub0b4\uace0 \uc788\uc73c\uba70, \ube44\uae08\uc18d\uad11\ubb3c\uc5c5\uc740 42:58\uc758 \ub9e4\uc218\uc6b0\uc704\uc138\ub97c \uae30\ub85d \uc911\uc774\ub2e4.\n\n\n\n\ud22c\uc790\uc790\ubcc4 \ub3d9\ud5a5\uc744 \uc0b4\ud3b4\ubcf4\uba74, \uac1c\uc778\uc774 \ud640\ub85c \ub9e4\uc218 \ud3ec\uc9c0\uc158\uc744 \ucde8\ud558\uace0 \uc788\ub294 \ubc18\uba74,  \uc678\uad6d\uc778\uacfc \uae30\uad00\uc740 \ub3d9\ubc18 \ub9e4\ub3c4\uc138\ub97c \ubcf4\uc774\uace0 \uc788\ub2e4. \uac1c\uc778\uc740 1,650\uc5b5\uc744 \uc21c\ub9e4\uc218 \uc911\uc774\uba70, \uc678\uad6d\uc778\uc740 201\uc5b5, \uae30\uad00\uc740 1,608\uc5b5\uc744 \uac01\uac01 \uc21c\ub9e4\ub3c4\ud558\uace0 \uc788\ub2e4.\uc885\ubaa9\ubcc4\ub85c\ub294 \uc870\uc120\uc120\uc7ac(120030)\uac00 29.99% \uc624\ub978 101,000\uc6d0\uc744 \uae30\ub85d \uc911\uc774\uace0, \uc0bc\uc131\uc911\uacf5\uc6b0(010145)(+29.91%), CS\ud640\ub529\uc2a4(000590)(+29.86%)\uac00 \uc624\ub984\uc138\ub97c \ubcf4\uc774\uace0 \uc788\ub294 \ubc18\uba74 \ub3d9\uc6d0\uae08\uc18d(018500)(-6.98%), KG\ub3d9\ubd80\uc81c\ucca0(016380)(-6.33%), \uc774\uac74\uc0b0\uc5c5(008250)(-4.98%) \ub4f1\uc740 \ud558\ub77d \uc911\uc774\ub2e4.\ud604\uc7ac \uc0c1\uc2b9\uc885\ubaa9\uc740 \uc0c1\ud55c\uac00 3\uac1c \uc885\ubaa9\uc744 \ud3ec\ud568\ud574 490\uac1c, \ud558\ub77d\uc885\ubaa9\uc740 326\uac1c\ub97c \uae30\ub85d\ud558\uace0 \uc788\ub2e4.[\uc774 \uae30\uc0ac\ub294 \uc99d\uc2dc\ubd84\uc11d \uc804\ubb38\uae30\uc790 \uc11c\uacbd\ub274\uc2a4\ubd07(newsbot@sedaily.com)\uc774 \uc2e4\uc2dc\uac04\uc73c\ub85c \uc791\uc131\ud588\uc2b5\ub2c8\ub2e4.]/\uc11c\uacbd\ub274\uc2a4\ubd07 newsbot@sedaily.com[\uc11c\uc6b8\uacbd\uc81c \ubc14\ub85c\uac00\uae30]\u25b6 \ub124\uc774\ubc84 \ucc44\ub110\uc5d0\uc11c '\uc11c\uc6b8\uacbd\uc81c' \uad6c\ub3c5\ud574\uc8fc\uc138\uc694!\u25b6 \uc138\uc0c1 \ubaa8\ub4e0 \uac83\uc5d0 \ub300\ud574 \ub358\uc9c0\ub294 \uc9c8\ubb38, \uc65c(WHY)?\uc800\uc791\uad8c\uc790 \u24d2 \uc11c\uc6b8\uacbd\uc81c, \ubb34\ub2e8 \uc804\uc7ac \ubc0f \uc7ac\ubc30\ud3ec \uae08\uc9c0\n\t\t"}, {"market": "kospi", "sid": "000590", "codename": "CS\ud640\ub529\uc2a4", "year": 2020, "month": 6, "article_url": "https://n.news.naver.com/article/015/0004352243?sid=101", "news_company": "\ud55c\uad6d\uacbd\uc81c", "title": "'CS\ud640\ub529\uc2a4' \uc0c1\ud55c\uac00\u2191 \ub3c4\ub2ec, \uc804\uc77c \uc885\uac00 \uae30\uc900 PER 2.9\ubc30, PBR 0.2\ubc30, \uc800PER, \uc800PBR", "headline": "'CS\ud640\ub529\uc2a4' \uc0c1\ud55c\uac00\u2191 \ub3c4\ub2ec, \uc804\uc77c \uc885\uac00 \uae30\uc900 PER 2.9\ubc30, PBR 0.2\ubc30, \uc800PER, \uc800PBR", "date_str": "2020.06.02. \uc624\uc804 11:18", "writer": null, "section": "\uacbd\uc81c", "original_article_link": "https://www.hankyung.com/finance/article/202006021527L", "article_body": "\n\n\n\n\n\u25c6 Valuation- \uc804\uc77c \uc885\uac00 \uae30\uc900 PER 2.9\ubc30, PBR 0.2\ubc30, \uc800PER, \uc800PBR\uc804\uc77c \uc885\uac00\ub97c \uae30\uc900\uc73c\ub85c \uc774 \uc885\ubaa9\uc758 PER\ub294 2.9\ubc30, PBR\uc740 0.2\ubc30\uc774\ub2e4. PER\ub294 \uae08\uc735\uc5c5\uc5c5\uc885\uc758 \ud3c9\uade0 PER 8.2\ubc30 \ub300\ube44 -5.3\ubc30 \ub0ae\uc740 \uc218\uc900\uc73c\ub85c \uc5c5\uc885 \ub0b4\uc5d0\uc11c \ud558\uc704 31%\uc5d0 \uc788\uace0, PBR\uc740 \uae08\uc735\uc5c5\uc5c5\uc885\uc758 \ud3c9\uade0 PBR 0.4\ubc30 \ub300\ube44 -0.2\ubc30 \ub0ae\uc740 \uc218\uc900\uc73c\ub85c \uc5c5\uc885 \ub0b4\uc5d0\uc11c \ud558\uc704 20%\uc5d0 \uc704\uce58\ud55c\ub2e4.\uc774 \uc885\ubaa9\uc740 \ucf54\uc2a4\ud53c \uc804\uccb4\uc5d0\uc11c PER\uc640 PBR\uc774 \uac01\uac01 \ud558\uc704 4%, 6%\uc5d0 \ub7ad\ud0b9\ub418\uc5b4 \uc2dc\uc7a5\uc5d0\uc11c \uc800\ud3c9\uac00\uc8fc\ub85c \uad00\uc2ec\uc744 \uac00\uc838\ubcfc \uc218 \uc788\ub2e4.. \ud604\uc7ac \uc774 \uc885\ubaa9\uc740 PBR\uc774 1 \ubcf4\ub2e4 \uc791\uc544\uc11c \uc2dc\uac00\ucd1d\uc561\uc774 \uc790\uc0b0\uac00\uce58\uc5d0 \ubabb \ubbf8\uce58\uace0 \uc788\uc73c\ub2c8 \ud68c\uc0ac\uc758 \uc2e4\uc801\uc744 \uba74\ubc00\ud788 \uc0b4\ud3b4\ubcfc \ud544\uc694\uac00 \uc788\ub2e4.[\ud45c]CS\ud640\ub529\uc2a4 Valuation\n\n\n\n\u25c6 \ucc28\ud2b8 \ubd84\uc11d- \ub2e8\uae30\u00b7\uc911\uae30 \uc774\ud3c9\uc120 \uc815\ubc30\uc5f4\ub85c \uc0c1\uc2b9\uc138\uc77c\ubd09 \ucc28\ud2b8\uc758 \ubaa8\uc2b5\uc740 \ud604\uc7ac \ub2e8\uae30\u00b7\uc911\uae30 \uc774\ud3c9\uc120\uc774 \uc815\ubc30\uc5f4 \uc0c1\ud0dc\ub85c \uc0c1\uc2b9\uc138\ub97c \ubcf4\uc774\uace0 \uc788\ub2e4.\uc774 \uc885\ubaa9\uc758 \ucc28\ud2b8\uc5d0\uc11c \ucd5c\uadfc\uc5d0 \uc8fc\uac00 5MA \uc0c1\ud5a5\ub3cc\ud30c, \uc0bc\uc120\uc804\ud658\ub3c4(\uc591\uc804\ud658) \ub4f1\uc744 \ud655\uc778\ud560 \uc218 \uc788\ub2e4[\uadf8\ub798\ud504]CS\ud640\ub529\uc2a4 \ucc28\ud2b8 \ubd84\uc11d\n\n\n\n\ud55c\uacbd\ub85c\ubcf4\ub274\uc2a4\uc774 \uae30\uc0ac\ub294 \ud55c\uad6d\uacbd\uc81c\uc2e0\ubb38\uacfc \uae08\uc735 AI \uc804\ubb38\uae30\uc5c5 \uc53d\ud06c\ud480\uc774 \uacf5\ub3d9 \uac1c\ubc1c\ud55c \uae30\uc0ac \uc790\ub3d9\uc0dd\uc131 \uc54c\uace0\ub9ac\uc998\uc5d0 \uc758\ud574 \uc2e4\uc2dc\uac04\uc73c\ub85c \uc791\uc131\ub41c \uac83\uc785\ub2c8\ub2e4.\u25b6 \ub124\uc774\ubc84\uc5d0\uc11c \ud55c\uad6d\uacbd\uc81c \ub274\uc2a4\ub97c \ubc1b\uc544\ubcf4\uc138\uc694\u25b6 \ud55c\uacbd\ub2f7\ucef4 \ubc14\ub85c\uac00\uae30  \u25b6 \ubaa8\ubc14\uc77c\ud55c\uacbd \uad6c\ub3c5\uc2e0\uccad \u24d2 \ud55c\uad6d\uacbd\uc81c & hankyung.com, \ubb34\ub2e8\uc804\uc7ac \ubc0f \uc7ac\ubc30\ud3ec \uae08\uc9c0\n\t\t"}, {"market": "kospi", "sid": "000590", "codename": "CS\ud640\ub529\uc2a4", "year": 2020, "month": 6, "article_url": "https://m.etoday.co.kr/view.php?idxno=1901539", "news_company": "\uc774\ud22c\ub370\uc774", "title": "[\uc774\uc2dc\uac01 \uc0c1\ud55c\uac00] CS\ud640\ub529\uc2a4(\u25b214900) - 2\uc77c \uc624\uc804 11\uc2dc14\ubd84", "headline": null, "date_str": null, "writer": null, "section": null, "original_article_link": null, "article_body": null}, {"market": "kospi", "sid": "000590", "codename": "CS\ud640\ub529\uc2a4", "year": 2020, "month": 6, "article_url": "https://n.news.naver.com/article/011/0003747370?sid=101", "news_company": "\uc11c\uc6b8\uacbd\uc81c", "title": "[\uc815\uc624 \uc2dc\ud669] \ucf54\uc2a4\ud53c 2079.88, \uc0c1\uc2b9\uc138(\u25b214.80, +0.72%) \ubc18\uc804", "headline": "[\uc815\uc624 \uc2dc\ud669] \ucf54\uc2a4\ud53c 2079.88, \uc0c1\uc2b9\uc138(\u25b214.80, +0.72%) \ubc18\uc804", "date_str": "2020.06.02. \uc624\ud6c4 12:05", "writer": null, "section": "\uacbd\uc81c", "original_article_link": "https://www.sedaily.com/NewsView/1Z3VDW070Y", "article_body": "\n\t\t\t[\uc11c\uc6b8\uacbd\uc81c] \ud558\ub77d \ucd9c\ubc1c\ud588\ub358 \ucf54\uc2a4\ud53c\uc774 \uac1c\uc778\uc758 \ub9e4\uc218\uc138\uc5d0 \ud798\uc785\uc5b4 \uc7a5 \uc911\ubc18 \uc0c1\uc2b9 \ubc18\uc804\ud588\ub2e4.2\uc77c \uc624\ud6c4 12\uc2dc 0\ubd84 \ud604\uc7ac \ucf54\uc2a4\ud53c\ub294 \uc804\uc77c \ub300\ube44 14.80p(+0.72%) \uc624\ub978 2079.88\ub85c, 59(\ub9e4\ub3c4):41(\ub9e4\uc218)\uc758 \ub9e4\ub3c4\uc6b0\uc704\ub97c \uae30\ub85d \uc911\uc774\ub2e4.\n\n\n\n\ud22c\uc790\uc790\ubcc4 \ub3d9\ud5a5\uc744 \uc0b4\ud3b4\ubcf4\uba74, \uac1c\uc778\uc774 \ud640\ub85c \ub9e4\uc218 \ud3ec\uc9c0\uc158\uc744 \ucde8\ud558\uace0 \uc788\ub294 \ubc18\uba74,  \uc678\uad6d\uc778\uacfc \uae30\uad00\uc740 \ub3d9\ubc18 \ub9e4\ub3c4\uc138\ub97c \ubcf4\uc774\uace0 \uc788\ub2e4. \uac1c\uc778\uc740 1,222\uc5b5\uc744 \uc21c\ub9e4\uc218 \uc911\uc774\uba70, \uc678\uad6d\uc778\uc740 88\uc5b5, \uae30\uad00\uc740 1,289\uc5b5\uc744 \uac01\uac01 \uc21c\ub9e4\ub3c4\ud558\uace0 \uc788\ub2e4.\n\n\n\n\uc5c5\uc885\ubcc4\ub85c\ub294 \uc6b4\uc218\uc7a5\ube44\uc5c5(+3.99%), \uae08\uc735\uc5c5(+2.71%), \uae30\uacc4\uc5c5(+2.40%)\uc774 \uac15\uc138\ub97c \ubcf4\uc774\uace0 \uc788\uc73c\uba70, \uc11c\ube44\uc2a4\uc5c5(-0.60%), \uc758\uc57d\ud488\uc5c5(-0.53%), \uac74\uc124\uc5c5(-0.44%) \ub4f1\uc740 \ub0b4\ub9bc\uc138\ub2e4.\uc885\ubaa9\ubcc4\ub85c\ub294 \uc870\uc120\uc120\uc7ac(120030)\uac00 29.99% \uc624\ub978 101,000\uc6d0\uc744 \uae30\ub85d \uc911\uc774\uace0, \uc0bc\uc131\uc911\uacf5\uc6b0(010145)(+29.91%), CS\ud640\ub529\uc2a4(000590)(+29.86%)\uac00 \uc624\ub984\uc138\ub97c \ubcf4\uc774\uace0 \uc788\ub2e4. \ubc18\uba74 \ub3d9\uc6d0\uae08\uc18d(018500)(-6.86%), KG\ub3d9\ubd80\uc81c\ucca0(016380)(-6.33%), \uc77c\uc591\uc57d\ud488\uc6b0(007575)(-5.88%) \ub4f1\uc740 \ud558\ub77d \uc911\uc774\ub2e4.\ud604\uc7ac \uc0c1\uc2b9\uc885\ubaa9\uc740 \uc0c1\ud55c\uac00 3\uac1c \uc885\ubaa9\uc744 \ud3ec\ud568\ud574 527\uac1c, \ud558\ub77d\uc885\ubaa9\uc740 301\uac1c\ub97c \uae30\ub85d\ud558\uace0 \uc788\ub2e4.[\uc774 \uae30\uc0ac\ub294 \uc99d\uc2dc\ubd84\uc11d \uc804\ubb38\uae30\uc790 \uc11c\uacbd\ub274\uc2a4\ubd07(newsbot@sedaily.com)\uc774 \uc2e4\uc2dc\uac04\uc73c\ub85c \uc791\uc131\ud588\uc2b5\ub2c8\ub2e4.]/\uc11c\uacbd\ub274\uc2a4\ubd07 newsbot@sedaily.com[\uc11c\uc6b8\uacbd\uc81c \ubc14\ub85c\uac00\uae30]\u25b6 \ub124\uc774\ubc84 \ucc44\ub110\uc5d0\uc11c '\uc11c\uc6b8\uacbd\uc81c' \uad6c\ub3c5\ud574\uc8fc\uc138\uc694!\u25b6 \uc138\uc0c1 \ubaa8\ub4e0 \uac83\uc5d0 \ub300\ud574 \ub358\uc9c0\ub294 \uc9c8\ubb38, \uc65c(WHY)?\uc800\uc791\uad8c\uc790 \u24d2 \uc11c\uc6b8\uacbd\uc81c, \ubb34\ub2e8 \uc804\uc7ac \ubc0f \uc7ac\ubc30\ud3ec \uae08\uc9c0\n\t\t"}, {"market": "kospi", "sid": "000590", "codename": "CS\ud640\ub529\uc2a4", "year": 2020, "month": 6, "article_url": "https://n.news.naver.com/article/011/0003747360?sid=101", "news_company": "\uc11c\uc6b8\uacbd\uc81c", "title": "\uc624\ud6c4 12:00 \ud604\uc7ac \ucf54\uc2a4\ud53c\ub294 60:40\uc73c\ub85c \ub9e4\ub3c4\uc6b0\uc704, \ub9e4\ub3c4\uac15\uc138 \uc5c5\uc885\uc740 \uc758\ub8cc\uc815\ubc00\uc5c5(1.73%\u2191)", "headline": "\uc624\ud6c4 12:00 \ud604\uc7ac \ucf54\uc2a4\ud53c\ub294 60:40\uc73c\ub85c \ub9e4\ub3c4\uc6b0\uc704, \ub9e4\ub3c4\uac15\uc138 \uc5c5\uc885\uc740 \uc758\ub8cc\uc815\ubc00\uc5c5(1.73%\u2191)", "date_str": "2020.06.02. \uc624\ud6c4 12:01", "writer": null, "section": "\uacbd\uc81c", "original_article_link": "https://www.sedaily.com/NewsView/1Z3VDTS2AA", "article_body": "\n\t\t\t[\uc11c\uc6b8\uacbd\uc81c] 2\uc77c \uc624\ud6c4 12\uc2dc 0\ubd84 \ud604\uc7ac \ucf54\uc2a4\ud53c\ub294 \uc804\uc77c \ub300\ube44 16.04p(+0.78%) \uc0c1\uc2b9\ud55c 2081.12\ub85c, 60(\ub9e4\ub3c4):40(\ub9e4\uc218)\uc758 \ub9e4\ub3c4\uc6b0\uc704\ub97c \uae30\ub85d \uc911\uc774\ub2e4. (\u203b\ub9e4\uc218\ube44\uc728(%)=\ub9e4\uc218\uc794\ub7c9/\uc794\ub7c9\ud569\uacc4*100, \ub9e4\uc218\uc6b0\uc704=\ub9e4\uc218\ube44\uc728>\ub9e4\ub3c4\ube44\uc728)\n\n\n\n\uac15\uc138\uc5c5\uc885\uc740 \uc6b4\uc218\uc7a5\ube44\uc5c5(+3.94%), \uae08\uc735\uc5c5(+2.72%), \uae30\uacc4\uc5c5(+2.27%)\uc774\uba70, \uc57d\uc138\uc5c5\uc885\uc740 \uc11c\ube44\uc2a4\uc5c5(-0.58%), \uc758\uc57d\ud488\uc5c5(-0.53%), \uac74\uc124\uc5c5(-0.45%)\uc774\ub2e4. \uc218\uae09\uce21\uba74\uc73c\ub85c\ub294 \uc758\ub8cc\uc815\ubc00\uc5c5\uc774 73:27\uc758 \uac15\ud55c \ub9e4\ub3c4\uc6b0\uc704\uc138\ub97c \ub098\ud0c0\ub0b4\uace0 \uc788\uc73c\uba70, \ube44\uae08\uc18d\uad11\ubb3c\uc5c5\uc740 43:57\uc758 \ub9e4\uc218\uc6b0\uc704\uc138\ub97c \uae30\ub85d \uc911\uc774\ub2e4.\n\n\n\n\ud22c\uc790\uc790\ubcc4 \ub3d9\ud5a5\uc744 \uc0b4\ud3b4\ubcf4\uba74, \uac1c\uc778\uc774 \ud640\ub85c \ub9e4\uc218 \ud3ec\uc9c0\uc158\uc744 \ucde8\ud558\uace0 \uc788\ub294 \ubc18\uba74,  \uc678\uad6d\uc778\uacfc \uae30\uad00\uc740 \ub3d9\ubc18 \ub9e4\ub3c4\uc138\ub97c \ubcf4\uc774\uace0 \uc788\ub2e4. \uac1c\uc778\uc740 1,222\uc5b5\uc744 \uc21c\ub9e4\uc218 \uc911\uc774\uba70, \uc678\uad6d\uc778\uc740 88\uc5b5, \uae30\uad00\uc740 1,289\uc5b5\uc744 \uac01\uac01 \uc21c\ub9e4\ub3c4\ud558\uace0 \uc788\ub2e4.\uc885\ubaa9\ubcc4\ub85c\ub294 \uc870\uc120\uc120\uc7ac(120030)\uac00 29.99% \uc624\ub978 101,000\uc6d0\uc744 \uae30\ub85d \uc911\uc774\uace0, \uc0bc\uc131\uc911\uacf5\uc6b0(010145)(+29.91%), CS\ud640\ub529\uc2a4(000590)(+29.86%)\uac00 \uc624\ub984\uc138\ub97c \ubcf4\uc774\uace0 \uc788\ub294 \ubc18\uba74 \ub3d9\uc6d0\uae08\uc18d(018500)(-6.86%), \uc77c\uc591\uc57d\ud488\uc6b0(007575)(-6.84%), KG\ub3d9\ubd80\uc81c\ucca0(016380)(-6.33%) \ub4f1\uc740 \ud558\ub77d \uc911\uc774\ub2e4.\ud604\uc7ac \uc0c1\uc2b9\uc885\ubaa9\uc740 \uc0c1\ud55c\uac00 3\uac1c \uc885\ubaa9\uc744 \ud3ec\ud568\ud574 529\uac1c, \ud558\ub77d\uc885\ubaa9\uc740 297\uac1c\ub97c \uae30\ub85d\ud558\uace0 \uc788\ub2e4.[\uc774 \uae30\uc0ac\ub294 \uc99d\uc2dc\ubd84\uc11d \uc804\ubb38\uae30\uc790 \uc11c\uacbd\ub274\uc2a4\ubd07(newsbot@sedaily.com)\uc774 \uc2e4\uc2dc\uac04\uc73c\ub85c \uc791\uc131\ud588\uc2b5\ub2c8\ub2e4.]/\uc11c\uacbd\ub274\uc2a4\ubd07 newsbot@sedaily.com[\uc11c\uc6b8\uacbd\uc81c \ubc14\ub85c\uac00\uae30]\u25b6 \ub124\uc774\ubc84 \ucc44\ub110\uc5d0\uc11c '\uc11c\uc6b8\uacbd\uc81c' \uad6c\ub3c5\ud574\uc8fc\uc138\uc694!\u25b6 \uc138\uc0c1 \ubaa8\ub4e0 \uac83\uc5d0 \ub300\ud574 \ub358\uc9c0\ub294 \uc9c8\ubb38, \uc65c(WHY)?\uc800\uc791\uad8c\uc790 \u24d2 \uc11c\uc6b8\uacbd\uc81c, \ubb34\ub2e8 \uc804\uc7ac \ubc0f \uc7ac\ubc30\ud3ec \uae08\uc9c0\n\t\t"}, {"market": "kospi", "sid": "000590", "codename": "CS\ud640\ub529\uc2a4", "year": 2020, "month": 6, "article_url": "https://n.news.naver.com/article/011/0003747345?sid=101", "news_company": "\uc11c\uc6b8\uacbd\uc81c", "title": "\uc624\uc804 11:30 \ud604\uc7ac \ucf54\uc2a4\ud53c\ub294 60:40\uc73c\ub85c \ub9e4\ub3c4\uc6b0\uc704, \ub9e4\ub3c4\uac15\uc138 \uc5c5\uc885\uc740 \uc758\ub8cc\uc815\ubc00\uc5c5(1.36%\u2191)", "headline": "\uc624\uc804 11:30 \ud604\uc7ac \ucf54\uc2a4\ud53c\ub294 60:40\uc73c\ub85c \ub9e4\ub3c4\uc6b0\uc704, \ub9e4\ub3c4\uac15\uc138 \uc5c5\uc885\uc740 \uc758\ub8cc\uc815\ubc00\uc5c5(1.36%\u2191)", "date_str": "2020.06.02. \uc624\uc804 11:31", "writer": null, "section": "\uacbd\uc81c", "original_article_link": "https://www.sedaily.com/NewsView/1Z3VDHMIYL", "article_body": "\n\t\t\t[\uc11c\uc6b8\uacbd\uc81c] 2\uc77c \uc624\uc804 11\uc2dc 30\ubd84 \ud604\uc7ac \ucf54\uc2a4\ud53c\ub294 \uc804\uc77c \ub300\ube44 12.20p(+0.59%) \uc0c1\uc2b9\ud55c 2077.28\ub85c, 60(\ub9e4\ub3c4):40(\ub9e4\uc218)\uc758 \ub9e4\ub3c4\uc6b0\uc704\ub97c \uae30\ub85d \uc911\uc774\ub2e4. (\u203b\ub9e4\uc218\ube44\uc728(%)=\ub9e4\uc218\uc794\ub7c9/\uc794\ub7c9\ud569\uacc4*100, \ub9e4\uc218\uc6b0\uc704=\ub9e4\uc218\ube44\uc728>\ub9e4\ub3c4\ube44\uc728)\n\n\n\n\uac15\uc138\uc5c5\uc885\uc740 \uc6b4\uc218\uc7a5\ube44\uc5c5(+3.98%), \uae08\uc735\uc5c5(+2.33%), \uae30\uacc4\uc5c5(+1.92%)\uc774\uba70, \uc57d\uc138\uc5c5\uc885\uc740 \uc758\uc57d\ud488\uc5c5(-0.90%), \uac74\uc124\uc5c5(-0.87%), \uc11c\ube44\uc2a4\uc5c5(-0.55%)\uc774\ub2e4. \uc218\uae09\uce21\uba74\uc73c\ub85c\ub294 \uc758\ub8cc\uc815\ubc00\uc5c5\uc774 73:27\uc758 \uac15\ud55c \ub9e4\ub3c4\uc6b0\uc704\uc138\ub97c \ub098\ud0c0\ub0b4\uace0 \uc788\uc73c\uba70, \ube44\uae08\uc18d\uad11\ubb3c\uc5c5\uc740 42:58\uc758 \ub9e4\uc218\uc6b0\uc704\uc138\ub97c \uae30\ub85d \uc911\uc774\ub2e4.\n\n\n\n\ud22c\uc790\uc790\ubcc4 \ub3d9\ud5a5\uc744 \uc0b4\ud3b4\ubcf4\uba74, \uac1c\uc778\uc774 \ud640\ub85c \ub9e4\uc218 \ud3ec\uc9c0\uc158\uc744 \ucde8\ud558\uace0 \uc788\ub294 \ubc18\uba74,  \uc678\uad6d\uc778\uacfc \uae30\uad00\uc740 \ub3d9\ubc18 \ub9e4\ub3c4\uc138\ub97c \ubcf4\uc774\uace0 \uc788\ub2e4. \uac1c\uc778\uc740 1,650\uc5b5\uc744 \uc21c\ub9e4\uc218 \uc911\uc774\uba70, \uc678\uad6d\uc778\uc740 201\uc5b5, \uae30\uad00\uc740 1,608\uc5b5\uc744 \uac01\uac01 \uc21c\ub9e4\ub3c4\ud558\uace0 \uc788\ub2e4.\uc885\ubaa9\ubcc4\ub85c\ub294 \uc870\uc120\uc120\uc7ac(120030)\uac00 29.99% \uc624\ub978 101,000\uc6d0\uc744 \uae30\ub85d \uc911\uc774\uace0, \uc0bc\uc131\uc911\uacf5\uc6b0(010145)(+29.91%), CS\ud640\ub529\uc2a4(000590)(+29.86%)\uac00 \uc624\ub984\uc138\ub97c \ubcf4\uc774\uace0 \uc788\ub294 \ubc18\uba74 \ub3d9\uc6d0\uae08\uc18d(018500)(-6.98%), KG\ub3d9\ubd80\uc81c\ucca0(016380)(-6.33%), \uc774\uac74\uc0b0\uc5c5(008250)(-4.98%) \ub4f1\uc740 \ud558\ub77d \uc911\uc774\ub2e4.\ud604\uc7ac \uc0c1\uc2b9\uc885\ubaa9\uc740 \uc0c1\ud55c\uac00 3\uac1c \uc885\ubaa9\uc744 \ud3ec\ud568\ud574 490\uac1c, \ud558\ub77d\uc885\ubaa9\uc740 326\uac1c\ub97c \uae30\ub85d\ud558\uace0 \uc788\ub2e4.[\uc774 \uae30\uc0ac\ub294 \uc99d\uc2dc\ubd84\uc11d \uc804\ubb38\uae30\uc790 \uc11c\uacbd\ub274\uc2a4\ubd07(newsbot@sedaily.com)\uc774 \uc2e4\uc2dc\uac04\uc73c\ub85c \uc791\uc131\ud588\uc2b5\ub2c8\ub2e4.]/\uc11c\uacbd\ub274\uc2a4\ubd07 newsbot@sedaily.com[\uc11c\uc6b8\uacbd\uc81c \ubc14\ub85c\uac00\uae30]\u25b6 \ub124\uc774\ubc84 \ucc44\ub110\uc5d0\uc11c '\uc11c\uc6b8\uacbd\uc81c' \uad6c\ub3c5\ud574\uc8fc\uc138\uc694!\u25b6 \uc138\uc0c1 \ubaa8\ub4e0 \uac83\uc5d0 \ub300\ud574 \ub358\uc9c0\ub294 \uc9c8\ubb38, \uc65c(WHY)?\uc800\uc791\uad8c\uc790 \u24d2 \uc11c\uc6b8\uacbd\uc81c, \ubb34\ub2e8 \uc804\uc7ac \ubc0f \uc7ac\ubc30\ud3ec \uae08\uc9c0\n\t\t"}, {"market": "kospi", "sid": "000590", "codename": "CS\ud640\ub529\uc2a4", "year": 2020, "month": 6, "article_url": "https://n.news.naver.com/article/015/0004352243?sid=101", "news_company": "\ud55c\uad6d\uacbd\uc81c", "title": "'CS\ud640\ub529\uc2a4' \uc0c1\ud55c\uac00\u2191 \ub3c4\ub2ec, \uc804\uc77c \uc885\uac00 \uae30\uc900 PER 2.9\ubc30, PBR 0.2\ubc30, \uc800PER, \uc800PBR", "headline": "'CS\ud640\ub529\uc2a4' \uc0c1\ud55c\uac00\u2191 \ub3c4\ub2ec, \uc804\uc77c \uc885\uac00 \uae30\uc900 PER 2.9\ubc30, PBR 0.2\ubc30, \uc800PER, \uc800PBR", "date_str": "2020.06.02. \uc624\uc804 11:18", "writer": null, "section": "\uacbd\uc81c", "original_article_link": "https://www.hankyung.com/finance/article/202006021527L", "article_body": "\n\n\n\n\n\u25c6 Valuation- \uc804\uc77c \uc885\uac00 \uae30\uc900 PER 2.9\ubc30, PBR 0.2\ubc30, \uc800PER, \uc800PBR\uc804\uc77c \uc885\uac00\ub97c \uae30\uc900\uc73c\ub85c \uc774 \uc885\ubaa9\uc758 PER\ub294 2.9\ubc30, PBR\uc740 0.2\ubc30\uc774\ub2e4. PER\ub294 \uae08\uc735\uc5c5\uc5c5\uc885\uc758 \ud3c9\uade0 PER 8.2\ubc30 \ub300\ube44 -5.3\ubc30 \ub0ae\uc740 \uc218\uc900\uc73c\ub85c \uc5c5\uc885 \ub0b4\uc5d0\uc11c \ud558\uc704 31%\uc5d0 \uc788\uace0, PBR\uc740 \uae08\uc735\uc5c5\uc5c5\uc885\uc758 \ud3c9\uade0 PBR 0.4\ubc30 \ub300\ube44 -0.2\ubc30 \ub0ae\uc740 \uc218\uc900\uc73c\ub85c \uc5c5\uc885 \ub0b4\uc5d0\uc11c \ud558\uc704 20%\uc5d0 \uc704\uce58\ud55c\ub2e4.\uc774 \uc885\ubaa9\uc740 \ucf54\uc2a4\ud53c \uc804\uccb4\uc5d0\uc11c PER\uc640 PBR\uc774 \uac01\uac01 \ud558\uc704 4%, 6%\uc5d0 \ub7ad\ud0b9\ub418\uc5b4 \uc2dc\uc7a5\uc5d0\uc11c \uc800\ud3c9\uac00\uc8fc\ub85c \uad00\uc2ec\uc744 \uac00\uc838\ubcfc \uc218 \uc788\ub2e4.. \ud604\uc7ac \uc774 \uc885\ubaa9\uc740 PBR\uc774 1 \ubcf4\ub2e4 \uc791\uc544\uc11c \uc2dc\uac00\ucd1d\uc561\uc774 \uc790\uc0b0\uac00\uce58\uc5d0 \ubabb \ubbf8\uce58\uace0 \uc788\uc73c\ub2c8 \ud68c\uc0ac\uc758 \uc2e4\uc801\uc744 \uba74\ubc00\ud788 \uc0b4\ud3b4\ubcfc \ud544\uc694\uac00 \uc788\ub2e4.[\ud45c]CS\ud640\ub529\uc2a4 Valuation\n\n\n\n\u25c6 \ucc28\ud2b8 \ubd84\uc11d- \ub2e8\uae30\u00b7\uc911\uae30 \uc774\ud3c9\uc120 \uc815\ubc30\uc5f4\ub85c \uc0c1\uc2b9\uc138\uc77c\ubd09 \ucc28\ud2b8\uc758 \ubaa8\uc2b5\uc740 \ud604\uc7ac \ub2e8\uae30\u00b7\uc911\uae30 \uc774\ud3c9\uc120\uc774 \uc815\ubc30\uc5f4 \uc0c1\ud0dc\ub85c \uc0c1\uc2b9\uc138\ub97c \ubcf4\uc774\uace0 \uc788\ub2e4.\uc774 \uc885\ubaa9\uc758 \ucc28\ud2b8\uc5d0\uc11c \ucd5c\uadfc\uc5d0 \uc8fc\uac00 5MA \uc0c1\ud5a5\ub3cc\ud30c, \uc0bc\uc120\uc804\ud658\ub3c4(\uc591\uc804\ud658) \ub4f1\uc744 \ud655\uc778\ud560 \uc218 \uc788\ub2e4[\uadf8\ub798\ud504]CS\ud640\ub529\uc2a4 \ucc28\ud2b8 \ubd84\uc11d\n\n\n\n\ud55c\uacbd\ub85c\ubcf4\ub274\uc2a4\uc774 \uae30\uc0ac\ub294 \ud55c\uad6d\uacbd\uc81c\uc2e0\ubb38\uacfc \uae08\uc735 AI \uc804\ubb38\uae30\uc5c5 \uc53d\ud06c\ud480\uc774 \uacf5\ub3d9 \uac1c\ubc1c\ud55c \uae30\uc0ac \uc790\ub3d9\uc0dd\uc131 \uc54c\uace0\ub9ac\uc998\uc5d0 \uc758\ud574 \uc2e4\uc2dc\uac04\uc73c\ub85c \uc791\uc131\ub41c \uac83\uc785\ub2c8\ub2e4.\u25b6 \ub124\uc774\ubc84\uc5d0\uc11c \ud55c\uad6d\uacbd\uc81c \ub274\uc2a4\ub97c \ubc1b\uc544\ubcf4\uc138\uc694\u25b6 \ud55c\uacbd\ub2f7\ucef4 \ubc14\ub85c\uac00\uae30  \u25b6 \ubaa8\ubc14\uc77c\ud55c\uacbd \uad6c\ub3c5\uc2e0\uccad \u24d2 \ud55c\uad6d\uacbd\uc81c & hankyung.com, \ubb34\ub2e8\uc804\uc7ac \ubc0f \uc7ac\ubc30\ud3ec \uae08\uc9c0\n\t\t"}, {"market": "kospi", "sid": "000590", "codename": "CS\ud640\ub529\uc2a4", "year": 2020, "month": 6, "article_url": "https://m.etoday.co.kr/view.php?idxno=1901539", "news_company": "\uc774\ud22c\ub370\uc774", "title": "[\uc774\uc2dc\uac01 \uc0c1\ud55c\uac00] CS\ud640\ub529\uc2a4(\u25b214900) - 2\uc77c \uc624\uc804 11\uc2dc14\ubd84", "headline": null, "date_str": null, "writer": null, "section": null, "original_article_link": null, "article_body": null}, {"market": "kospi", "sid": "000590", "codename": "CS\ud640\ub529\uc2a4", "year": 2020, "month": 6, "article_url": "https://n.news.naver.com/article/015/0004352242?sid=101", "news_company": "\ud55c\uad6d\uacbd\uc81c", "title": "'CS\ud640\ub529\uc2a4' 52\uc8fc \uc2e0\uace0\uac00 \uacbd\uc2e0, \ub2e8\uae30\u00b7\uc911\uae30 \uc774\ud3c9\uc120 \uc815\ubc30\uc5f4\ub85c \uc0c1\uc2b9\uc138", "headline": "'CS\ud640\ub529\uc2a4' 52\uc8fc \uc2e0\uace0\uac00 \uacbd\uc2e0, \ub2e8\uae30\u00b7\uc911\uae30 \uc774\ud3c9\uc120 \uc815\ubc30\uc5f4\ub85c \uc0c1\uc2b9\uc138", "date_str": "2020.06.02. \uc624\uc804 11:18", "writer": null, "section": "\uacbd\uc81c", "original_article_link": "https://www.hankyung.com/finance/article/202006021526L", "article_body": "\n\n\n\n\n\u25c6 \ucc28\ud2b8 \ubd84\uc11d- \ub2e8\uae30\u00b7\uc911\uae30 \uc774\ud3c9\uc120 \uc815\ubc30\uc5f4\ub85c \uc0c1\uc2b9\uc138\uc77c\ubd09 \ucc28\ud2b8\uc758 \ubaa8\uc2b5\uc740 \ud604\uc7ac \ub2e8\uae30\u00b7\uc911\uae30 \uc774\ud3c9\uc120\uc774 \uc815\ubc30\uc5f4 \uc0c1\ud0dc\ub85c \uc0c1\uc2b9\uc138\ub97c \ubcf4\uc774\uace0 \uc788\ub2e4.\uc774 \uc885\ubaa9\uc758 \ucc28\ud2b8\uc5d0\uc11c \ucd5c\uadfc\uc5d0 \uc8fc\uac00 5MA \uc0c1\ud5a5\ub3cc\ud30c, \uc0bc\uc120\uc804\ud658\ub3c4(\uc591\uc804\ud658) \ub4f1\uc744 \ud655\uc778\ud560 \uc218 \uc788\ub2e4[\uadf8\ub798\ud504]CS\ud640\ub529\uc2a4 \ucc28\ud2b8 \ubd84\uc11d\n\n\n\n\u25c6 Valuation- \uc804\uc77c \uc885\uac00 \uae30\uc900 PER 2.9\ubc30, PBR 0.2\ubc30, \uc800PER, \uc800PBR\uc804\uc77c \uc885\uac00\ub97c \uae30\uc900\uc73c\ub85c \uc774 \uc885\ubaa9\uc758 PER\ub294 2.9\ubc30, PBR\uc740 0.2\ubc30\uc774\ub2e4. PER\ub294 \uae08\uc735\uc5c5\uc5c5\uc885\uc758 \ud3c9\uade0 PER 8.2\ubc30 \ub300\ube44 -5.3\ubc30 \ub0ae\uc740 \uc218\uc900\uc73c\ub85c \uc5c5\uc885 \ub0b4\uc5d0\uc11c \ud558\uc704 31%\uc5d0 \uc788\uace0, PBR\uc740 \uae08\uc735\uc5c5\uc5c5\uc885\uc758 \ud3c9\uade0 PBR 0.4\ubc30 \ub300\ube44 -0.2\ubc30 \ub0ae\uc740 \uc218\uc900\uc73c\ub85c \uc5c5\uc885 \ub0b4\uc5d0\uc11c \ud558\uc704 20%\uc5d0 \uc704\uce58\ud55c\ub2e4.\uc774 \uc885\ubaa9\uc740 \ucf54\uc2a4\ud53c \uc804\uccb4\uc5d0\uc11c PER\uc640 PBR\uc774 \uac01\uac01 \ud558\uc704 4%, 6%\uc5d0 \ub7ad\ud0b9\ub418\uc5b4 \uc2dc\uc7a5\uc5d0\uc11c \uc800\ud3c9\uac00\uc8fc\ub85c \uad00\uc2ec\uc744 \uac00\uc838\ubcfc \uc218 \uc788\ub2e4.. \ud604\uc7ac \uc774 \uc885\ubaa9\uc740 PBR\uc774 1 \ubcf4\ub2e4 \uc791\uc544\uc11c \uc2dc\uac00\ucd1d\uc561\uc774 \uc790\uc0b0\uac00\uce58\uc5d0 \ubabb \ubbf8\uce58\uace0 \uc788\uc73c\ub2c8 \ud68c\uc0ac\uc758 \uc2e4\uc801\uc744 \uba74\ubc00\ud788 \uc0b4\ud3b4\ubcfc \ud544\uc694\uac00 \uc788\ub2e4.[\ud45c]CS\ud640\ub529\uc2a4 Valuation\n\n\n\n\ud55c\uacbd\ub85c\ubcf4\ub274\uc2a4\uc774 \uae30\uc0ac\ub294 \ud55c\uad6d\uacbd\uc81c\uc2e0\ubb38\uacfc \uae08\uc735 AI \uc804\ubb38\uae30\uc5c5 \uc53d\ud06c\ud480\uc774 \uacf5\ub3d9 \uac1c\ubc1c\ud55c \uae30\uc0ac \uc790\ub3d9\uc0dd\uc131 \uc54c\uace0\ub9ac\uc998\uc5d0 \uc758\ud574 \uc2e4\uc2dc\uac04\uc73c\ub85c \uc791\uc131\ub41c \uac83\uc785\ub2c8\ub2e4.\u25b6 \ub124\uc774\ubc84\uc5d0\uc11c \ud55c\uad6d\uacbd\uc81c \ub274\uc2a4\ub97c \ubc1b\uc544\ubcf4\uc138\uc694\u25b6 \ud55c\uacbd\ub2f7\ucef4 \ubc14\ub85c\uac00\uae30  \u25b6 \ubaa8\ubc14\uc77c\ud55c\uacbd \uad6c\ub3c5\uc2e0\uccad \u24d2 \ud55c\uad6d\uacbd\uc81c & hankyung.com, \ubb34\ub2e8\uc804\uc7ac \ubc0f \uc7ac\ubc30\ud3ec \uae08\uc9c0\n\t\t"}, {"market": "kospi", "sid": "000590", "codename": "CS\ud640\ub529\uc2a4", "year": 2020, "month": 6, "article_url": "https://n.news.naver.com/article/366/0000532126?sid=004", "news_company": "\uc870\uc120\ube44\uc988", "title": "CS\ud640\ub529\uc2a4, +29.86% \uc0c1\ud55c\uac00", "headline": "CS\ud640\ub529\uc2a4, +29.86% \uc0c1\ud55c\uac00", "date_str": "2020.06.02. \uc624\uc804 11:16", "writer": null, "section": null, "original_article_link": "https://biz.chosun.com/site/data/html_dir/2020/06/02/2020060201747.html?utm_source=naver&utm_medium=original&utm_campaign=biz", "article_body": "\nCS\ud640\ub529\uc2a4(000590)\uac00 \uc0c1\ud55c\uac00\ub97c \uae30\ub85d\ud588\ub2e4. \uc804\uc77c \ub300\ube44 29.86% \uc0c1\uc2b9\ud55c 64,800\uc6d0\uc5d0 \uac70\ub798\ub418\uace0 \uc788\ub2e4.\n\n\n\nCS\ud640\ub529\uc2a4\uc758 \ucd5c\uadfc 1\uc8fc\uc77c\uac04 \uc678\uad6d\uc778/\uae30\uad00 \ub9e4\ub9e4\ub0b4\uc5ed\uc744 \uc0b4\ud3b4\ubcf4\uba74\u00a0\uc678\uad6d\uc778, \uae30\uad00 \ubaa8\ub450 \ud2b9\ubcc4\ud55c \ub3d9\ud5a5\uc744 \ubcf4\uc774\uc9c0 \uc54a\uc558\ub2e4.\u00a0\uac19\uc740 \uae30\uac04 \uc8fc\uac00\ub294 1.38%\u00a0\ud558\ub77d\ud588\ub2e4.(\ub2e8\uc704: \uc6d0)\ub0a0\uc9dc\uc8fc\uac00\ub4f1\ub77d\ub96006\uc6d4 01\uc77c49,900+0.40%05\uc6d4 29\uc77c49,700-1.58%05\uc6d4 28\uc77c50,500-1.37%05\uc6d4 27\uc77c51,200+1.19%05\uc6d4 26\uc77c50,600+0.60%[\uc774 \uae30\uc0ac\ub294 \uc99d\uad8c\ud50c\ub7ec\uc2a4(\ub450\ub098\ubb34)\uac00 \uc790\uccb4 \uac1c\ubc1c\ud55c \ub85c\ubd07 \uae30\uc790\uc778 'C-Biz\ubd07'\uc774 \uc2e4\uc2dc\uac04\uc73c\ub85c \uc791\uc131\ud588\uc2b5\ub2c8\ub2e4.][C-Biz\ubd07]\t[\ub124\uc774\ubc84 \uba54\uc778\uc5d0\uc11c \uc870\uc120\ube44\uc988 \ubc1b\uc544\ubcf4\uae30]\t[\uc870\uc120\ube44\uc988 \ubc14\ub85c\uac00\uae30] \tchosunbiz.com\n"}, {"market": "kospi", "sid": "000590", "codename": "CS\ud640\ub529\uc2a4", "year": 2020, "month": 6, "article_url": "https://n.news.naver.com/article/366/0000532122?sid=004", "news_company": "\uc870\uc120\ube44\uc988", "title": "CS\ud640\ub529\uc2a4, +28.86% 52\uc8fc \uc2e0\uace0\uac00", "headline": "CS\ud640\ub529\uc2a4, +28.86% 52\uc8fc \uc2e0\uace0\uac00", "date_str": "2020.06.02. \uc624\uc804 11:15", "writer": null, "section": null, "original_article_link": "https://biz.chosun.com/site/data/html_dir/2020/06/02/2020060201741.html?utm_source=naver&utm_medium=original&utm_campaign=biz", "article_body": "\nCS\ud640\ub529\uc2a4(000590)\uac00 52\uc8fc \uc2e0\uace0\uac00\ub97c \uacbd\uc2e0\ud588\ub2e4. \uc804\uc77c \ub300\ube44 28.86% \uc0c1\uc2b9\ud55c 64,300\uc6d0\uc5d0 \uac70\ub798\ub418\uace0 \uc788\ub2e4.\n\n\n\nCS\ud640\ub529\uc2a4\uc758 \ucd5c\uadfc 1\uc8fc\uc77c\uac04 \uc678\uad6d\uc778/\uae30\uad00 \ub9e4\ub9e4\ub0b4\uc5ed\uc744 \uc0b4\ud3b4\ubcf4\uba74\u00a0\uc678\uad6d\uc778, \uae30\uad00 \ubaa8\ub450 \ud2b9\ubcc4\ud55c \ub3d9\ud5a5\uc744 \ubcf4\uc774\uc9c0 \uc54a\uc558\ub2e4.\u00a0\uac19\uc740 \uae30\uac04 \uc8fc\uac00\ub294 1.38% \ud558\ub77d\ud588\ub2e4.(\ub2e8\uc704: \uc6d0)\ub0a0\uc9dc\uc8fc\uac00\ub4f1\ub77d\ub96006\uc6d4 01\uc77c49,900+0.40%05\uc6d4 29\uc77c49,700-1.58%05\uc6d4 28\uc77c50,500-1.37%05\uc6d4 27\uc77c51,200+1.19%05\uc6d4 26\uc77c50,600+0.60%[\uc774 \uae30\uc0ac\ub294 \uc99d\uad8c\ud50c\ub7ec\uc2a4(\ub450\ub098\ubb34)\uac00 \uc790\uccb4 \uac1c\ubc1c\ud55c \ub85c\ubd07 \uae30\uc790\uc778 'C-Biz\ubd07'\uc774 \uc2e4\uc2dc\uac04\uc73c\ub85c \uc791\uc131\ud588\uc2b5\ub2c8\ub2e4.][C-Biz\ubd07]\t[\ub124\uc774\ubc84 \uba54\uc778\uc5d0\uc11c \uc870\uc120\ube44\uc988 \ubc1b\uc544\ubcf4\uae30]\t[\uc870\uc120\ube44\uc988 \ubc14\ub85c\uac00\uae30] \tchosunbiz.com\n"}, {"market": "kospi", "sid": "000590", "codename": "CS\ud640\ub529\uc2a4", "year": 2020, "month": 6, "article_url": "https://n.news.naver.com/article/366/0000532104?sid=004", "news_company": "\uc870\uc120\ube44\uc988", "title": "\uc0c1\uc2b9\ub960 \uc0c1\uc704 50\uc120 - \ucf54\uc2a4\ud53c", "headline": "\uc0c1\uc2b9\ub960 \uc0c1\uc704 50\uc120 - \ucf54\uc2a4\ud53c", "date_str": "2020.06.02. \uc624\uc804 11:02", "writer": null, "section": null, "original_article_link": "https://biz.chosun.com/site/data/html_dir/2020/06/02/2020060201647.html?utm_source=naver&utm_medium=original&utm_campaign=biz", "article_body": "\n\t\t\t\uc624\uc804 11\uc2dc 01\ubd84 \ud604\uc7ac \ucf54\uc2a4\ud53c \uc2dc\uc7a5\uc5d0\uc11c \uc8fc\uac00 \uc0c1\uc2b9\ub960\uc774 \ub192\uc740 \uc885\ubaa9\uc740\u00a0\uc870\uc120\uc120\uc7ac(120030), \uc0bc\uc131\uc911\uacf5\uc6b0(010145), \uc30d\uc6a9\uc591\ud68c\uc6b0(003415), CS\ud640\ub529\uc2a4(000590), \uc0bc\uc131\uc911\uacf5\uc5c5(010140)\ub4f1\uc774\ub2e4.\uc21c\uc704\uc885\ubaa9\uba85\ub4f1\ub77d\ub960\uc5f0\uad00 \uc139\ud1301\uc870\uc120\uc120\uc7ac(120030)+29.99%\ucca0\uac152\uc0bc\uc131\uc911\uacf5\uc6b0(010145)+29.91%3\uc30d\uc6a9\uc591\ud68c\uc6b0(003415)+20.95%4CS\ud640\ub529\uc2a4(000590)+20.84%\ucca0\uac155\uc0bc\uc131\uc911\uacf5\uc5c5(010140)+18.07%[\uc870\uc120 \ub300\ud45c\uc8fc]6\ub300\uc6b0\uc870\uc120\ud574\uc591(042660)+16.28%[\uc870\uc120 \ub300\ud45c\uc8fc]7\ub450\uc0b0\uc911\uacf5\uc5c5(034020)+9.91%[\uc6d0\uc790\ub825]8\ubaa8\ub098\ubbf8(005360)+9.67%\ubb38\uad6c\ub9589\uc138\uc9c4\uc911\uacf5\uc5c5(075580)+8.86%\uc870\uc12010\ud61c\uc778(003010)+8.26%[\ubc29\uc704\uc0b0\uc5c5]11\ud604\ub300\ub9ac\ubc14\ud2b8(079430)+8.19%[\uac74\uc790\uc7ac - \uac00\uad6c]12\uc0d8\ud45c+7.46%[\ub300\ub450]13\ud55c\uad6d\uc870\uc120\ud574\uc591+7.27%[\ud654\ud559 - \uc815\uc720]14HSD\uc5d4\uc9c4(082740)+7.07%\uc870\uc12015\uc528\uc544\uc774\ud14c\ud06c(004920)+6.36%[\ub514\uc9c0\ud138 \ud0a4\uc624\uc2a4\ud06c]16\uc81c\uc77c\uae30\ud68d(030000)+5.85%[\uad11\uace0]17\ucf00\uc774\uc528\uc528\uae00\ub77c\uc2a4+5.75%\uac74\ucd95\uc790\uc7ac18\ub514\ud53c\uc528(026890)+6.13%[\ubbf8\ub514\uc5b4 - \uc5d4\ud130]19\uc0bc\uc131\ud654\uc7ac(000810)+5.90%\uc190\ud574\ubcf4\ud5d820\ud0a4\ub2e4\ub9ac\uc2a4\ud29c\ub514\uc624(020120)+5.60%\uc591\ubc29\ud5a5\ubbf8\ub514\uc5b4\uc640\uc11c\ube44\uc2a421\ud55c\uc194\ucf00\ubbf8\uce7c(014680)+5.39%[\ubc18\ub3c4\uccb4 - \uc804\uacf5\uc815 \uc18c\uc7ac]22\uacc4\uc591\uc804\uae30(012200)+5.35%\uc790\ub3d9\ucc28\ubd80\ud48823\uc5d4\ucf00\uc774(085310)+5.31%[\uc218\uc18c\uc5f0\ub8cc\uc804\uc9c0\ucc28]24\ud55c\uc0d8(009240)+4.99%[\uac74\uc790\uc7ac - \uac00\uad6c]25\uc0ac\uc870\ub300\ub9bc(003960)+5.10%[\uc74c\uc2dd\ub8cc - \uc218\uc0b0\uc2dd\ud488]26\uc778\ub514\uc5d0\ud504(014990)+5.00%[\uac1c\uc131\uacf5\ub2e8]27\uc720\ub2c8\uc628\uba38\ud2f0\ub9ac\uc5bc(047400)+5.24%[\ud76c\ud1a0\ub958]28\ud0a4\uc6c0\uc99d\uad8c(039490)+4.97%[\uc99d\uad8c\uc0ac]29\ud55c\uc194\uc81c\uc9c0(213500)+4.86%\uc885\uc774\uc640 \ubaa9\uc7ac30\uc720\uc548\ud0c0\uc99d\uad8c(003470)+4.75%[\uc99d\uad8c\uc0ac]31\ud55c\uad6d\uce74\ubcf8(017960)+4.73%[\uc790\ub3d9\ucc28 \uc5f0\ube44\uac1c\uc120 - \uacbd\ub7c9\ud654]32\ubc31\uc0b0(035150)+4.69%[\ud53c\ud601 - \ud569\uc131]33\ud604\ub300\ube44\uc564\uc9c0\uc2a4\ud2f8\uc6b0(004565)+4.69%34\uc11c\uc5f0(007860)+4.74%\uc790\ub3d9\ucc28\ubd80\ud48835\uc38c\ub9c8\ud14c\ub77c\ud4e8\ud2f1\uc2a4+4.48%\ud310\ub9e4\uc5c5\uccb436\ub300\uc6d0\ud654\uc131(024890)+4.36%[\ud53c\ud601 - \ud569\uc131]37\ud604\ub300\ubbf8\ud3ec\uc870\uc120(010620)+4.19%[\uc870\uc120 \ub300\ud45c\uc8fc]38\uae08\uc591(001570)+4.48%[\uc2e0\ubc1c \uc18c\uc7ac\u00b7\uc81c\uc870]39\ub300\uc0c1\ud640\ub529\uc2a4(084690)+4.14%\uc2dd\ud48840DB\uc190\ud574\ubcf4\ud5d8(005830)+3.97%\uc190\ud574\ubcf4\ud5d841\ud55c\ud654\ud22c\uc790\uc99d\uad8c(003530)+3.95%[\uc99d\uad8c\uc0ac]42\uc8fc\uc5f0\ud14c\ud06c(044380)+3.62%[\uc554\ud638\ud654\ud3d0\u00b7\ube14\ub85d\uccb4\uc778]43KB\uae08\uc735(105560)+3.90%\uc740\ud58944\ub86f\ub370\uc190\ud574\ubcf4\ud5d8(000400)+3.86%\uc190\ud574\ubcf4\ud5d845\uae30\uc544\ucc28(000270)+3.76%[\uc790\ub3d9\ucc28 \ub300\ud45c\uc8fc]46LG\ub514\uc2a4\ud50c\ub808\uc774(034220)+3.29%\ub514\uc2a4\ud50c\ub808\uc774 \ud328\ub11047\uc0bc\uc601\ud654\ud559(003720)+3.76%\ud654\ud55948\ub3d9\uad6d\uc81c\uac15(001230)+3.73%\ucca0\uac1549BNK\uae08\uc735\uc9c0\uc8fc(138930)+3.68%\uc740\ud58950\uae30\uc5c5\uc740\ud589(024110)+3.66%[\uace0\ubc30\ub2f9\uc8fc]\u203b \uc8fc\uac00 \ub4f1\ub77d\ub960: \uc624\uc804 11\uc2dc 01\ubd84 \uae30\uc900 \ub4f1\ub77d\ub960[\uc774 \uae30\uc0ac\ub294 \uc99d\uad8c\ud50c\ub7ec\uc2a4(\ub450\ub098\ubb34)\uac00 \uc790\uccb4 \uac1c\ubc1c\ud55c \ub85c\ubd07 \uae30\uc790\uc778 'C-Biz\ubd07'\uc774 \uc2e4\uc2dc\uac04\uc73c\ub85c \uc791\uc131\ud588\uc2b5\ub2c8\ub2e4.][C-Biz\ubd07]\t[\ub124\uc774\ubc84 \uba54\uc778\uc5d0\uc11c \uc870\uc120\ube44\uc988 \ubc1b\uc544\ubcf4\uae30]\t[\uc870\uc120\ube44\uc988 \ubc14\ub85c\uac00\uae30] \tchosunbiz.com\n"}, {"market": "kospi", "sid": "000590", "codename": "CS\ud640\ub529\uc2a4", "year": 2020, "month": 6, "article_url": "http://m.itooza.com/view.php?ud=2020060209471301992", "news_company": "\uc544\uc774\ud22c\uc790", "title": "[\ud070\uc190\u682a] \uc778\ud654\uc815\uacf5, 10.7% \uc0c1\uc2b9 \uc911...\uc2e0\uc601\uc790\uc0b0 \ubcf4\uc720", "headline": null, "date_str": null, "writer": null, "section": null, "original_article_link": null, "article_body": null}, {"market": "kospi", "sid": "000590", "codename": "CS\ud640\ub529\uc2a4", "year": 2020, "month": 6, "article_url": "http://m.itooza.com/view.php?ud=2020060209372893548", "news_company": "\uc544\uc774\ud22c\uc790", "title": "[\uc624\uc804 \uae09\ub4f1\uc8fc \uc810\uac80] \ucf00\uc774\uc5d0\uc2a4\ud53c 23% \uae09\ub4f1 \uc678..\uc7ac\ubb34 \uc0c1\ud0dc\ub294?", "headline": null, "date_str": null, "writer": null, "section": null, "original_article_link": null, "article_body": null}, {"market": "kospi", "sid": "000590", "codename": "CS\ud640\ub529\uc2a4", "year": 2020, "month": 6, "article_url": "http://m.g-enews.com/view.php?ud=202006020938283545edf69f862c_1", "news_company": "\uae00\ub85c\ubc8c\uc774\ucf54\ub178\ubbf9", "title": "[\ucf54\uc2a4\ud53c] \uc0c1\uc2b9\ub960 \uc0c1\uc704 50 \uc885\ubaa9...LNG\uc120 \uc218\uc8fc \uc18c\uc2dd\uc5d0 \uc870\uc120\uc8fc \uae09\ub4f1", "headline": null, "date_str": null, "writer": null, "section": null, "original_article_link": null, "article_body": null}, {"market": "kospi", "sid": "000590", "codename": "CS\ud640\ub529\uc2a4", "year": 2020, "month": 6, "article_url": "https://n.news.naver.com/article/366/0000531996?sid=004", "news_company": "\uc870\uc120\ube44\uc988", "title": "\uac70\ub798\ub7c9 \uc99d\uac00 \uc0c1\uc704 20\uc120 - \ucf54\uc2a4\ud53c", "headline": "\uac70\ub798\ub7c9 \uc99d\uac00 \uc0c1\uc704 20\uc120 - \ucf54\uc2a4\ud53c", "date_str": "2020.06.02. \uc624\uc804 9:52", "writer": null, "section": null, "original_article_link": "https://biz.chosun.com/site/data/html_dir/2020/06/02/2020060201216.html?utm_source=naver&utm_medium=original&utm_campaign=biz", "article_body": "\n\t\t\t\uc624\uc804 09\uc2dc 51\ubd84 \ud604\uc7ac \ucf54\uc2a4\ud53c \uc2dc\uc7a5\uc5d0\uc11c \uac70\ub798\ub7c9\uc774 \uae09\uc99d\ud55c \uc885\ubaa9\uc740 \uc870\uc120\uc120\uc7ac(120030), \uc0bc\uc131\uc911\uacf5\uc6b0(010145), CS\ud640\ub529\uc2a4(000590), \uc30d\uc6a9\uc591\ud68c\uc6b0(003415), \uc774\uc218\ud654\ud559(005950)\ub4f1\uc774\ub2e4.\uc21c\uc704\uc885\ubaa9\uba85\uac70\ub798\ub7c9 \uc99d\uac00\uc728\uc8fc\uac00 \ub4f1\ub77d\ub960\uc5f0\uad00 \uc139\ud1301\uc870\uc120\uc120\uc7ac(120030)+31,346%+25.23%\ucca0\uac152\uc0bc\uc131\uc911\uacf5\uc6b0(010145)+13,130%+29.91%3CS\ud640\ub529\uc2a4(000590)+1,611%+9.42%\ucca0\uac154\uc30d\uc6a9\uc591\ud68c\uc6b0(003415)+920%+21.34%5\uc774\uc218\ud654\ud559(005950)+681%+2.35%\ud654\ud5596\uc778\ub514\uc5d0\ud504(014990)+377%+6.52%[\uac1c\uc131\uacf5\ub2e8]7\uc870\uad11\ud398\uc778\ud2b8(004910)+348%+5.33%[\ud398\uc778\ud2b8]8\uc138\uc9c4\uc911\uacf5\uc5c5(075580)+311%+9.54%\uc870\uc1209\ud55c\uc9c4\uc911\uacf5\uc5c5(097230)+276%+2.52%[\uc870\uc120 \ub300\ud45c\uc8fc]10\ud604\ub300\uc911\uacf5\uc5c5\uc9c0\uc8fc(267250)+274%+4.63%\uc11d\uc720\uc640 \uac00\uc2a411\ucf54\uc544\uc2a4(071950)+274%+1.20%[\uac74\uc790\uc7ac - \uac00\uad6c]12\ud55c\uad6d\uc870\uc120\ud574\uc591+271%+8.46%[\ud654\ud559 - \uc815\uc720]13\uc0bc\uc131\uc911\uacf5\uc5c5(010140)+257%+18.88%[\uc870\uc120 \ub300\ud45c\uc8fc]14\ud61c\uc778(003010)+230%+13.94%[\ubc29\uc704\uc0b0\uc5c5]15\ud604\ub300\ubbf8\ud3ec\uc870\uc120(010620)+224%+5.78%[\uc870\uc120 \ub300\ud45c\uc8fc]16\uc870\ud765(002600)+188%-0.98%\uc2dd\ud48817\uc54c\ub8e8\ucf54(001780)+172%+3.80%[\uc790\ub3d9\ucc28 \uc5f0\ube44\uac1c\uc120 - \uacbd\ub7c9\ud654]18\ub300\uc6b0\uc870\uc120\ud574\uc591(042660)+156%+17.95%[\uc870\uc120 \ub300\ud45c\uc8fc]19\uc5d4\ucf00\uc774(085310)+156%+6.40%[\uc218\uc18c\uc5f0\ub8cc\uc804\uc9c0\ucc28]20\ud06c\ub77c\uc6b4\ud574\ud0dc\ud640\ub529\uc2a4(005740)+151%+1.75%[\uc74c\uc2dd\ub8cc - \uc81c\uacfc]\u203b \uc8fc\uac00 \ub4f1\ub77d\ub960: \uc624\uc804 09\uc2dc 51\ubd84 \uae30\uc900 \ub4f1\ub77d\ub960[\uc774 \uae30\uc0ac\ub294 \uc99d\uad8c\ud50c\ub7ec\uc2a4(\ub450\ub098\ubb34)\uac00 \uc790\uccb4 \uac1c\ubc1c\ud55c \ub85c\ubd07 \uae30\uc790\uc778 'C-Biz\ubd07'\uc774 \uc2e4\uc2dc\uac04\uc73c\ub85c \uc791\uc131\ud588\uc2b5\ub2c8\ub2e4.][C-Biz\ubd07]\t[\ub124\uc774\ubc84 \uba54\uc778\uc5d0\uc11c \uc870\uc120\ube44\uc988 \ubc1b\uc544\ubcf4\uae30]\t[\uc870\uc120\ube44\uc988 \ubc14\ub85c\uac00\uae30] \tchosunbiz.com\n"}, {"market": "kospi", "sid": "000590", "codename": "CS\ud640\ub529\uc2a4", "year": 2020, "month": 6, "article_url": "https://n.news.naver.com/article/366/0000531906?sid=004", "news_company": "\uc870\uc120\ube44\uc988", "title": "\uc0c1\uc2b9\ub960 \uc0c1\uc704 50\uc120 - \ucf54\uc2a4\ud53c", "headline": "\uc0c1\uc2b9\ub960 \uc0c1\uc704 50\uc120 - \ucf54\uc2a4\ud53c", "date_str": "2020.06.02. \uc624\uc804 9:08", "writer": null, "section": null, "original_article_link": "https://biz.chosun.com/site/data/html_dir/2020/06/02/2020060200900.html?utm_source=naver&utm_medium=original&utm_campaign=biz", "article_body": "\n\t\t\t\uc624\uc804 09\uc2dc 06\ubd84 \ud604\uc7ac \ucf54\uc2a4\ud53c \uc2dc\uc7a5\uc5d0\uc11c \uc8fc\uac00 \uc0c1\uc2b9\ub960\uc774 \ub192\uc740 \uc885\ubaa9\uc740\u00a0\uc0bc\uc131\uc911\uacf5\uc6b0(010145), \uc870\uc120\uc120\uc7ac(120030), \ub300\uc6b0\uc870\uc120\ud574\uc591(042660), \uc0bc\uc131\uc911\uacf5\uc5c5(010140), \uc30d\uc6a9\uc591\ud68c\uc6b0(003415)\ub4f1\uc774\ub2e4.\uc21c\uc704\uc885\ubaa9\uba85\ub4f1\ub77d\ub960\uc5f0\uad00 \uc139\ud1301\uc0bc\uc131\uc911\uacf5\uc6b0(010145)+29.91%2\uc870\uc120\uc120\uc7ac(120030)+28.70%\ucca0\uac153\ub300\uc6b0\uc870\uc120\ud574\uc591(042660)+23.80%[\uc870\uc120 \ub300\ud45c\uc8fc]4\uc0bc\uc131\uc911\uacf5\uc5c5(010140)+22.49%[\uc870\uc120 \ub300\ud45c\uc8fc]5\uc30d\uc6a9\uc591\ud68c\uc6b0(003415)+21.74%6HSD\uc5d4\uc9c4(082740)+18.30%\uc870\uc1207\uc138\uc9c4\uc911\uacf5\uc5c5(075580)+18.66%\uc870\uc1208\ud55c\uad6d\uce74\ubcf8(017960)+14.54%[\uc790\ub3d9\ucc28 \uc5f0\ube44\uac1c\uc120 - \uacbd\ub7c9\ud654]9\ub450\uc0b0\uc911\uacf5\uc5c5(034020)+14.86%[\uc6d0\uc790\ub825]10\ud604\ub300\uc911\uacf5\uc5c5\uc9c0\uc8fc(267250)+12.63%\uc11d\uc720\uc640 \uac00\uc2a411\ud604\ub300\ubbf8\ud3ec\uc870\uc120(010620)+13.29%[\uc870\uc120 \ub300\ud45c\uc8fc]12\ud55c\uad6d\uc870\uc120\ud574\uc591+12.26%[\ud654\ud559 - \uc815\uc720]13\uc0d8\ud45c+12.33%[\ub300\ub450]14\uacc4\uc591\uc804\uae30(012200)+11.37%\uc790\ub3d9\ucc28\ubd80\ud48815\uc870\uad11\ud398\uc778\ud2b8(004910)+8.88%[\ud398\uc778\ud2b8]16CS\ud640\ub529\uc2a4(000590)+10.42%\ucca0\uac1517\ud480\ubb34\uc6d0(017810)+9.27%[\ub300\ub450]18STX\uc911\uacf5\uc5c5(071970)+8.86%\uae30\uacc419\uc2e0\uc1a1\ud640\ub529\uc2a4(006880)+7.29%[\ub300\ub450]20\ub3d9\uad6d\uc81c\uac15(001230)+7.23%\ucca0\uac1521STX\uc5d4\uc9c4(077970)+6.62%\uc870\uc12022\uc0d8\ud45c\uc2dd\ud488(007540)+6.59%[\ub300\ub450]23\ubaa8\ub098\ubbf8(005360)+7.56%\ubb38\uad6c\ub95824\uc138\uc544\uc81c\uac15(306200)+6.07%[\uac15\uad00]25\ud55c\uc9c4\uc911\uacf5\uc5c5(097230)+5.88%[\uc870\uc120 \ub300\ud45c\uc8fc]26\ud604\ub300\ub9ac\ubc14\ud2b8(079430)+5.80%[\uac74\uc790\uc7ac - \uac00\uad6c]27\uc778\ub514\uc5d0\ud504(014990)+5.65%[\uac1c\uc131\uacf5\ub2e8]28\uc720\ub2c8\uc628\uba38\ud2f0\ub9ac\uc5bc(047400)+5.64%[\ud76c\ud1a0\ub958]29\uacc4\uc591\uc804\uae30\uc6b0(012205)+5.37%30\uc5d4\ucf00\uc774(085310)+5.31%[\uc218\uc18c\uc5f0\ub8cc\uc804\uc9c0\ucc28]31\ucf00\uc774\uc528\uc528\uae00\ub77c\uc2a4+5.45%\uac74\ucd95\uc790\uc7ac32\ud604\ub300\ube44\uc564\uc9c0\uc2a4\ud2f8\uc6b0(004565)+5.08%33\ud55c\uc9c4\uc911\uacf5\uc5c5\ud640\ub529\uc2a4(003480)+5.04%\uac00\uc2a4 \uc720\ud2f8\ub9ac\ud2f034\uc6b0\uc131\uc0ac\ub8cc(006980)+5.17%[\ubc30\ud569\uc0ac\ub8cc\u00b7\ucca8\uac00\uc81c]35\ud604\ub300\uc77c\ub809\ud2b8\ub9ad(267260)+4.97%\uc804\uae30\uc7a5\ube4436\uc528\uc544\uc774\ud14c\ud06c(004920)+4.55%[\ub514\uc9c0\ud138 \ud0a4\uc624\uc2a4\ud06c]37\ud654\uc778\ubca0\uc2a4\ud2f8(133820)+4.10%\ucca0\uac1538\uc5d4\uc5d0\uc2a4\uc1fc\ud551(138250)+5.50%\uc778\ud130\ub137\uacfc \uce74\ud0c8\ub85c\uadf8 \uc18c\ub9e439\uc81c\uc774\ucf58\ud150\ud2b8\ub9ac(036420)+3.96%[\ubbf8\ub514\uc5b4 -\ub4dc\ub77c\ub9c8\u00b7\uc601\ud654 \uc81c\uc791]40\uc0ac\uc870\ub300\ub9bc(003960)+4.14%[\uc74c\uc2dd\ub8cc - \uc218\uc0b0\uc2dd\ud488]41\ud3ec\uc2a4\ucf54\uac15\ud310(058430)+4.08%\ube44\ucca0\uae08\uc18d42\ub300\ud55c\ud574\uc6b4(005880)+4.00%[\ud574\uc6b4]43\ud604\ub300\uc81c\ucca0(004020)+4.17%\ucca0\uac1544\uc2e0\ud654\uc2e4\uc5c5(001770)+3.66%\ucca0\uac1545\ucf54\uc544\uc2a4(071950)+4.02%[\uac74\uc790\uc7ac - \uac00\uad6c]46POSCO(005490)+3.29%[\uc790\ub3d9\ucc28 \uc5f0\ube44\uac1c\uc120 - \uacbd\ub7c9\ud654]47\ub3d9\uc5912\uc6b0B(001527)+3.55%48\ud154\ucf54\uc6e8\uc5b4(078000)+3.49%[5G(5\uc138\ub300 \uc774\ud1b5\ud1b5\uc2e0)]49\ub300\uc6d0\ud654\uc131(024890)+3.49%[\ud53c\ud601 - \ud569\uc131]50\ud61c\uc778(003010)+3.61%[\ubc29\uc704\uc0b0\uc5c5]\u203b \uc8fc\uac00 \ub4f1\ub77d\ub960: \uc624\uc804 09\uc2dc 06\ubd84 \uae30\uc900 \ub4f1\ub77d\ub960[\uc774 \uae30\uc0ac\ub294 \uc99d\uad8c\ud50c\ub7ec\uc2a4(\ub450\ub098\ubb34)\uac00 \uc790\uccb4 \uac1c\ubc1c\ud55c \ub85c\ubd07 \uae30\uc790\uc778 'C-Biz\ubd07'\uc774 \uc2e4\uc2dc\uac04\uc73c\ub85c \uc791\uc131\ud588\uc2b5\ub2c8\ub2e4.][C-Biz\ubd07]\t[\ub124\uc774\ubc84 \uba54\uc778\uc5d0\uc11c \uc870\uc120\ube44\uc988 \ubc1b\uc544\ubcf4\uae30]\t[\uc870\uc120\ube44\uc988 \ubc14\ub85c\uac00\uae30] \tchosunbiz.com\n"}, {"market": "kospi", "sid": "000590", "codename": "CS\ud640\ub529\uc2a4", "year": 2020, "month": 6, "article_url": "https://n.news.naver.com/article/015/0004352028?sid=101", "news_company": "\ud55c\uad6d\uacbd\uc81c", "title": "'CS\ud640\ub529\uc2a4' 5% \uc774\uc0c1 \uc0c1\uc2b9, \uc804\uc77c \uc885\uac00 \uae30\uc900 PER 2.9\ubc30, PBR 0.2\ubc30, \uc800PER, \uc800PBR", "headline": "'CS\ud640\ub529\uc2a4' 5% \uc774\uc0c1 \uc0c1\uc2b9, \uc804\uc77c \uc885\uac00 \uae30\uc900 PER 2.9\ubc30, PBR 0.2\ubc30, \uc800PER, \uc800PBR", "date_str": "2020.06.02. \uc624\uc804 9:08", "writer": null, "section": "\uacbd\uc81c", "original_article_link": "https://www.hankyung.com/finance/article/202006020529L", "article_body": "\n\n\n\n\n\u25c6 Valuation- \uc804\uc77c \uc885\uac00 \uae30\uc900 PER 2.9\ubc30, PBR 0.2\ubc30, \uc800PER, \uc800PBR\uc804\uc77c \uc885\uac00\ub97c \uae30\uc900\uc73c\ub85c \uc774 \uc885\ubaa9\uc758 PER\ub294 2.9\ubc30, PBR\uc740 0.2\ubc30\uc774\ub2e4. PER\ub294 \uae08\uc735\uc5c5\uc5c5\uc885\uc758 \ud3c9\uade0 PER 8.2\ubc30 \ub300\ube44 -5.3\ubc30 \ub0ae\uc740 \uc218\uc900\uc73c\ub85c \uc5c5\uc885 \ub0b4\uc5d0\uc11c \ud558\uc704 31%\uc5d0 \uc788\uace0, PBR\uc740 \uae08\uc735\uc5c5\uc5c5\uc885\uc758 \ud3c9\uade0 PBR 0.4\ubc30 \ub300\ube44 -0.2\ubc30 \ub0ae\uc740 \uc218\uc900\uc73c\ub85c \uc5c5\uc885 \ub0b4\uc5d0\uc11c \ud558\uc704 20%\uc5d0 \uc704\uce58\ud55c\ub2e4.\uc774 \uc885\ubaa9\uc740 \ucf54\uc2a4\ud53c \uc804\uccb4\uc5d0\uc11c PER\uc640 PBR\uc774 \uac01\uac01 \ud558\uc704 4%, 6%\uc5d0 \ub7ad\ud0b9\ub418\uc5b4 \uc2dc\uc7a5\uc5d0\uc11c \uc800\ud3c9\uac00\uc8fc\ub85c \uad00\uc2ec\uc744 \uac00\uc838\ubcfc \uc218 \uc788\ub2e4.. \ud604\uc7ac \uc774 \uc885\ubaa9\uc740 PBR\uc774 1 \ubcf4\ub2e4 \uc791\uc544\uc11c \uc2dc\uac00\ucd1d\uc561\uc774 \uc790\uc0b0\uac00\uce58\uc5d0 \ubabb \ubbf8\uce58\uace0 \uc788\uc73c\ub2c8 \ud68c\uc0ac\uc758 \uc2e4\uc801\uc744 \uba74\ubc00\ud788 \uc0b4\ud3b4\ubcfc \ud544\uc694\uac00 \uc788\ub2e4.[\ud45c]CS\ud640\ub529\uc2a4 Valuation\n\n\n\n\u25c6 \ucc28\ud2b8 \ubd84\uc11d- \ub2e8\uae30\u00b7\uc911\uae30 \uc774\ud3c9\uc120 \uc815\ubc30\uc5f4\ub85c \uc0c1\uc2b9\uc138\ucd94\uc138\uc120\uc73c\ub85c \ubcf4\uba74 \ud604\uc7ac \ub2e8\uae30\u00b7\uc911\uae30 \uc774\ud3c9\uc120\uc774 \uc815\ubc30\uc5f4 \uc0c1\ud0dc\ub85c \uc0c1\uc2b9\uc138\ub97c \ubcf4\uc774\uace0 \uc788\ub2e4.\uc774 \uc885\ubaa9\uc758 \ucc28\ud2b8\uc5d0\uc11c \ucd5c\uadfc\uc5d0 \ucd5c\uadfc 5\uc77c \ub9e4\ubb3c\ub300 \ub3cc\ud30c, \uc8fc\uac00 5MA \uc0c1\ud5a5\ub3cc\ud30c, \uc0bc\uc120\uc804\ud658\ub3c4(\uc591\uc804\ud658) \ub4f1\uc744 \ud655\uc778\ud560 \uc218 \uc788\ub2e4[\uadf8\ub798\ud504]CS\ud640\ub529\uc2a4 \ucc28\ud2b8 \ubd84\uc11d\n\n\n\n\ud55c\uacbd\ub85c\ubcf4\ub274\uc2a4\uc774 \uae30\uc0ac\ub294 \ud55c\uad6d\uacbd\uc81c\uc2e0\ubb38\uacfc \uae08\uc735 AI \uc804\ubb38\uae30\uc5c5 \uc53d\ud06c\ud480\uc774 \uacf5\ub3d9 \uac1c\ubc1c\ud55c \uae30\uc0ac \uc790\ub3d9\uc0dd\uc131 \uc54c\uace0\ub9ac\uc998\uc5d0 \uc758\ud574 \uc2e4\uc2dc\uac04\uc73c\ub85c \uc791\uc131\ub41c \uac83\uc785\ub2c8\ub2e4.\u25b6 \ub124\uc774\ubc84\uc5d0\uc11c \ud55c\uad6d\uacbd\uc81c \ub274\uc2a4\ub97c \ubc1b\uc544\ubcf4\uc138\uc694\u25b6 \ud55c\uacbd\ub2f7\ucef4 \ubc14\ub85c\uac00\uae30  \u25b6 \ubaa8\ubc14\uc77c\ud55c\uacbd \uad6c\ub3c5\uc2e0\uccad \u24d2 \ud55c\uad6d\uacbd\uc81c & hankyung.com, \ubb34\ub2e8\uc804\uc7ac \ubc0f \uc7ac\ubc30\ud3ec \uae08\uc9c0\n\t\t"}, {"market": "kospi", "sid": "000590", "codename": "CS\ud640\ub529\uc2a4", "year": 2020, "month": 6, "article_url": "http://m.itooza.com/view.php?ud=2020060209372893548", "news_company": "\uc544\uc774\ud22c\uc790", "title": "[\uc624\uc804 \uae09\ub4f1\uc8fc \uc810\uac80] \ucf00\uc774\uc5d0\uc2a4\ud53c 23% \uae09\ub4f1 \uc678..\uc7ac\ubb34 \uc0c1\ud0dc\ub294?", "headline": null, "date_str": null, "writer": null, "section": null, "original_article_link": null, "article_body": null}, {"market": "kospi", "sid": "000590", "codename": "CS\ud640\ub529\uc2a4", "year": 2020, "month": 6, "article_url": "http://m.g-enews.com/view.php?ud=202006020938283545edf69f862c_1", "news_company": "\uae00\ub85c\ubc8c\uc774\ucf54\ub178\ubbf9", "title": "[\ucf54\uc2a4\ud53c] \uc0c1\uc2b9\ub960 \uc0c1\uc704 50 \uc885\ubaa9...LNG\uc120 \uc218\uc8fc \uc18c\uc2dd\uc5d0 \uc870\uc120\uc8fc \uae09\ub4f1", "headline": null, "date_str": null, "writer": null, "section": null, "original_article_link": null, "article_body": null}, {"market": "kospi", "sid": "000590", "codename": "CS\ud640\ub529\uc2a4", "year": 2020, "month": 6, "article_url": "https://n.news.naver.com/article/366/0000531996?sid=004", "news_company": "\uc870\uc120\ube44\uc988", "title": "\uac70\ub798\ub7c9 \uc99d\uac00 \uc0c1\uc704 20\uc120 - \ucf54\uc2a4\ud53c", "headline": "\uac70\ub798\ub7c9 \uc99d\uac00 \uc0c1\uc704 20\uc120 - \ucf54\uc2a4\ud53c", "date_str": "2020.06.02. \uc624\uc804 9:52", "writer": null, "section": null, "original_article_link": "https://biz.chosun.com/site/data/html_dir/2020/06/02/2020060201216.html?utm_source=naver&utm_medium=original&utm_campaign=biz", "article_body": "\n\t\t\t\uc624\uc804 09\uc2dc 51\ubd84 \ud604\uc7ac \ucf54\uc2a4\ud53c \uc2dc\uc7a5\uc5d0\uc11c \uac70\ub798\ub7c9\uc774 \uae09\uc99d\ud55c \uc885\ubaa9\uc740 \uc870\uc120\uc120\uc7ac(120030), \uc0bc\uc131\uc911\uacf5\uc6b0(010145), CS\ud640\ub529\uc2a4(000590), \uc30d\uc6a9\uc591\ud68c\uc6b0(003415), \uc774\uc218\ud654\ud559(005950)\ub4f1\uc774\ub2e4.\uc21c\uc704\uc885\ubaa9\uba85\uac70\ub798\ub7c9 \uc99d\uac00\uc728\uc8fc\uac00 \ub4f1\ub77d\ub960\uc5f0\uad00 \uc139\ud1301\uc870\uc120\uc120\uc7ac(120030)+31,346%+25.23%\ucca0\uac152\uc0bc\uc131\uc911\uacf5\uc6b0(010145)+13,130%+29.91%3CS\ud640\ub529\uc2a4(000590)+1,611%+9.42%\ucca0\uac154\uc30d\uc6a9\uc591\ud68c\uc6b0(003415)+920%+21.34%5\uc774\uc218\ud654\ud559(005950)+681%+2.35%\ud654\ud5596\uc778\ub514\uc5d0\ud504(014990)+377%+6.52%[\uac1c\uc131\uacf5\ub2e8]7\uc870\uad11\ud398\uc778\ud2b8(004910)+348%+5.33%[\ud398\uc778\ud2b8]8\uc138\uc9c4\uc911\uacf5\uc5c5(075580)+311%+9.54%\uc870\uc1209\ud55c\uc9c4\uc911\uacf5\uc5c5(097230)+276%+2.52%[\uc870\uc120 \ub300\ud45c\uc8fc]10\ud604\ub300\uc911\uacf5\uc5c5\uc9c0\uc8fc(267250)+274%+4.63%\uc11d\uc720\uc640 \uac00\uc2a411\ucf54\uc544\uc2a4(071950)+274%+1.20%[\uac74\uc790\uc7ac - \uac00\uad6c]12\ud55c\uad6d\uc870\uc120\ud574\uc591+271%+8.46%[\ud654\ud559 - \uc815\uc720]13\uc0bc\uc131\uc911\uacf5\uc5c5(010140)+257%+18.88%[\uc870\uc120 \ub300\ud45c\uc8fc]14\ud61c\uc778(003010)+230%+13.94%[\ubc29\uc704\uc0b0\uc5c5]15\ud604\ub300\ubbf8\ud3ec\uc870\uc120(010620)+224%+5.78%[\uc870\uc120 \ub300\ud45c\uc8fc]16\uc870\ud765(002600)+188%-0.98%\uc2dd\ud48817\uc54c\ub8e8\ucf54(001780)+172%+3.80%[\uc790\ub3d9\ucc28 \uc5f0\ube44\uac1c\uc120 - \uacbd\ub7c9\ud654]18\ub300\uc6b0\uc870\uc120\ud574\uc591(042660)+156%+17.95%[\uc870\uc120 \ub300\ud45c\uc8fc]19\uc5d4\ucf00\uc774(085310)+156%+6.40%[\uc218\uc18c\uc5f0\ub8cc\uc804\uc9c0\ucc28]20\ud06c\ub77c\uc6b4\ud574\ud0dc\ud640\ub529\uc2a4(005740)+151%+1.75%[\uc74c\uc2dd\ub8cc - \uc81c\uacfc]\u203b \uc8fc\uac00 \ub4f1\ub77d\ub960: \uc624\uc804 09\uc2dc 51\ubd84 \uae30\uc900 \ub4f1\ub77d\ub960[\uc774 \uae30\uc0ac\ub294 \uc99d\uad8c\ud50c\ub7ec\uc2a4(\ub450\ub098\ubb34)\uac00 \uc790\uccb4 \uac1c\ubc1c\ud55c \ub85c\ubd07 \uae30\uc790\uc778 'C-Biz\ubd07'\uc774 \uc2e4\uc2dc\uac04\uc73c\ub85c \uc791\uc131\ud588\uc2b5\ub2c8\ub2e4.][C-Biz\ubd07]\t[\ub124\uc774\ubc84 \uba54\uc778\uc5d0\uc11c \uc870\uc120\ube44\uc988 \ubc1b\uc544\ubcf4\uae30]\t[\uc870\uc120\ube44\uc988 \ubc14\ub85c\uac00\uae30] \tchosunbiz.com\n"}, {"market": "kospi", "sid": "000590", "codename": "CS\ud640\ub529\uc2a4", "year": 2020, "month": 6, "article_url": "https://n.news.naver.com/article/366/0000531906?sid=004", "news_company": "\uc870\uc120\ube44\uc988", "title": "\uc0c1\uc2b9\ub960 \uc0c1\uc704 50\uc120 - \ucf54\uc2a4\ud53c", "headline": "\uc0c1\uc2b9\ub960 \uc0c1\uc704 50\uc120 - \ucf54\uc2a4\ud53c", "date_str": "2020.06.02. \uc624\uc804 9:08", "writer": null, "section": null, "original_article_link": "https://biz.chosun.com/site/data/html_dir/2020/06/02/2020060200900.html?utm_source=naver&utm_medium=original&utm_campaign=biz", "article_body": "\n\t\t\t\uc624\uc804 09\uc2dc 06\ubd84 \ud604\uc7ac \ucf54\uc2a4\ud53c \uc2dc\uc7a5\uc5d0\uc11c \uc8fc\uac00 \uc0c1\uc2b9\ub960\uc774 \ub192\uc740 \uc885\ubaa9\uc740\u00a0\uc0bc\uc131\uc911\uacf5\uc6b0(010145), \uc870\uc120\uc120\uc7ac(120030), \ub300\uc6b0\uc870\uc120\ud574\uc591(042660), \uc0bc\uc131\uc911\uacf5\uc5c5(010140), \uc30d\uc6a9\uc591\ud68c\uc6b0(003415)\ub4f1\uc774\ub2e4.\uc21c\uc704\uc885\ubaa9\uba85\ub4f1\ub77d\ub960\uc5f0\uad00 \uc139\ud1301\uc0bc\uc131\uc911\uacf5\uc6b0(010145)+29.91%2\uc870\uc120\uc120\uc7ac(120030)+28.70%\ucca0\uac153\ub300\uc6b0\uc870\uc120\ud574\uc591(042660)+23.80%[\uc870\uc120 \ub300\ud45c\uc8fc]4\uc0bc\uc131\uc911\uacf5\uc5c5(010140)+22.49%[\uc870\uc120 \ub300\ud45c\uc8fc]5\uc30d\uc6a9\uc591\ud68c\uc6b0(003415)+21.74%6HSD\uc5d4\uc9c4(082740)+18.30%\uc870\uc1207\uc138\uc9c4\uc911\uacf5\uc5c5(075580)+18.66%\uc870\uc1208\ud55c\uad6d\uce74\ubcf8(017960)+14.54%[\uc790\ub3d9\ucc28 \uc5f0\ube44\uac1c\uc120 - \uacbd\ub7c9\ud654]9\ub450\uc0b0\uc911\uacf5\uc5c5(034020)+14.86%[\uc6d0\uc790\ub825]10\ud604\ub300\uc911\uacf5\uc5c5\uc9c0\uc8fc(267250)+12.63%\uc11d\uc720\uc640 \uac00\uc2a411\ud604\ub300\ubbf8\ud3ec\uc870\uc120(010620)+13.29%[\uc870\uc120 \ub300\ud45c\uc8fc]12\ud55c\uad6d\uc870\uc120\ud574\uc591+12.26%[\ud654\ud559 - \uc815\uc720]13\uc0d8\ud45c+12.33%[\ub300\ub450]14\uacc4\uc591\uc804\uae30(012200)+11.37%\uc790\ub3d9\ucc28\ubd80\ud48815\uc870\uad11\ud398\uc778\ud2b8(004910)+8.88%[\ud398\uc778\ud2b8]16CS\ud640\ub529\uc2a4(000590)+10.42%\ucca0\uac1517\ud480\ubb34\uc6d0(017810)+9.27%[\ub300\ub450]18STX\uc911\uacf5\uc5c5(071970)+8.86%\uae30\uacc419\uc2e0\uc1a1\ud640\ub529\uc2a4(006880)+7.29%[\ub300\ub450]20\ub3d9\uad6d\uc81c\uac15(001230)+7.23%\ucca0\uac1521STX\uc5d4\uc9c4(077970)+6.62%\uc870\uc12022\uc0d8\ud45c\uc2dd\ud488(007540)+6.59%[\ub300\ub450]23\ubaa8\ub098\ubbf8(005360)+7.56%\ubb38\uad6c\ub95824\uc138\uc544\uc81c\uac15(306200)+6.07%[\uac15\uad00]25\ud55c\uc9c4\uc911\uacf5\uc5c5(097230)+5.88%[\uc870\uc120 \ub300\ud45c\uc8fc]26\ud604\ub300\ub9ac\ubc14\ud2b8(079430)+5.80%[\uac74\uc790\uc7ac - \uac00\uad6c]27\uc778\ub514\uc5d0\ud504(014990)+5.65%[\uac1c\uc131\uacf5\ub2e8]28\uc720\ub2c8\uc628\uba38\ud2f0\ub9ac\uc5bc(047400)+5.64%[\ud76c\ud1a0\ub958]29\uacc4\uc591\uc804\uae30\uc6b0(012205)+5.37%30\uc5d4\ucf00\uc774(085310)+5.31%[\uc218\uc18c\uc5f0\ub8cc\uc804\uc9c0\ucc28]31\ucf00\uc774\uc528\uc528\uae00\ub77c\uc2a4+5.45%\uac74\ucd95\uc790\uc7ac32\ud604\ub300\ube44\uc564\uc9c0\uc2a4\ud2f8\uc6b0(004565)+5.08%33\ud55c\uc9c4\uc911\uacf5\uc5c5\ud640\ub529\uc2a4(003480)+5.04%\uac00\uc2a4 \uc720\ud2f8\ub9ac\ud2f034\uc6b0\uc131\uc0ac\ub8cc(006980)+5.17%[\ubc30\ud569\uc0ac\ub8cc\u00b7\ucca8\uac00\uc81c]35\ud604\ub300\uc77c\ub809\ud2b8\ub9ad(267260)+4.97%\uc804\uae30\uc7a5\ube4436\uc528\uc544\uc774\ud14c\ud06c(004920)+4.55%[\ub514\uc9c0\ud138 \ud0a4\uc624\uc2a4\ud06c]37\ud654\uc778\ubca0\uc2a4\ud2f8(133820)+4.10%\ucca0\uac1538\uc5d4\uc5d0\uc2a4\uc1fc\ud551(138250)+5.50%\uc778\ud130\ub137\uacfc \uce74\ud0c8\ub85c\uadf8 \uc18c\ub9e439\uc81c\uc774\ucf58\ud150\ud2b8\ub9ac(036420)+3.96%[\ubbf8\ub514\uc5b4 -\ub4dc\ub77c\ub9c8\u00b7\uc601\ud654 \uc81c\uc791]40\uc0ac\uc870\ub300\ub9bc(003960)+4.14%[\uc74c\uc2dd\ub8cc - \uc218\uc0b0\uc2dd\ud488]41\ud3ec\uc2a4\ucf54\uac15\ud310(058430)+4.08%\ube44\ucca0\uae08\uc18d42\ub300\ud55c\ud574\uc6b4(005880)+4.00%[\ud574\uc6b4]43\ud604\ub300\uc81c\ucca0(004020)+4.17%\ucca0\uac1544\uc2e0\ud654\uc2e4\uc5c5(001770)+3.66%\ucca0\uac1545\ucf54\uc544\uc2a4(071950)+4.02%[\uac74\uc790\uc7ac - \uac00\uad6c]46POSCO(005490)+3.29%[\uc790\ub3d9\ucc28 \uc5f0\ube44\uac1c\uc120 - \uacbd\ub7c9\ud654]47\ub3d9\uc5912\uc6b0B(001527)+3.55%48\ud154\ucf54\uc6e8\uc5b4(078000)+3.49%[5G(5\uc138\ub300 \uc774\ud1b5\ud1b5\uc2e0)]49\ub300\uc6d0\ud654\uc131(024890)+3.49%[\ud53c\ud601 - \ud569\uc131]50\ud61c\uc778(003010)+3.61%[\ubc29\uc704\uc0b0\uc5c5]\u203b \uc8fc\uac00 \ub4f1\ub77d\ub960: \uc624\uc804 09\uc2dc 06\ubd84 \uae30\uc900 \ub4f1\ub77d\ub960[\uc774 \uae30\uc0ac\ub294 \uc99d\uad8c\ud50c\ub7ec\uc2a4(\ub450\ub098\ubb34)\uac00 \uc790\uccb4 \uac1c\ubc1c\ud55c \ub85c\ubd07 \uae30\uc790\uc778 'C-Biz\ubd07'\uc774 \uc2e4\uc2dc\uac04\uc73c\ub85c \uc791\uc131\ud588\uc2b5\ub2c8\ub2e4.][C-Biz\ubd07]\t[\ub124\uc774\ubc84 \uba54\uc778\uc5d0\uc11c \uc870\uc120\ube44\uc988 \ubc1b\uc544\ubcf4\uae30]\t[\uc870\uc120\ube44\uc988 \ubc14\ub85c\uac00\uae30] \tchosunbiz.com\n"}, {"market": "kospi", "sid": "000590", "codename": "CS\ud640\ub529\uc2a4", "year": 2020, "month": 6, "article_url": "https://n.news.naver.com/article/015/0004352028?sid=101", "news_company": "\ud55c\uad6d\uacbd\uc81c", "title": "'CS\ud640\ub529\uc2a4' 5% \uc774\uc0c1 \uc0c1\uc2b9, \uc804\uc77c \uc885\uac00 \uae30\uc900 PER 2.9\ubc30, PBR 0.2\ubc30, \uc800PER, \uc800PBR", "headline": "'CS\ud640\ub529\uc2a4' 5% \uc774\uc0c1 \uc0c1\uc2b9, \uc804\uc77c \uc885\uac00 \uae30\uc900 PER 2.9\ubc30, PBR 0.2\ubc30, \uc800PER, \uc800PBR", "date_str": "2020.06.02. \uc624\uc804 9:08", "writer": null, "section": "\uacbd\uc81c", "original_article_link": "https://www.hankyung.com/finance/article/202006020529L", "article_body": "\n\n\n\n\n\u25c6 Valuation- \uc804\uc77c \uc885\uac00 \uae30\uc900 PER 2.9\ubc30, PBR 0.2\ubc30, \uc800PER, \uc800PBR\uc804\uc77c \uc885\uac00\ub97c \uae30\uc900\uc73c\ub85c \uc774 \uc885\ubaa9\uc758 PER\ub294 2.9\ubc30, PBR\uc740 0.2\ubc30\uc774\ub2e4. PER\ub294 \uae08\uc735\uc5c5\uc5c5\uc885\uc758 \ud3c9\uade0 PER 8.2\ubc30 \ub300\ube44 -5.3\ubc30 \ub0ae\uc740 \uc218\uc900\uc73c\ub85c \uc5c5\uc885 \ub0b4\uc5d0\uc11c \ud558\uc704 31%\uc5d0 \uc788\uace0, PBR\uc740 \uae08\uc735\uc5c5\uc5c5\uc885\uc758 \ud3c9\uade0 PBR 0.4\ubc30 \ub300\ube44 -0.2\ubc30 \ub0ae\uc740 \uc218\uc900\uc73c\ub85c \uc5c5\uc885 \ub0b4\uc5d0\uc11c \ud558\uc704 20%\uc5d0 \uc704\uce58\ud55c\ub2e4.\uc774 \uc885\ubaa9\uc740 \ucf54\uc2a4\ud53c \uc804\uccb4\uc5d0\uc11c PER\uc640 PBR\uc774 \uac01\uac01 \ud558\uc704 4%, 6%\uc5d0 \ub7ad\ud0b9\ub418\uc5b4 \uc2dc\uc7a5\uc5d0\uc11c \uc800\ud3c9\uac00\uc8fc\ub85c \uad00\uc2ec\uc744 \uac00\uc838\ubcfc \uc218 \uc788\ub2e4.. \ud604\uc7ac \uc774 \uc885\ubaa9\uc740 PBR\uc774 1 \ubcf4\ub2e4 \uc791\uc544\uc11c \uc2dc\uac00\ucd1d\uc561\uc774 \uc790\uc0b0\uac00\uce58\uc5d0 \ubabb \ubbf8\uce58\uace0 \uc788\uc73c\ub2c8 \ud68c\uc0ac\uc758 \uc2e4\uc801\uc744 \uba74\ubc00\ud788 \uc0b4\ud3b4\ubcfc \ud544\uc694\uac00 \uc788\ub2e4.[\ud45c]CS\ud640\ub529\uc2a4 Valuation\n\n\n\n\u25c6 \ucc28\ud2b8 \ubd84\uc11d- \ub2e8\uae30\u00b7\uc911\uae30 \uc774\ud3c9\uc120 \uc815\ubc30\uc5f4\ub85c \uc0c1\uc2b9\uc138\ucd94\uc138\uc120\uc73c\ub85c \ubcf4\uba74 \ud604\uc7ac \ub2e8\uae30\u00b7\uc911\uae30 \uc774\ud3c9\uc120\uc774 \uc815\ubc30\uc5f4 \uc0c1\ud0dc\ub85c \uc0c1\uc2b9\uc138\ub97c \ubcf4\uc774\uace0 \uc788\ub2e4.\uc774 \uc885\ubaa9\uc758 \ucc28\ud2b8\uc5d0\uc11c \ucd5c\uadfc\uc5d0 \ucd5c\uadfc 5\uc77c \ub9e4\ubb3c\ub300 \ub3cc\ud30c, \uc8fc\uac00 5MA \uc0c1\ud5a5\ub3cc\ud30c, \uc0bc\uc120\uc804\ud658\ub3c4(\uc591\uc804\ud658) \ub4f1\uc744 \ud655\uc778\ud560 \uc218 \uc788\ub2e4[\uadf8\ub798\ud504]CS\ud640\ub529\uc2a4 \ucc28\ud2b8 \ubd84\uc11d\n\n\n\n\ud55c\uacbd\ub85c\ubcf4\ub274\uc2a4\uc774 \uae30\uc0ac\ub294 \ud55c\uad6d\uacbd\uc81c\uc2e0\ubb38\uacfc \uae08\uc735 AI \uc804\ubb38\uae30\uc5c5 \uc53d\ud06c\ud480\uc774 \uacf5\ub3d9 \uac1c\ubc1c\ud55c \uae30\uc0ac \uc790\ub3d9\uc0dd\uc131 \uc54c\uace0\ub9ac\uc998\uc5d0 \uc758\ud574 \uc2e4\uc2dc\uac04\uc73c\ub85c \uc791\uc131\ub41c \uac83\uc785\ub2c8\ub2e4.\u25b6 \ub124\uc774\ubc84\uc5d0\uc11c \ud55c\uad6d\uacbd\uc81c \ub274\uc2a4\ub97c \ubc1b\uc544\ubcf4\uc138\uc694\u25b6 \ud55c\uacbd\ub2f7\ucef4 \ubc14\ub85c\uac00\uae30  \u25b6 \ubaa8\ubc14\uc77c\ud55c\uacbd \uad6c\ub3c5\uc2e0\uccad \u24d2 \ud55c\uad6d\uacbd\uc81c & hankyung.com, \ubb34\ub2e8\uc804\uc7ac \ubc0f \uc7ac\ubc30\ud3ec \uae08\uc9c0\n\t\t"}, {"market": "kospi", "sid": "000590", "codename": "CS\ud640\ub529\uc2a4", "year": 2020, "month": 6, "article_url": "https://n.news.naver.com/article/366/0000531894?sid=004", "news_company": "\uc870\uc120\ube44\uc988", "title": "CS\ud640\ub529\uc2a4, +9.22% \uc0c1\uc2b9\ud3ed \ud655\ub300", "headline": "CS\ud640\ub529\uc2a4, +9.22% \uc0c1\uc2b9\ud3ed \ud655\ub300", "date_str": "2020.06.02. \uc624\uc804 9:07", "writer": null, "section": null, "original_article_link": "https://biz.chosun.com/site/data/html_dir/2020/06/02/2020060200861.html?utm_source=naver&utm_medium=original&utm_campaign=biz", "article_body": "\nCS\ud640\ub529\uc2a4(000590)\uac00\u00a0\uc0c1\uc2b9\ud3ed\uc744 \ud655\ub300\ud558\uace0 \uc788\ub2e4.\u00a0\uc804\uc77c \ub300\ube44 9.22% \uc0c1\uc2b9\ud55c\u00a054,500\uc6d0\uc5d0 \uac70\ub798\ub418\uace0 \uc788\ub2e4.\n\n\n\nCS\ud640\ub529\uc2a4\uc758 \ucd5c\uadfc 1\uc8fc\uc77c\uac04 \uc678\uad6d\uc778/\uae30\uad00 \ub9e4\ub9e4\ub0b4\uc5ed\uc744 \uc0b4\ud3b4\ubcf4\uba74\u00a0\uc678\uad6d\uc778, \uae30\uad00 \ubaa8\ub450 \ud2b9\ubcc4\ud55c \ub3d9\ud5a5\uc744 \ubcf4\uc774\uc9c0 \uc54a\uc558\ub2e4.\u00a0\uac19\uc740 \uae30\uac04 \uc8fc\uac00\ub294 1.38%\u00a0\ud558\ub77d\ud588\ub2e4. (\ub2e8\uc704: \uc6d0)\ub0a0\uc9dc\uc8fc\uac00\ub4f1\ub77d\ub96006\uc6d4 01\uc77c49,900+0.40%05\uc6d4 29\uc77c49,700-1.58%05\uc6d4 28\uc77c50,500-1.37%05\uc6d4 27\uc77c51,200+1.19%05\uc6d4 26\uc77c50,600+0.60%[\uc774 \uae30\uc0ac\ub294 \uc99d\uad8c\ud50c\ub7ec\uc2a4(\ub450\ub098\ubb34)\uac00 \uc790\uccb4 \uac1c\ubc1c\ud55c \ub85c\ubd07 \uae30\uc790\uc778 'C-Biz\ubd07'\uc774 \uc2e4\uc2dc\uac04\uc73c\ub85c \uc791\uc131\ud588\uc2b5\ub2c8\ub2e4.][C-Biz\ubd07]\t[\ub124\uc774\ubc84 \uba54\uc778\uc5d0\uc11c \uc870\uc120\ube44\uc988 \ubc1b\uc544\ubcf4\uae30]\t[\uc870\uc120\ube44\uc988 \ubc14\ub85c\uac00\uae30] \tchosunbiz.com\n"}, {"market": "kospi", "sid": "000590", "codename": "CS\ud640\ub529\uc2a4", "year": 2020, "month": 6, "article_url": "https://n.news.naver.com/article/366/0000531893?sid=004", "news_company": "\uc870\uc120\ube44\uc988", "title": "CS\ud640\ub529\uc2a4, +10.42% VI \ubc1c\ub3d9", "headline": "CS\ud640\ub529\uc2a4, +10.42% VI \ubc1c\ub3d9", "date_str": "2020.06.02. \uc624\uc804 9:07", "writer": null, "section": null, "original_article_link": "https://biz.chosun.com/site/data/html_dir/2020/06/02/2020060200862.html?utm_source=naver&utm_medium=original&utm_campaign=biz", "article_body": "\nCS\ud640\ub529\uc2a4(000590)\uac00\u00a0VI\uac00 \ubc1c\ub3d9\ud588\ub2e4.\u00a0\uc804\uc77c \ub300\ube44 10.42% \uc0c1\uc2b9\ud55c\u00a055,100\uc6d0\uc5d0 \uac70\ub798\ub418\uace0 \uc788\ub2e4.\n\n\n\nCS\ud640\ub529\uc2a4\uc758 \ucd5c\uadfc 1\uc8fc\uc77c\uac04 \uc678\uad6d\uc778/\uae30\uad00 \ub9e4\ub9e4\ub0b4\uc5ed\uc744 \uc0b4\ud3b4\ubcf4\uba74\u00a0\uc678\uad6d\uc778, \uae30\uad00 \ubaa8\ub450 \ud2b9\ubcc4\ud55c \ub3d9\ud5a5\uc744 \ubcf4\uc774\uc9c0 \uc54a\uc558\ub2e4.\u00a0\uac19\uc740 \uae30\uac04 \uc8fc\uac00\ub294 1.38%\u00a0\ud558\ub77d\ud588\ub2e4.(\ub2e8\uc704: \uc6d0)\ub0a0\uc9dc\uc8fc\uac00\ub4f1\ub77d\ub96006\uc6d4 01\uc77c49,900+0.40%05\uc6d4 29\uc77c49,700-1.58%05\uc6d4 28\uc77c50,500-1.37%05\uc6d4 27\uc77c51,200+1.19%05\uc6d4 26\uc77c50,600+0.60%[\uc774 \uae30\uc0ac\ub294 \uc99d\uad8c\ud50c\ub7ec\uc2a4(\ub450\ub098\ubb34)\uac00 \uc790\uccb4 \uac1c\ubc1c\ud55c \ub85c\ubd07 \uae30\uc790\uc778 'C-Biz\ubd07'\uc774 \uc2e4\uc2dc\uac04\uc73c\ub85c \uc791\uc131\ud588\uc2b5\ub2c8\ub2e4.][C-Biz\ubd07]\t[\ub124\uc774\ubc84 \uba54\uc778\uc5d0\uc11c \uc870\uc120\ube44\uc988 \ubc1b\uc544\ubcf4\uae30]\t[\uc870\uc120\ube44\uc988 \ubc14\ub85c\uac00\uae30] \tchosunbiz.com\n"}]}