{"data": [{"market": "kospi", "sid": "000540", "codename": "\ud765\uad6d\ud654\uc7ac", "year": 2022, "month": 2, "article_url": "http://m.asiatoday.co.kr/kn/view.php?key=20220211010005465", "news_company": "\uc544\uc2dc\uc544\ud22c\ub370\uc774", "title": "\ud765\uad6d\uc0dd\uba85 \uc784\ud615\uc900\u00b7\ud765\uad6d\ud654\uc7ac \uc784\uaddc\uc900 \ub300\ud45c\uc774\uc0ac \ub0b4\uc815", "headline": null, "date_str": null, "writer": null, "section": null, "original_article_link": null, "article_body": null}, {"market": "kospi", "sid": "000540", "codename": "\ud765\uad6d\ud654\uc7ac", "year": 2022, "month": 2, "article_url": "https://n.news.naver.com/article/001/0012976714?sid=101", "news_company": "\uc5f0\ud569\ub274\uc2a4", "title": "\ud765\uad6d\uc0dd\uba85 \uc784\ud615\uc900\u00b7\ud765\uad6d\ud654\uc7ac \uc784\uaddc\uc900 \ub300\ud45c\uc774\uc0ac \ub0b4\uc815", "headline": "\ud765\uad6d\uc0dd\uba85 \uc784\ud615\uc900\u00b7\ud765\uad6d\ud654\uc7ac \uc784\uaddc\uc900 \ub300\ud45c\uc774\uc0ac \ub0b4\uc815", "date_str": "2022.02.11. \uc624\ud6c4 1:37", "writer": "\ud558\ucc44\ub9bc \uae30\uc790", "section": "\uacbd\uc81c", "original_article_link": "http://yna.kr/AKR20220211087500002?did=1195m", "article_body": "\n\n\n\n\n\uc784\ud615\uc900 \ud765\uad6d\uc0dd\uba85 \ub300\ud45c \ub0b4\uc815\uc790  [\ud765\uad6d\uc0dd\uba85 \uc81c\uacf5]    (\uc11c\uc6b8=\uc5f0\ud569\ub274\uc2a4) \ud558\ucc44\ub9bc \uae30\uc790 = \ud765\uad6d\uc0dd\uba85\uacfc \ud765\uad6d\ud654\uc7ac\ub294 \uc0c8 \ub300\ud45c\uc774\uc0ac\uc5d0 \uc784\ud615\uc900(60) \uc804 \ud55c\uad6d\uc740\ud589 \ubd80\ucd1d\uc7ac\ubcf4\uc640 \uc784\uaddc\uc900(59) \uc804 \uae08\uc735\uc704\uc6d0\ud68c \ub300\ubcc0\uc778\uc744 \uac01\uac01 \ub0b4\uc815\ud588\ub2e4\uace0 11\uc77c \ubc1c\ud45c\ud588\ub2e4.     \uc784\ud615\uc900 \ud765\uad6d\uc0dd\uba85 \ub300\ud45c \ub0b4\uc815\uc790\ub294 \uc5f0\uc138\ub300\uc640 \uc5f0\uc138\ub300 \ub300\ud559\uc6d0\uc744 \uc878\uc5c5\ud558\uace0 1987\ub144 \ud55c\uc740\uc5d0 \uc785\ud589\ud588\ub2e4. \ud55c\uc740\uc5d0\uc11c \uae08\uc735\uc2dc\uc7a5\uad6d, \ud1b5\ud654\uc815\ucc45\uad6d \ub4f1\uc744 \uac70\uccd0 \uacbd\uc601\ub2f4\ub2f9 \ubd80\ucd1d\uc7ac\ubcf4\ub97c \uc9c0\ub0c8\ub2e4. \ud604\uc7ac KB\uc0dd\uba85\ubcf4\ud5d8 \uc0c1\uadfc\uac10\uc0ac\ub97c \ub9e1\uace0 \uc788\ub2e4.     \uc784 \ub0b4\uc815\uc790\ub294 \uae08\uc735 \ubd84\uc57c\uc5d0 \uc804\ubb38\uc131\uc744 \uac16\uace0 \uc788\uc73c\uba70, \uc870\uc9c1\uad00\ub9ac\uc640 \ub300\ub0b4\uc678 \uc18c\ud1b5 \uc5ed\ub7c9\uc774 \ub6f0\uc5b4\ub098\ub2e4\ub294 \ud3c9\uac00\ub97c \ubc1b\ub294\ub2e4\uace0 \ud765\uad6d\uc0dd\uba85\uc740 \uc804\ud588\ub2e4. \n\n\n\n\uc784\uaddc\uc900 \ud765\uad6d\ud654\uc7ac \ub300\ud45c\uc774\uc0ac \ub0b4\uc815\uc790   [\ud765\uad6d\ud654\uc7ac \uc81c\uacf5]     \uc784\uaddc\uc900 \ud765\uad6d\ud654\uc7ac \ub300\ud45c \ub0b4\uc815\uc790\ub294 \uc5f0\uc138\ub300 \ucd9c\uc2e0\uc73c\ub85c, 1987\ub144 \ub9e4\uc77c\uacbd\uc81c\uc2e0\ubb38 \uae30\uc790\ub85c \uc785\uc0ac\ud574 \ub9e4\uc77c\uacbd\uc81c\uc2e0\ubb38\uacfc MBN\uc5d0\uc11c \uad6d\uc81c\ubd80\uc7a5, \ubd80\ub3d9\uc0b0\ubd80\uc7a5, \uc99d\uad8c\ubd80\uc7a5, \uacbd\uc81c\ubd80\uc7a5, \uad6d\uc7a5 \ub4f1\uc744 \uc9c0\ub0c8\ub2e4. 2016\u223c2019\ub144 \uae08\uc735\uc704 \ub300\ubcc0\uc778(\uad6d\uc7a5)\uc744 \uc9c0\ub0b4\ub294 \ub4f1 \uc5b8\ub860\uacfc \uc815\ubd80 \ubd80\ucc98\uc5d0\uc11c \ud65c\ub3d9\ud588\ub2e4. \ud604\uc7ac \uae08\uc735\ucc44\uad8c\uc790\uc870\uc815\uc704\uc6d0\ud68c \uc0ac\ubb34\uad6d\uc7a5\uc73c\ub85c \uc7ac\uc9c1 \uc911\uc774\ub2e4.     \ub450 \ub0b4\uc815\uc790\ub294 \ub2e4\uc74c \ub2ec \uc5f4\ub9ac\ub294 \uc815\uae30\uc8fc\uc8fc\ucd1d\ud68c\uc640 \uc774\uc0ac\ud68c\ub97c \uac70\uccd0 \uc815\uc2dd \uc120\uc784\ub41c\ub2e4.     \ud765\uad6d\uc0dd\uba85\uacfc \ud765\uad6d\ud654\uc7ac\ub294 \"\uae08\uc735 \ubd84\uc57c\uc5d0\uc11c \ub2e4\uc591\ud55c \uacbd\ub825\uc744 \uc313\uc740 \uc804\ubb38\uac00\ub97c \uc601\uc785\ud574 \uac74\uac15\ud55c \uc870\uc9c1\ubb38\ud654\ub97c \uad6c\ucd95\ud560 \uc218 \uc788\ub294 \uc0c8\ub85c\uc6b4 \ub9ac\ub354\uc2ed\uc744 \ud655\ub9bd\ud560 \uc218 \uc788\uac8c \ub410\ub2e4\"\uace0 \ubc1d\ud614\ub2e4.     \uc774\uc5b4 \"\ub514\uc9c0\ud138 \ube44\uc988\ub2c8\uc2a4 \uacbd\uc7c1\ub825 \uac15\ud654, \uc18c\ube44\uc790 \ub208\ub192\uc774\uc5d0 \ub9de\ucd98 \uace0\uac1d \uc911\uc2ec \uacbd\uc601\uc5d0\ub3c4 \uc18d\ub3c4\ub97c \ub0bc \uac83\"\uc774\ub77c\uace0 \ub367\ubd99\uc600\ub2e4.     tree@yna.co.kr\n"}, {"market": "kospi", "sid": "000540", "codename": "\ud765\uad6d\ud654\uc7ac", "year": 2022, "month": 2, "article_url": "https://www.ngetnews.com/news/articleView.html?idxno=406183", "news_company": "\ub274\uc2a4\uc800\ub110\ub9ac\uc998", "title": "\ud765\uad6d\uc0dd\uba85 \uc784\ud615\uc900\u00b7\ud765\uad6d\ud654\uc7ac \uc784\uaddc\uc900 \ub300\ud45c\uc774\uc0ac \ub0b4\uc815", "headline": null, "date_str": null, "writer": null, "section": null, "original_article_link": null, "article_body": null}, {"market": "kospi", "sid": "000540", "codename": "\ud765\uad6d\ud654\uc7ac", "year": 2022, "month": 2, "article_url": "https://www.ebn.co.kr/news/view/1519353/?sc=Naver", "news_company": "EBN", "title": "\ud765\uad6d\uc0dd\uba85 \uc784\ud615\uc900\u00b7\ud765\uad6d\ud654\uc7ac \uc784\uaddc\uc900 \ub300\ud45c\uc774\uc0ac \ub0b4\uc815", "headline": null, "date_str": null, "writer": null, "section": null, "original_article_link": null, "article_body": null}, {"market": "kospi", "sid": "000540", "codename": "\ud765\uad6d\ud654\uc7ac", "year": 2022, "month": 2, "article_url": "http://www.econovill.com/news/articleView.html?idxno=565048", "news_company": "\uc774\ucf54\ub178\ubbf9\ub9ac\ubdf0", "title": "\ud765\uad6d\uc0dd\uba85\u00b7\ud765\uad6d\ud654\uc7ac, \uc2e0\uc784 \ub300\ud45c\uc774\uc0ac \ub0b4\uc815", "headline": null, "date_str": null, "writer": null, "section": null, "original_article_link": null, "article_body": null}, {"market": "kospi", "sid": "000540", "codename": "\ud765\uad6d\ud654\uc7ac", "year": 2022, "month": 2, "article_url": "https://n.news.naver.com/article/123/0002266899?sid=101", "news_company": "\uc870\uc138\uc77c\ubcf4", "title": "\ud765\uad6d\uc0dd\uba85 \uc784\ud615\uc900\u00b7\ud765\uad6d\ud654\uc7ac \uc784\uaddc\uc900 \ub300\ud45c\uc774\uc0ac \ub0b4\uc815", "headline": "\ud765\uad6d\uc0dd\uba85 \uc784\ud615\uc900\u00b7\ud765\uad6d\ud654\uc7ac \uc784\uaddc\uc900 \ub300\ud45c\uc774\uc0ac \ub0b4\uc815", "date_str": "2022.02.11. \uc624\ud6c4 1:35", "writer": "\uc774\ubbfc\uc7ac \uae30\uc790", "section": "\uacbd\uc81c", "original_article_link": "http://www.joseilbo.com/news/news_read.php?uid=446190&class=18&grp=", "article_body": "\n\n\n\n\n\ud765\uad6d\uc0dd\uba85\uacfc \ud765\uad6d\ud654\uc7ac\uac00 \uc2e0\uc784 \ub300\ud45c\uc774\uc0ac\ub85c \uc784\ud615\uc900 \uc804 \ud55c\uad6d\uc740\ud589 \ubd80\ucd1d\uc7ac\ubcf4, \uc784\uaddc\uc900 \uc804 \uae08\uc735\uc704\uc6d0\ud68c \ub300\ubcc0\uc778\uc744 \uac01\uac01 \ub0b4\uc815\ud588\ub2e4\uace0 11\uc77c \ubc1d\ud614\ub2e4.\ud765\uad6d\uc0dd\uba85 \uc784\ud615\uc900 \ub0b4\uc815\uc790(60)\ub294 \uc5f0\uc138\ub300\ud559\uad50 \uacbd\uc81c\ud559\uacfc\uc640 \ub3d9 \ub300\ud559\uc6d0\uc744 \uc878\uc5c5\ud558\uace0 1987\ub144 \ud55c\uad6d\uc740\ud589\uc5d0 \uc785\ud589\ud588\ub2e4. \uae08\uc735\uc2dc\uc7a5\uad6d, \ud1b5\ud654\uc815\ucc45\uad6d \ub4f1\uc744 \uac70\uccd0 \uacbd\uc601\ub2f4\ub2f9 \ubd80\ucd1d\uc7ac\ubcf4\ub97c \uc5ed\uc784\ud588\uc73c\uba70 \ud604\uc7ac KB\uc0dd\uba85\ubcf4\ud5d8 \uc0c1\uadfc\uac10\uc0ac\ub85c \uc7ac\uc9c1 \uc911\uc774\ub2e4.   \uae08\uc735 \uc804\ubb38\uac00\ub85c \uaf3d\ud788\ub294 \uc784 \ub0b4\uc815\uc790\ub294 \uae08\uc735 \ubd84\uc57c \uc804\ubb38\uc9c0\uc2dd\uc740 \ubb3c\ub860 \uc870\uc9c1\uad00\ub9ac \ubc0f \ub300\ub0b4\uc678 \uc18c\ud1b5 \ub2a5\ub825\uc5d0\uc11c\ub3c4 \ub192\uc740 \ud3c9\uac00\ub97c \ubc1b\uace0 \uc788\ub2e4.   \ud765\uad6d\ud654\uc7ac \uc784\uaddc\uc900 \ub0b4\uc815\uc790(59)\ub294 \uc5f0\uc138\ub300\ud559\uad50 \uacbd\uc601\ud559\uacfc\ub97c \uc878\uc5c5\ud588\uc73c\uba70 1987\ub144 \ub9e4\uacbd\ubbf8\ub514\uc5b4\uadf8\ub8f9\uc5d0 \uc785\uc0ac\ud588\ub2e4. \ub9e4\uc77c\uacbd\uc81c\uc2e0\ubb38 \ubc0f MBN\uc5d0\uc11c \uad6d\uc81c\ubd80\uc7a5, \ubd80\ub3d9\uc0b0\ubd80\uc7a5, \uc99d\uad8c\ubd80\uc7a5, \uacbd\uc81c\ubd80\uc7a5\uacfc \uad6d\uc7a5\uc73c\ub85c \uadfc\ubb34\ud588\ub2e4.   \uc784 \ub0b4\uc815\uc790\ub294 2016\ub144\ubd80\ud130 \uae08\uc735\uc0b0\uc5c5\uacfc \uae08\uc735\uac10\ub3c5 \uc815\ucc45\uc744 \ucd1d\uad04\ud558\ub294 \uae08\uc735\uc704\uc6d0\ud68c \ub300\ubcc0\uc778(\uad6d\uc7a5)\uc744 \uc5ed\uc784\ud558\ub294 \ub4f1 \uc815\ubd80\ubd80\ucc98 \ubc0f \uc5b8\ub860\uc5d0\uc11c \ud3ed\ub113\uac8c \ud65c\ub3d9\ud574\uc654\uc73c\uba70 \ud604\uc7ac \uae08\uc735\ucc44\uad8c\uc790 \uc870\uc815\uc704\uc6d0\ud68c \uc0ac\ubb34\uad6d\uc7a5\uc73c\ub85c \uc7ac\uc9c1 \uc911\uc774\ub2e4.   \ud765\uad6d\uc0dd\uba85\uacfc \ud765\uad6d\ud654\uc7ac\ub294 \uae08\uc735 \ubd84\uc57c\uc5d0\uc11c \ub2e4\uc591\ud55c \uacbd\ub825\uc744 \uc313\uc740 \uc804\ubb38\uac00\ub97c \uc601\uc785\ud568\uc73c\ub85c\uc368 \uac74\uac15\ud55c \uc870\uc9c1\ubb38\ud654\ub97c \uad6c\ucd95\ud560 \uc218 \uc788\ub294 \uc0c8\ub85c\uc6b4 \ub9ac\ub354\uc2ed\uc744 \ud655\ub9bd\ud560 \uacc4\ud68d\uc774\ub2e4. \ud2b9\ud788 \ud604\uc7ac \ucd94\uc9c4\ud558\uace0 \uc788\ub294 \ub514\uc9c0\ud138 \ube44\uc988\ub2c8\uc2a4 \uacbd\uc7c1\ub825 \uac15\ud654, \uc18c\ube44\uc790 \ub208\ub192\uc774\uc5d0 \ub9de\ucd98 \uace0\uac1d\uc911\uc2ec \uacbd\uc601\uc5d0\ub3c4 \uc18d\ub3c4\ub97c \ub0b8\ub2e4\ub294 \ubc29\uce68\uc774\ub2e4.   \ud55c\ud3b8 \ud765\uad6d\uc0dd\uba85 \uc784\ud615\uc900 \ub0b4\uc815\uc790, \ud765\uad6d\ud654\uc7ac \uc784\uaddc\uc900 \ub0b4\uc815\uc790\ub294 \uc624\ub294 3\uc6d4 \uc5f4\ub9ac\ub294 \uc815\uae30\uc8fc\uc8fc\ucd1d\ud68c \ubc0f \uc774\uc0ac\ud68c\ub97c \ud1b5\ud574 \uc815\uc2dd \uc120\uc784\ub420 \uc608\uc815\uc774\ub2e4.\n\t\t"}, {"market": "kospi", "sid": "000540", "codename": "\ud765\uad6d\ud654\uc7ac", "year": 2022, "month": 2, "article_url": "http://www.segyebiz.com/newsView/20220211508962?OutUrl=naver", "news_company": "\uc138\uacc4\ube44\uc988", "title": "\ud765\uad6d\uc0dd\uba85, \uc784\ud615\uc900\u00b7\ud765\uad6d\ud654\uc7ac \uc784\uaddc\uc900 \ub300\ud45c\uc774\uc0ac \ub0b4\uc815", "headline": null, "date_str": null, "writer": null, "section": null, "original_article_link": null, "article_body": null}, {"market": "kospi", "sid": "000540", "codename": "\ud765\uad6d\ud654\uc7ac", "year": 2022, "month": 2, "article_url": "https://m.news2day.co.kr/article/20220211500175", "news_company": "\ub274\uc2a4\ud22c\ub370\uc774", "title": "[\ub300\ud45c \uc778\uc0ac] \ud765\uad6d\uc0dd\uba85 \uc784\ud615\uc900\u2027\ud765\uad6d\ud654\uc7ac \uc784\uaddc\uc900 \uc2e0\uc784 \ub300\ud45c\uc774\uc0ac \ub0b4\uc815", "headline": null, "date_str": null, "writer": null, "section": null, "original_article_link": null, "article_body": null}, {"market": "kospi", "sid": "000540", "codename": "\ud765\uad6d\ud654\uc7ac", "year": 2022, "month": 2, "article_url": "https://www.fetv.co.kr/mobile/article.html?no=108334", "news_company": "FETV", "title": "\ud765\uad6d\uc0dd\uba85\u00b7\ud654\uc7ac, \ub300\ud45c\uc774\uc0ac \ub3d9\uc2dc \uad50\uccb4\ud55c\ub2e4\u2026\uc784\ud615\uc900\u00b7\uc784\uaddc\uc900 \uac01\uac01 \ub0b4\uc815", "headline": null, "date_str": null, "writer": null, "section": null, "original_article_link": null, "article_body": null}, {"market": "kospi", "sid": "000540", "codename": "\ud765\uad6d\ud654\uc7ac", "year": 2022, "month": 2, "article_url": "https://www.youthdaily.co.kr/mobile/article.html?no=92734", "news_company": "\uccad\ub144\uc77c\ubcf4", "title": "\ud765\uad6d\uc0dd\uba85 \uc784\ud615\uc900\u00b7\ud765\uad6d\ud654\uc7ac \uc784\uaddc\uc900 \ub300\ud45c\uc774\uc0ac \ub0b4\uc815", "headline": null, "date_str": null, "writer": null, "section": null, "original_article_link": null, "article_body": null}, {"market": "kospi", "sid": "000540", "codename": "\ud765\uad6d\ud654\uc7ac", "year": 2022, "month": 2, "article_url": "https://n.news.naver.com/article/417/0000784288?sid=101", "news_company": "\uba38\ub2c8S", "title": "\ud765\uad6d\uc0dd\uba85 \uc784\ud615\uc900\u00b7\ud765\uad6d\ud654\uc7ac \uc784\uaddc\uc900 \ub300\ud45c\uc774\uc0ac \ub0b4\uc815", "headline": "\ud765\uad6d\uc0dd\uba85 \uc784\ud615\uc900\u00b7\ud765\uad6d\ud654\uc7ac \uc784\uaddc\uc900 \ub300\ud45c\uc774\uc0ac \ub0b4\uc815", "date_str": "2022.02.11. \uc624\ud6c4 1:24", "writer": "\uac15\ud55c\ube5b \uae30\uc790", "section": "\uacbd\uc81c", "original_article_link": "http://moneys.mt.co.kr/news/mwView.php?no=2022021113178012665", "article_body": "\n\n\n\n\n(\uc67c\ucabd\ubd80\ud130) \uc784\ud615\uc900 \ud765\uad6d\uc0dd\uba85 \ub300\ud45c\uc774\uc0ac \ub0b4\uc815\uc790, \uc784\uaddc\uc900 \ud765\uad6d\ud654\uc7ac \ub300\ud45c\uc774\uc0ac \ub0b4\uc815\uc790./\uc0ac\uc9c4=\ud765\uad6d\uc0dd\uba85\ud765\uad6d\uc0dd\uba85\uacfc \ud765\uad6d\ud654\uc7ac\ub294 \uc2e0\uc784 \ub300\ud45c\uc774\uc0ac\uc5d0 \uc784\ud615\uc900 \uc804 \ud55c\uad6d\uc740\ud589 \ubd80\ucd1d\uc7ac\ubcf4, \uc784\uaddc\uc900 \uc804 \uae08\uc735\uc704\uc6d0\ud68c \ub300\ubcc0\uc778\uc744 \uac01\uac01 \ub0b4\uc815\ud588\ub2e4\uace0 11\uc77c \ubc1d\ud614\ub2e4.\ud765\uad6d\uc0dd\uba85 \uc784\ud615\uc900 \ub0b4\uc815\uc790\ub294 \uc5f0\uc138\ub300\ud559\uad50 \uacbd\uc81c\ud559\uacfc\uc640 \ub3d9 \ub300\ud559\uc6d0\uc744 \uc878\uc5c5\ud558\uace0 1987\ub144 \ud55c\uad6d\uc740\ud589\uc5d0 \uc785\ud589\ud588\ub2e4. \uae08\uc735\uc2dc\uc7a5\uad6d, \ud1b5\ud654\uc815\ucc45\uad6d \ub4f1\uc744 \uac70\uccd0 \uacbd\uc601\ub2f4\ub2f9 \ubd80\ucd1d\uc7ac\ubcf4\ub97c \uc5ed\uc784\ud588\ub2e4. \ud604\uc7ac KB\uc0dd\uba85\ubcf4\ud5d8 \uc0c1\uadfc\uac10\uc0ac\ub85c \uc7ac\uc9c1 \uc911\uc774\ub2e4. \uadf8\ub294 \uae08\uc735 \ubd84\uc57c \uc804\ubb38\uc9c0\uc2dd\uc740 \ubb3c\ub860 \uc870\uc9c1\uad00\ub9ac \ubc0f \ub300\ub0b4\uc678 \uc18c\ud1b5 \ub2a5\ub825\uc5d0\uc11c\ub3c4 \ub192\uc740 \ud3c9\uac00\ub97c \ubc1b\uace0 \uc788\ub2e4.\ud765\uad6d\ud654\uc7ac \uc784\uaddc\uc900 \ub0b4\uc815\uc790\ub294 \uc5f0\uc138\ub300\ud559\uad50 \uacbd\uc601\ud559\uacfc\ub97c \uc878\uc5c5\ud588\uc73c\uba70 1987\ub144 \ub9e4\uacbd\ubbf8\ub514\uc5b4\uadf8\ub8f9\uc5d0 \uc785\uc0ac\ud588\ub2e4. \ub9e4\uc77c\uacbd\uc81c\uc2e0\ubb38 \ubc0f MBN\uc5d0\uc11c \uad6d\uc81c\ubd80\uc7a5, \ubd80\ub3d9\uc0b0\ubd80\uc7a5, \uc99d\uad8c\ubd80\uc7a5, \uacbd\uc81c\ubd80\uc7a5\uacfc \uad6d\uc7a5\uc744 \uc9c0\ub0c8\uace0 2016\ub144\ubd80\ud130 \uae08\uc735\uc0b0\uc5c5\uacfc \uae08\uc735\uac10\ub3c5 \uc815\ucc45\uc744 \ucd1d\uad04\ud558\ub294 \uae08\uc735\uc704\uc6d0\ud68c \ub300\ubcc0\uc778(\uad6d\uc7a5)\uc744 \uc5ed\uc784\ud588\ub2e4. \ud604\uc7ac \uae08\uc735\ucc44\uad8c\uc790 \uc870\uc815\uc704\uc6d0\ud68c \uc0ac\ubb34\uad6d\uc7a5\uc73c\ub85c \uc7ac\uc9c1 \uc911\uc774\ub2e4.\ud765\uad6d\uc0dd\uba85\uacfc \ud765\uad6d\ud654\uc7ac\ub294 \uae08\uc735 \ubd84\uc57c\uc5d0\uc11c \ub2e4\uc591\ud55c \uacbd\ub825\uc744 \uc313\uc740 \uc804\ubb38\uac00\ub97c \uc601\uc785\ud574 \uac74\uac15\ud55c \uc870\uc9c1\ubb38\ud654\ub97c \uad6c\ucd95\ud560 \uc218 \uc788\ub294 \uc0c8\ub85c\uc6b4 \ub9ac\ub354\uc2ed\uc744 \ud655\ub9bd\ud560 \uacc4\ud68d\uc774\ub2e4. \ud2b9\ud788 \ub514\uc9c0\ud138 \ube44\uc988\ub2c8\uc2a4 \uacbd\uc7c1\ub825 \uac15\ud654, \uc18c\ube44\uc790 \ub208\ub192\uc774\uc5d0 \ub9de\ucd98 \uace0\uac1d\uc911\uc2ec \uacbd\uc601\uc5d0 \uc18d\ub3c4\ub97c \ub0bc \ubc29\uce68\uc774\ub2e4. \ub450 \ub0b4\uc815\uc790\ub294 \uc624\ub294 3\uc6d4 \uc5f4\ub9ac\ub294 \uc815\uae30\uc8fc\uc8fc\ucd1d\ud68c \ubc0f \uc774\uc0ac\ud68c\ub97c \ud1b5\ud574 \uc815\uc2dd \uc120\uc784\ub41c\ub2e4.\u00a0\n"}, {"market": "kospi", "sid": "000540", "codename": "\ud765\uad6d\ud654\uc7ac", "year": 2022, "month": 2, "article_url": "http://www.psnews.co.kr/news/articleView.html?idxno=2005208", "news_company": "\ud37c\ube14\ub9ad\ub274\uc2a4", "title": "\ud765\uad6d\uc0dd\uba85 \uc0c8 \ub300\ud45c\uc5d0 \uc784\ud615\uc900\u00b7\ud765\uad6d\ud654\uc7ac\ub294 \uc784\uaddc\uc900 \ub0b4\uc815", "headline": null, "date_str": null, "writer": null, "section": null, "original_article_link": null, "article_body": null}, {"market": "kospi", "sid": "000540", "codename": "\ud765\uad6d\ud654\uc7ac", "year": 2022, "month": 2, "article_url": "http://m.datanews.co.kr/m/m_article.html?no=119315", "news_company": "\ub370\uc774\ud130\ub274\uc2a4", "title": "\ud765\uad6d\uc0dd\uba85, \ud55c\uad6d\uc740\ud589 \ucd9c\uc2e0 \uc784\ud615\uc900 \uc2e0\uc784 \ub300\ud45c \ub0b4\uc815", "headline": null, "date_str": null, "writer": null, "section": null, "original_article_link": null, "article_body": null}, {"market": "kospi", "sid": "000540", "codename": "\ud765\uad6d\ud654\uc7ac", "year": 2022, "month": 2, "article_url": "http://m.viva100.com/view.php?key=20220211010002674", "news_company": "\ube0c\ub9bf\uc9c0\uacbd\uc81c", "title": "\ud765\uad6d\uc0dd\uba85 \uc2e0\uc784 \ub300\ud45c\uc774\uc0ac \uc784\ud615\uc900 \uc804 \ud55c\uad6d\uc740\ud589 \ubd80\ucd1d\uc7ac\ubcf4 \ub0b4\uc815, \ud765\uad6d\ud654\uc7ac\ub294 \uc784\uaddc\uc900 \uc804 \uae08\uc735\uc704 \ub300\ubcc0\uc778", "headline": null, "date_str": null, "writer": null, "section": null, "original_article_link": null, "article_body": null}, {"market": "kospi", "sid": "000540", "codename": "\ud765\uad6d\ud654\uc7ac", "year": 2022, "month": 2, "article_url": "https://n.news.naver.com/article/008/0004706891?sid=101", "news_company": "\uba38\ub2c8\ud22c\ub370\uc774", "title": "\ud765\uad6d\uc0dd\uba85 \uc784\ud615\uc900, \ud765\uad6d\ud654\uc7ac \uc784\uaddc\uc900\u2026\ub300\ud45c\uc774\uc0ac \uac01\uac01 \ub0b4\uc815", "headline": "\ud765\uad6d\uc0dd\uba85 \uc784\ud615\uc900, \ud765\uad6d\ud654\uc7ac \uc784\uaddc\uc900\u2026\ub300\ud45c\uc774\uc0ac \uac01\uac01 \ub0b4\uc815", "date_str": "2022.02.11. \uc624\ud6c4 1:20", "writer": "\uae40\uc138\uad00 \uae30\uc790", "section": "\uacbd\uc81c", "original_article_link": "http://news.mt.co.kr/mtview.php?no=2022021113153934800", "article_body": "\n\n\n\n\n\uc784\ud615\uc900 \ud765\uad6d\uc0dd\uba85 \ub300\ud45c \ub0b4\uc815\uc790(\uc67c\ucabd)\uc640 \uc784\uaddc\uc900 \ud765\uad6d\ud654\uc7ac \ub300\ud45c \ub0b4\uc815\uc790/\uc0ac\uc9c4\uc81c\uacf5=\ud765\uad6d\uc0dd\uba85, \ud765\uad6d\ud654\uc7ac\ud765\uad6d\uc0dd\uba85\uacfc \ud765\uad6d\ud654\uc7ac\ub294 11\uc77c \uc2e0\uc784 \ub300\ud45c\uc774\uc0ac\uc5d0 \uc784\ud615\uc900 \uc804 \ud55c\uad6d\uc740\ud589 \ubd80\ucd1d\uc7ac\ubcf4\uc640 \uc784\uaddc\uc900 \uc804 \uae08\uc735\uc704\uc6d0\ud68c \ub300\ubcc0\uc778\uc744 \uac01\uac01 \ub0b4\uc815\ud588\ub2e4\uace0 \ubc1d\ud614\ub2e4. \uc784\ud615\uc900 \ub300\ud45c\uc774\uc0ac \ub0b4\uc815\uc790\uc640 \uc784\uaddc\uc900 \ub300\ud45c\uc774\uc0ac \ub0b4\uc815\uc790\ub294 \uc624\ub294 3\uc6d4 \uc5f4\ub9ac\ub294 \uac01\uc0ac \uc815\uae30\uc8fc\uc8fc\ucd1d\ud68c\uc640 \uc774\uc0ac\ud68c\uc5d0\uc11c \uc815\uc2dd \uc120\uc784\ub420 \uc608\uc815\uc774\ub2e4. \uc784\ud615\uc900 \ud765\uad6d\uc0dd\uba85 \ub300\ud45c\uc774\uc0ac \ub0b4\uc815\uc790\ub294 \ud55c\uad6d\uc740\ud589 \uae08\uc735\uc2dc\uc7a5\uad6d, \ud1b5\ud654\uc815\ucc45\uad6d \ub4f1\uc744 \uac70\uccd0 \uacbd\uc601\ub2f4\ub2f9 \ubd80\ucd1d\uc7ac\ubcf4\ub97c \uc5ed\uc784\ud588\ub2e4. \uc784\uaddc\uc900 \ud765\uad6d\ud654\uc7ac \ub300\ud45c\uc774\uc0ac \ub0b4\uc815\uc790\ub294 \uc5b8\ub860\uc778 \ucd9c\uc2e0\uc73c\ub85c \ub9e4\uc77c\uacbd\uc81c\uc2e0\ubb38\u00b7MBN\uc5d0\uc11c \uad6d\uc81c\ubd80\uc7a5, \ubd80\ub3d9\uc0b0\ubd80\uc7a5, \uc99d\uad8c\ubd80\uc7a5, \uacbd\uc81c\ubd80\uc7a5 \ub4f1\uc744 \uac70\uccd0 \uae08\uc735\uc704\uc6d0\ud68c \ub300\ubcc0\uc778\uc744 \uc9c0\ub0c8\ub2e4. \uc591\uc0ac\ub294 \uae08\uc735 \ubd84\uc57c\uc5d0\uc11c \ub2e4\uc591\ud55c \uacbd\ub825\uc744 \uc313\uc740 \uc804\ubb38\uac00\ub97c \ub300\ud45c\uc774\uc0ac\ub85c \uc601\uc785, \uac74\uac15\ud55c \uc870\uc9c1\ubb38\ud654\ub97c \uad6c\ucd95\ud560 \uc0c8\ub85c\uc6b4 \ub9ac\ub354\uc2ed\uc744 \ud655\ub9bd\ud55c\ub2e4\ub294 \uacc4\ud68d\uc774\ub2e4. \ub514\uc9c0\ud138 \ube44\uc988\ub2c8\uc2a4 \uacbd\uc7c1\ub825 \uac15\ud654\uc640 \uace0\uac1d\uc911\uc2ec \uacbd\uc601\uc5d0\ub3c4 \uc18d\ub3c4\ub97c \ub0bc \ubc29\uce68\uc774\ub2e4. \n"}, {"market": "kospi", "sid": "000540", "codename": "\ud765\uad6d\ud654\uc7ac", "year": 2022, "month": 2, "article_url": "https://n.news.naver.com/article/417/0000784288?sid=101", "news_company": "\uba38\ub2c8S", "title": "\ud765\uad6d\uc0dd\uba85 \uc784\ud615\uc900\u00b7\ud765\uad6d\ud654\uc7ac \uc784\uaddc\uc900 \ub300\ud45c\uc774\uc0ac \ub0b4\uc815", "headline": "\ud765\uad6d\uc0dd\uba85 \uc784\ud615\uc900\u00b7\ud765\uad6d\ud654\uc7ac \uc784\uaddc\uc900 \ub300\ud45c\uc774\uc0ac \ub0b4\uc815", "date_str": "2022.02.11. \uc624\ud6c4 1:24", "writer": "\uac15\ud55c\ube5b \uae30\uc790", "section": "\uacbd\uc81c", "original_article_link": "http://moneys.mt.co.kr/news/mwView.php?no=2022021113178012665", "article_body": "\n\n\n\n\n(\uc67c\ucabd\ubd80\ud130) \uc784\ud615\uc900 \ud765\uad6d\uc0dd\uba85 \ub300\ud45c\uc774\uc0ac \ub0b4\uc815\uc790, \uc784\uaddc\uc900 \ud765\uad6d\ud654\uc7ac \ub300\ud45c\uc774\uc0ac \ub0b4\uc815\uc790./\uc0ac\uc9c4=\ud765\uad6d\uc0dd\uba85\ud765\uad6d\uc0dd\uba85\uacfc \ud765\uad6d\ud654\uc7ac\ub294 \uc2e0\uc784 \ub300\ud45c\uc774\uc0ac\uc5d0 \uc784\ud615\uc900 \uc804 \ud55c\uad6d\uc740\ud589 \ubd80\ucd1d\uc7ac\ubcf4, \uc784\uaddc\uc900 \uc804 \uae08\uc735\uc704\uc6d0\ud68c \ub300\ubcc0\uc778\uc744 \uac01\uac01 \ub0b4\uc815\ud588\ub2e4\uace0 11\uc77c \ubc1d\ud614\ub2e4.\ud765\uad6d\uc0dd\uba85 \uc784\ud615\uc900 \ub0b4\uc815\uc790\ub294 \uc5f0\uc138\ub300\ud559\uad50 \uacbd\uc81c\ud559\uacfc\uc640 \ub3d9 \ub300\ud559\uc6d0\uc744 \uc878\uc5c5\ud558\uace0 1987\ub144 \ud55c\uad6d\uc740\ud589\uc5d0 \uc785\ud589\ud588\ub2e4. \uae08\uc735\uc2dc\uc7a5\uad6d, \ud1b5\ud654\uc815\ucc45\uad6d \ub4f1\uc744 \uac70\uccd0 \uacbd\uc601\ub2f4\ub2f9 \ubd80\ucd1d\uc7ac\ubcf4\ub97c \uc5ed\uc784\ud588\ub2e4. \ud604\uc7ac KB\uc0dd\uba85\ubcf4\ud5d8 \uc0c1\uadfc\uac10\uc0ac\ub85c \uc7ac\uc9c1 \uc911\uc774\ub2e4. \uadf8\ub294 \uae08\uc735 \ubd84\uc57c \uc804\ubb38\uc9c0\uc2dd\uc740 \ubb3c\ub860 \uc870\uc9c1\uad00\ub9ac \ubc0f \ub300\ub0b4\uc678 \uc18c\ud1b5 \ub2a5\ub825\uc5d0\uc11c\ub3c4 \ub192\uc740 \ud3c9\uac00\ub97c \ubc1b\uace0 \uc788\ub2e4.\ud765\uad6d\ud654\uc7ac \uc784\uaddc\uc900 \ub0b4\uc815\uc790\ub294 \uc5f0\uc138\ub300\ud559\uad50 \uacbd\uc601\ud559\uacfc\ub97c \uc878\uc5c5\ud588\uc73c\uba70 1987\ub144 \ub9e4\uacbd\ubbf8\ub514\uc5b4\uadf8\ub8f9\uc5d0 \uc785\uc0ac\ud588\ub2e4. \ub9e4\uc77c\uacbd\uc81c\uc2e0\ubb38 \ubc0f MBN\uc5d0\uc11c \uad6d\uc81c\ubd80\uc7a5, \ubd80\ub3d9\uc0b0\ubd80\uc7a5, \uc99d\uad8c\ubd80\uc7a5, \uacbd\uc81c\ubd80\uc7a5\uacfc \uad6d\uc7a5\uc744 \uc9c0\ub0c8\uace0 2016\ub144\ubd80\ud130 \uae08\uc735\uc0b0\uc5c5\uacfc \uae08\uc735\uac10\ub3c5 \uc815\ucc45\uc744 \ucd1d\uad04\ud558\ub294 \uae08\uc735\uc704\uc6d0\ud68c \ub300\ubcc0\uc778(\uad6d\uc7a5)\uc744 \uc5ed\uc784\ud588\ub2e4. \ud604\uc7ac \uae08\uc735\ucc44\uad8c\uc790 \uc870\uc815\uc704\uc6d0\ud68c \uc0ac\ubb34\uad6d\uc7a5\uc73c\ub85c \uc7ac\uc9c1 \uc911\uc774\ub2e4.\ud765\uad6d\uc0dd\uba85\uacfc \ud765\uad6d\ud654\uc7ac\ub294 \uae08\uc735 \ubd84\uc57c\uc5d0\uc11c \ub2e4\uc591\ud55c \uacbd\ub825\uc744 \uc313\uc740 \uc804\ubb38\uac00\ub97c \uc601\uc785\ud574 \uac74\uac15\ud55c \uc870\uc9c1\ubb38\ud654\ub97c \uad6c\ucd95\ud560 \uc218 \uc788\ub294 \uc0c8\ub85c\uc6b4 \ub9ac\ub354\uc2ed\uc744 \ud655\ub9bd\ud560 \uacc4\ud68d\uc774\ub2e4. \ud2b9\ud788 \ub514\uc9c0\ud138 \ube44\uc988\ub2c8\uc2a4 \uacbd\uc7c1\ub825 \uac15\ud654, \uc18c\ube44\uc790 \ub208\ub192\uc774\uc5d0 \ub9de\ucd98 \uace0\uac1d\uc911\uc2ec \uacbd\uc601\uc5d0 \uc18d\ub3c4\ub97c \ub0bc \ubc29\uce68\uc774\ub2e4. \ub450 \ub0b4\uc815\uc790\ub294 \uc624\ub294 3\uc6d4 \uc5f4\ub9ac\ub294 \uc815\uae30\uc8fc\uc8fc\ucd1d\ud68c \ubc0f \uc774\uc0ac\ud68c\ub97c \ud1b5\ud574 \uc815\uc2dd \uc120\uc784\ub41c\ub2e4.\u00a0\n"}, {"market": "kospi", "sid": "000540", "codename": "\ud765\uad6d\ud654\uc7ac", "year": 2022, "month": 2, "article_url": "http://www.psnews.co.kr/news/articleView.html?idxno=2005208", "news_company": "\ud37c\ube14\ub9ad\ub274\uc2a4", "title": "\ud765\uad6d\uc0dd\uba85 \uc0c8 \ub300\ud45c\uc5d0 \uc784\ud615\uc900\u00b7\ud765\uad6d\ud654\uc7ac\ub294 \uc784\uaddc\uc900 \ub0b4\uc815", "headline": null, "date_str": null, "writer": null, "section": null, "original_article_link": null, "article_body": null}, {"market": "kospi", "sid": "000540", "codename": "\ud765\uad6d\ud654\uc7ac", "year": 2022, "month": 2, "article_url": "http://m.datanews.co.kr/m/m_article.html?no=119315", "news_company": "\ub370\uc774\ud130\ub274\uc2a4", "title": "\ud765\uad6d\uc0dd\uba85, \ud55c\uad6d\uc740\ud589 \ucd9c\uc2e0 \uc784\ud615\uc900 \uc2e0\uc784 \ub300\ud45c \ub0b4\uc815", "headline": null, "date_str": null, "writer": null, "section": null, "original_article_link": null, "article_body": null}, {"market": "kospi", "sid": "000540", "codename": "\ud765\uad6d\ud654\uc7ac", "year": 2022, "month": 2, "article_url": "http://m.viva100.com/view.php?key=20220211010002674", "news_company": "\ube0c\ub9bf\uc9c0\uacbd\uc81c", "title": "\ud765\uad6d\uc0dd\uba85 \uc2e0\uc784 \ub300\ud45c\uc774\uc0ac \uc784\ud615\uc900 \uc804 \ud55c\uad6d\uc740\ud589 \ubd80\ucd1d\uc7ac\ubcf4 \ub0b4\uc815, \ud765\uad6d\ud654\uc7ac\ub294 \uc784\uaddc\uc900 \uc804 \uae08\uc735\uc704 \ub300\ubcc0\uc778", "headline": null, "date_str": null, "writer": null, "section": null, "original_article_link": null, "article_body": null}, {"market": "kospi", "sid": "000540", "codename": "\ud765\uad6d\ud654\uc7ac", "year": 2022, "month": 2, "article_url": "https://n.news.naver.com/article/008/0004706891?sid=101", "news_company": "\uba38\ub2c8\ud22c\ub370\uc774", "title": "\ud765\uad6d\uc0dd\uba85 \uc784\ud615\uc900, \ud765\uad6d\ud654\uc7ac \uc784\uaddc\uc900\u2026\ub300\ud45c\uc774\uc0ac \uac01\uac01 \ub0b4\uc815", "headline": "\ud765\uad6d\uc0dd\uba85 \uc784\ud615\uc900, \ud765\uad6d\ud654\uc7ac \uc784\uaddc\uc900\u2026\ub300\ud45c\uc774\uc0ac \uac01\uac01 \ub0b4\uc815", "date_str": "2022.02.11. \uc624\ud6c4 1:20", "writer": "\uae40\uc138\uad00 \uae30\uc790", "section": "\uacbd\uc81c", "original_article_link": "http://news.mt.co.kr/mtview.php?no=2022021113153934800", "article_body": "\n\n\n\n\n\uc784\ud615\uc900 \ud765\uad6d\uc0dd\uba85 \ub300\ud45c \ub0b4\uc815\uc790(\uc67c\ucabd)\uc640 \uc784\uaddc\uc900 \ud765\uad6d\ud654\uc7ac \ub300\ud45c \ub0b4\uc815\uc790/\uc0ac\uc9c4\uc81c\uacf5=\ud765\uad6d\uc0dd\uba85, \ud765\uad6d\ud654\uc7ac\ud765\uad6d\uc0dd\uba85\uacfc \ud765\uad6d\ud654\uc7ac\ub294 11\uc77c \uc2e0\uc784 \ub300\ud45c\uc774\uc0ac\uc5d0 \uc784\ud615\uc900 \uc804 \ud55c\uad6d\uc740\ud589 \ubd80\ucd1d\uc7ac\ubcf4\uc640 \uc784\uaddc\uc900 \uc804 \uae08\uc735\uc704\uc6d0\ud68c \ub300\ubcc0\uc778\uc744 \uac01\uac01 \ub0b4\uc815\ud588\ub2e4\uace0 \ubc1d\ud614\ub2e4. \uc784\ud615\uc900 \ub300\ud45c\uc774\uc0ac \ub0b4\uc815\uc790\uc640 \uc784\uaddc\uc900 \ub300\ud45c\uc774\uc0ac \ub0b4\uc815\uc790\ub294 \uc624\ub294 3\uc6d4 \uc5f4\ub9ac\ub294 \uac01\uc0ac \uc815\uae30\uc8fc\uc8fc\ucd1d\ud68c\uc640 \uc774\uc0ac\ud68c\uc5d0\uc11c \uc815\uc2dd \uc120\uc784\ub420 \uc608\uc815\uc774\ub2e4. \uc784\ud615\uc900 \ud765\uad6d\uc0dd\uba85 \ub300\ud45c\uc774\uc0ac \ub0b4\uc815\uc790\ub294 \ud55c\uad6d\uc740\ud589 \uae08\uc735\uc2dc\uc7a5\uad6d, \ud1b5\ud654\uc815\ucc45\uad6d \ub4f1\uc744 \uac70\uccd0 \uacbd\uc601\ub2f4\ub2f9 \ubd80\ucd1d\uc7ac\ubcf4\ub97c \uc5ed\uc784\ud588\ub2e4. \uc784\uaddc\uc900 \ud765\uad6d\ud654\uc7ac \ub300\ud45c\uc774\uc0ac \ub0b4\uc815\uc790\ub294 \uc5b8\ub860\uc778 \ucd9c\uc2e0\uc73c\ub85c \ub9e4\uc77c\uacbd\uc81c\uc2e0\ubb38\u00b7MBN\uc5d0\uc11c \uad6d\uc81c\ubd80\uc7a5, \ubd80\ub3d9\uc0b0\ubd80\uc7a5, \uc99d\uad8c\ubd80\uc7a5, \uacbd\uc81c\ubd80\uc7a5 \ub4f1\uc744 \uac70\uccd0 \uae08\uc735\uc704\uc6d0\ud68c \ub300\ubcc0\uc778\uc744 \uc9c0\ub0c8\ub2e4. \uc591\uc0ac\ub294 \uae08\uc735 \ubd84\uc57c\uc5d0\uc11c \ub2e4\uc591\ud55c \uacbd\ub825\uc744 \uc313\uc740 \uc804\ubb38\uac00\ub97c \ub300\ud45c\uc774\uc0ac\ub85c \uc601\uc785, \uac74\uac15\ud55c \uc870\uc9c1\ubb38\ud654\ub97c \uad6c\ucd95\ud560 \uc0c8\ub85c\uc6b4 \ub9ac\ub354\uc2ed\uc744 \ud655\ub9bd\ud55c\ub2e4\ub294 \uacc4\ud68d\uc774\ub2e4. \ub514\uc9c0\ud138 \ube44\uc988\ub2c8\uc2a4 \uacbd\uc7c1\ub825 \uac15\ud654\uc640 \uace0\uac1d\uc911\uc2ec \uacbd\uc601\uc5d0\ub3c4 \uc18d\ub3c4\ub97c \ub0bc \ubc29\uce68\uc774\ub2e4. \n"}, {"market": "kospi", "sid": "000540", "codename": "\ud765\uad6d\ud654\uc7ac", "year": 2022, "month": 2, "article_url": "http://m.pinpointnews.co.kr/view.php?ud=2022021113142355889f27410725_45", "news_company": "\ud540\ud3ec\uc778\ud2b8\ub274\uc2a4", "title": "\ud765\uad6d\ud654\uc7ac, \uc2e0\uc784 \ub300\ud45c\uc774\uc0ac\uc5d0 \uc784\uaddc\uc900 \u524d\uae08\uc735\uc704 \ub300\ubcc0\uc778 \ub0b4\uc815", "headline": null, "date_str": null, "writer": null, "section": null, "original_article_link": null, "article_body": null}, {"market": "kospi", "sid": "000540", "codename": "\ud765\uad6d\ud654\uc7ac", "year": 2022, "month": 2, "article_url": "http://news.mtn.co.kr/news-detail/2022021113164663234", "news_company": "MTN", "title": "\ud765\uad6d\ud654\uc7ac, \uc2e0\uc784 \ub300\ud45c\uc5d0 \uc784\uaddc\uc900 \uc804 \uae08\uc735\uc704 \ub300\ubcc0\uc778 \ub0b4\uc815", "headline": null, "date_str": null, "writer": null, "section": null, "original_article_link": null, "article_body": null}, {"market": "kospi", "sid": "000540", "codename": "\ud765\uad6d\ud654\uc7ac", "year": 2022, "month": 2, "article_url": "http://m.fntimes.com/html/view.php?ud=2022021113031420024b1587365b_18", "news_company": "\ud55c\uad6d\uae08\uc735\uc2e0\ubb38", "title": "\ud765\uad6d\uc0dd\uba85\u00b7\ud654\uc7ac, \uc0c8 \uc218\uc7a5\uc5d0 \uc784\ud615\uc900\u00b7\uc784\uaddc\uc900 \ub300\ud45c\uc774\uc0ac \ub0b4\uc815", "headline": null, "date_str": null, "writer": null, "section": null, "original_article_link": null, "article_body": null}, {"market": "kospi", "sid": "000540", "codename": "\ud765\uad6d\ud654\uc7ac", "year": 2022, "month": 2, "article_url": "http://m.metroseoul.co.kr/article/20220211500107", "news_company": "\uba54\ud2b8\ub85c\uc2e0\ubb38", "title": "\ud765\uad6d\uc0dd\uba85 \uc784\ud615\uc900\u00b7\ud765\uad6d\ud654\uc7ac \uc784\uaddc\uc900 \ub300\ud45c\uc774\uc0ac \ub0b4\uc815", "headline": null, "date_str": null, "writer": null, "section": null, "original_article_link": null, "article_body": null}, {"market": "kospi", "sid": "000540", "codename": "\ud765\uad6d\ud654\uc7ac", "year": 2022, "month": 2, "article_url": "https://n.news.naver.com/article/119/0002574807?sid=101", "news_company": "\ub370\uc77c\ub9ac\uc548", "title": "\ud765\uad6d\uc0dd\uba85 \uc0c8 \ub300\ud45c\uc5d0 \uc784\ud615\uc900\u2026\ud765\uad6d\ud654\uc7ac\ub294 \uc784\uaddc\uc900 \ub0b4\uc815", "headline": "\ud765\uad6d\uc0dd\uba85 \uc0c8 \ub300\ud45c\uc5d0 \uc784\ud615\uc900\u2026\ud765\uad6d\ud654\uc7ac\ub294 \uc784\uaddc\uc900 \ub0b4\uc815", "date_str": "2022.02.11. \uc624\ud6c4 1:10", "writer": "\ubd80\uad11\uc6b0 \uae30\uc790", "section": "\uacbd\uc81c", "original_article_link": "https://www.dailian.co.kr/news/view/1082086/?sc=Naver", "article_body": "\n\n\n\n\n\uc784\ud615\uc900(\uc67c\ucabd) \ud765\uad6d\uc0dd\uba85 \uc2e0\uc784 \ub300\ud45c\uc774\uc0ac \ub0b4\uc815\uc790\uc640 \uc784\uaddc\uc900 \ud765\uad6d\ud654\uc7ac \uc2e0\uc784 \ub300\ud45c \ub0b4\uc815\uc790.\u24d2\uac01 \uc0ac[\ub370\uc77c\ub9ac\uc548 = \ubd80\uad11\uc6b0 \uae30\uc790] \ud765\uad6d\uc0dd\uba85\uacfc \ud765\uad6d\ud654\uc7ac\ub294 \uc2e0\uc784 \ub300\ud45c\uc774\uc0ac\uc5d0 \uac01\uac01 \uc784\ud615\uc900 \uc804 \ud55c\uad6d\uc740\ud589 \ubd80\ucd1d\uc7ac\ubcf4\uc640 \uc784\uaddc\uc900 \uc804 \uae08\uc735\uc704\uc6d0\ud68c \ub300\ubcc0\uc778\uc744 \uac01\uac01 \ub0b4\uc815\ud588\ub2e4\uace0 11\uc77c \ubc1d\ud614\ub2e4.\uc784\ud615\uc900 \ub0b4\uc815\uc790\ub294 \uc5f0\uc138\ub300\ud559\uad50 \uacbd\uc81c\ud559\uacfc\uc640 \ub3d9 \ub300\ud559\uc6d0\uc744 \uc878\uc5c5\ud558\uace0 1987\ub144 \ud55c\uad6d\uc740\ud589\uc5d0 \uc785\ud589\ud588\ub2e4. \uae08\uc735\uc2dc\uc7a5\uad6d, \ud1b5\ud654\uc815\ucc45\uad6d \ub4f1\uc744 \uac70\uccd0 \uacbd\uc601\ub2f4\ub2f9 \ubd80\ucd1d\uc7ac\ubcf4\ub97c \uc5ed\uc784\ud588\uc73c\uba70, \ud604\uc7ac KB\uc0dd\uba85\ubcf4\ud5d8 \uc0c1\uadfc\uac10\uc0ac\ub85c \uc7ac\uc9c1 \uc911\uc774\ub2e4. \uae08\uc735 \uc804\ubb38\uac00\ub85c \uaf3d\ud788\ub294 \uc784\ud615\uc900 \ub0b4\uc815\uc790\ub294 \uae08\uc735 \ubd84\uc57c \uc804\ubb38\uc9c0\uc2dd\uc740 \ubb3c\ub860 \uc870\uc9c1\uad00\ub9ac \ubc0f \ub300\ub0b4\uc678 \uc18c\ud1b5 \ub2a5\ub825\uc5d0\uc11c\ub3c4 \ub192\uc740 \ud3c9\uac00\ub97c \ubc1b\uace0 \uc788\ub2e4.\uc784\uaddc\uc900 \ub0b4\uc815\uc790\ub294 \uc5f0\uc138\ub300\ud559\uad50 \uacbd\uc601\ud559\uacfc\ub97c \uc878\uc5c5\ud588\uc73c\uba70, 1987\ub144 \ub9e4\uacbd\ubbf8\ub514\uc5b4\uadf8\ub8f9\uc5d0 \uc785\uc0ac\ud588\ub2e4. \ub9e4\uc77c\uacbd\uc81c\uc2e0\ubb38 \ubc0f MBN\uc5d0\uc11c \uad6d\uc81c\ubd80\uc7a5, \ubd80\ub3d9\uc0b0\ubd80\uc7a5, \uc99d\uad8c\ubd80\uc7a5, \uacbd\uc81c\ubd80\uc7a5\uacfc \uad6d\uc7a5\uc73c\ub85c \uadfc\ubb34\ud55c\ub370 \uc774\uc5b4 2016\ub144\ubd80\ud130 \uae08\uc735\uc0b0\uc5c5\uacfc \uae08\uc735\uac10\ub3c5 \uc815\ucc45\uc744 \ucd1d\uad04\ud558\ub294 \uae08\uc735\uc704 \ub300\ubcc0\uc778(\uad6d\uc7a5)\uc744 \uc5ed\uc784\ud558\ub294 \ub4f1 \uc815\ubd80\ubd80\ucc98 \ubc0f \uc5b8\ub860\uc5d0\uc11c \ud3ed\ub113\uac8c \ud65c\ub3d9\ud574\uc654\ub2e4. \ud604\uc7ac \uae08\uc735\ucc44\uad8c\uc790 \uc870\uc815\uc704\uc6d0\ud68c \uc0ac\ubb34\uad6d\uc7a5\uc73c\ub85c \uc7ac\uc9c1 \uc911\uc774\ub2e4.\ud765\uad6d\uc0dd\uba85\uacfc \ud765\uad6d\ud654\uc7ac\ub294 \uae08\uc735 \ubd84\uc57c\uc5d0\uc11c \ub2e4\uc591\ud55c \uacbd\ub825\uc744 \uc313\uc740 \uc804\ubb38\uac00\ub97c \uc601\uc785\ud568\uc73c\ub85c\uc368 \uac74\uac15\ud55c \uc870\uc9c1\ubb38\ud654\ub97c \uad6c\ucd95\ud560 \uc218 \uc788\ub294 \uc0c8\ub85c\uc6b4 \ub9ac\ub354\uc2ed\uc744 \ud655\ub9bd\ud560 \uacc4\ud68d\uc774\ub2e4. \ud2b9\ud788 \ud604\uc7ac \ucd94\uc9c4\ud558\uace0 \uc788\ub294 \ub514\uc9c0\ud138 \ube44\uc988\ub2c8\uc2a4 \uacbd\uc7c1\ub825 \uac15\ud654, \uc18c\ube44\uc790 \ub208\ub192\uc774\uc5d0 \ub9de\ucd98 \uace0\uac1d\uc911\uc2ec \uacbd\uc601\uc5d0\ub3c4 \uc18d\ub3c4\ub97c \ub0b8\ub2e4\ub294 \ubc29\uce68\uc774\ub2e4.\uc784\ud615\uc900\u00b7\uc784\uaddc\uc900 \ub0b4\uc815\uc790\ub294 \ub2e4\uc74c \ub2ec \uc5f4\ub9ac\ub294 \uc815\uae30\uc8fc\uc8fc\ucd1d\ud68c \ubc0f \uc774\uc0ac\ud68c\ub97c \ud1b5\ud574 \uc815\uc2dd \uc120\uc784\ub420 \uc608\uc815\uc774\ub2e4.\n\t\t"}, {"market": "kospi", "sid": "000540", "codename": "\ud765\uad6d\ud654\uc7ac", "year": 2022, "month": 2, "article_url": "http://www.newscape.co.kr/news/articleView.html?idxno=79352", "news_company": "\ub274\uc2a4\ucf00\uc774\ud504", "title": "\ud765\uad6d\uc0dd\uba85 \uc784\ud615\uc900\u00b7\ud765\uad6d\ud654\uc7ac \uc784\uaddc\uc900 \ub300\ud45c\uc774\uc0ac \ub0b4\uc815", "headline": null, "date_str": null, "writer": null, "section": null, "original_article_link": null, "article_body": null}, {"market": "kospi", "sid": "000540", "codename": "\ud765\uad6d\ud654\uc7ac", "year": 2022, "month": 2, "article_url": "https://n.news.naver.com/article/014/0004786558?sid=101", "news_company": "\ud30c\uc774\ub0b8\uc15c\ub274\uc2a4", "title": "\ud765\uad6d\uc0dd\uba85 \uc784\ud615\uc900\u00b7\ud765\uad6d\ud654\uc7ac \uc784\uaddc\uc900 \ub300\ud45c\uc774\uc0ac \ub0b4\uc815", "headline": "\ud765\uad6d\uc0dd\uba85 \uc784\ud615\uc900\u00b7\ud765\uad6d\ud654\uc7ac \uc784\uaddc\uc900 \ub300\ud45c\uc774\uc0ac \ub0b4\uc815", "date_str": "2022.02.11. \uc624\ud6c4 1:08", "writer": "\uc815\uba85\uc9c4 \uae30\uc790", "section": "\uacbd\uc81c", "original_article_link": "http://www.fnnews.com/news/202202111307466761", "article_body": "\n\n\n\n\n\ud765\uad6d\uc0dd\uba85 \uc784\ud615\uc900 \ub0b4\uc815\uc790  \n\n\n\n\ud765\uad6d\ud654\uc7ac \uc784\uaddc\uc900 \ub0b4\uc815\uc790 [\ud30c\uc774\ub0b8\uc15c\ub274\uc2a4] \ud765\uad6d\uc0dd\uba85\uacfc \ud765\uad6d\ud654\uc7ac\ub294 \uc2e0\uc784 \ub300\ud45c\uc774\uc0ac\uc5d0 \uc784\ud615\uc900 \uc804 \ud55c\uad6d\uc740\ud589 \ubd80\ucd1d\uc7ac\ubcf4, \uc784\uaddc\uc900 \uc804 \uae08\uc735\uc704\uc6d0\ud68c \ub300\ubcc0\uc778\uc744 \uac01\uac01 \ub0b4\uc815\ud588\ub2e4\uace0 11\uc77c \ubc1d\ud614\ub2e4.   \ud765\uad6d\uc0dd\uba85 \uc784\ud615\uc900 \ub0b4\uc815\uc790\ub294 \uc5f0\uc138\ub300\ud559\uad50 \uacbd\uc81c\ud559\uacfc\uc640 \ub3d9 \ub300\ud559\uc6d0\uc744 \uc878\uc5c5\ud558\uace0 1987\ub144 \ud55c\uad6d\uc740\ud589\uc5d0 \uc785\ud589\ud588\ub2e4. \uae08\uc735\uc2dc\uc7a5\uad6d, \ud1b5\ud654\uc815\ucc45\uad6d \ub4f1\uc744 \uac70\uccd0 \uacbd\uc601\ub2f4\ub2f9 \ubd80\ucd1d\uc7ac\ubcf4\ub97c \uc5ed\uc784\ud588\uc73c\uba70 \ud604\uc7ac KB\uc0dd\uba85\ubcf4\ud5d8 \uc0c1\uadfc\uac10\uc0ac\ub85c \uc7ac\uc9c1 \uc911\uc774\ub2e4. \uae08\uc735 \uc804\ubb38\uac00\ub85c \uaf3d\ud788\ub294 \uc784\ud615\uc900 \ub0b4\uc815\uc790\ub294 \uae08\uc735 \ubd84\uc57c \uc804\ubb38\uc9c0\uc2dd\uc740 \ubb3c\ub860 \uc870\uc9c1\uad00\ub9ac \ubc0f \ub300\ub0b4\uc678 \uc18c\ud1b5 \ub2a5\ub825\uc5d0\uc11c\ub3c4 \ub192\uc740 \ud3c9\uac00\ub97c \ubc1b\uace0 \uc788\ub2e4.   \ud765\uad6d\ud654\uc7ac \uc784\uaddc\uc900 \ub0b4\uc815\uc790\ub294 \uc5f0\uc138\ub300\ud559\uad50 \uacbd\uc601\ud559\uacfc\ub97c \uc878\uc5c5\ud588\uc73c\uba70, 1987\ub144 \ub9e4\uacbd\ubbf8\ub514\uc5b4\uadf8\ub8f9\uc5d0 \uc785\uc0ac\ud588\ub2e4. \ub9e4\uc77c\uacbd\uc81c\uc2e0\ubb38 \ubc0f MBN\uc5d0\uc11c \uad6d\uc81c\ubd80\uc7a5, \ubd80\ub3d9\uc0b0\ubd80\uc7a5, \uc99d\uad8c\ubd80\uc7a5, \uacbd\uc81c\ubd80\uc7a5\uacfc \uad6d\uc7a5\uc73c\ub85c \uadfc\ubb34\ud55c\ub370 \uc774\uc5b4 2016\ub144\ubd80\ud130 \uae08\uc735\uc0b0\uc5c5\uacfc \uae08\uc735\uac10\ub3c5 \uc815\ucc45\uc744 \ucd1d\uad04\ud558\ub294 \uae08\uc735\uc704\uc6d0\ud68c \ub300\ubcc0\uc778 (\uad6d\uc7a5)\uc744 \uc5ed\uc784\ud558\ub294 \ub4f1 \uc815\ubd80\ubd80\ucc98 \ubc0f \uc5b8\ub860\uc5d0\uc11c \ud3ed\ub113\uac8c \ud65c\ub3d9\ud574\uc654\ub2e4. \ud604\uc7ac \uae08\uc735\ucc44\uad8c\uc790 \uc870\uc815\uc704\uc6d0\ud68c \uc0ac\ubb34\uad6d\uc7a5\uc73c\ub85c \uc7ac\uc9c1 \uc911\uc774\ub2e4.   \ud765\uad6d\uc0dd\uba85\uacfc \ud765\uad6d\ud654\uc7ac\ub294 \uae08\uc735 \ubd84\uc57c\uc5d0\uc11c \ub2e4\uc591\ud55c \uacbd\ub825\uc744 \uc313\uc740 \uc804\ubb38\uac00\ub97c \uc601\uc785\ud568\uc73c\ub85c\uc368 \uac74\uac15\ud55c \uc870\uc9c1\ubb38\ud654\ub97c \uad6c\ucd95\ud560 \uc218 \uc788\ub294 \uc0c8\ub85c\uc6b4 \ub9ac\ub354\uc2ed\uc744 \ud655\ub9bd\ud560 \uacc4\ud68d\uc774\ub2e4. \ud2b9\ud788 \ud604\uc7ac \ucd94\uc9c4\ud558\uace0 \uc788\ub294 \ub514\uc9c0\ud138 \ube44\uc988\ub2c8\uc2a4 \uacbd\uc7c1\ub825 \uac15\ud654, \uc18c\ube44\uc790 \ub208\ub192\uc774\uc5d0 \ub9de\ucd98 \uace0\uac1d\uc911\uc2ec \uacbd\uc601\uc5d0\ub3c4 \uc18d\ub3c4\ub97c \ub0b8\ub2e4\ub294 \ubc29\uce68\uc774\ub2e4.   \ud55c\ud3b8, \ud765\uad6d\uc0dd\uba85 \uc784\ud615\uc900 \ub0b4\uc815\uc790, \ud765\uad6d\ud654\uc7ac \uc784\uaddc\uc900 \ub0b4\uc815\uc790\ub294 \uc624\ub294 3\uc6d4 \uc5f4\ub9ac\ub294 \uc815\uae30\uc8fc\uc8fc\ucd1d\ud68c \ubc0f \uc774\uc0ac\ud68c\ub97c \ud1b5\ud574 \uc815\uc2dd \uc120\uc784\ub420 \uc608\uc815\uc774\ub2e4.\n\t\t"}, {"market": "kospi", "sid": "000540", "codename": "\ud765\uad6d\ud654\uc7ac", "year": 2022, "month": 2, "article_url": "http://m.wsobi.com/news/articleView.html?idxno=153514", "news_company": "\uc5ec\uc131\uc18c\ube44\uc790\uc2e0\ubb38", "title": "\uc190\ud574\ubcf4\ud5d8 \ube0c\ub79c\ub4dc\ud3c9\ud310 2\uc6d4 \ube45\ub370\uc774\ud130 \ubd84\uc11d\uacb0\uacfc\u00b7\u00b7\u00b71\uc704 \ud604\ub300\ud574\uc0c1, 2\uc704 \uc0bc\uc131\ud654\uc7ac, 3\uc704 KB\uc190\ud574\ubcf4\ud5d8", "headline": null, "date_str": null, "writer": null, "section": null, "original_article_link": null, "article_body": null}, {"market": "kospi", "sid": "000540", "codename": "\ud765\uad6d\ud654\uc7ac", "year": 2022, "month": 2, "article_url": "http://www.fins.co.kr/news/articleView.html?idxno=92708", "news_company": "\ubcf4\ud5d8\ub9e4\uc77c", "title": "\uc190\ubcf4\uc0ac, GA\uc2dc\ucc45 \uacbd\uc7c1 \ub2e4\uc2dc \ubd88\ubd99\ub098", "headline": null, "date_str": null, "writer": null, "section": null, "original_article_link": null, "article_body": null}, {"market": "kospi", "sid": "000540", "codename": "\ud765\uad6d\ud654\uc7ac", "year": 2022, "month": 2, "article_url": "http://www.newscape.co.kr/news/articleView.html?idxno=79352", "news_company": "\ub274\uc2a4\ucf00\uc774\ud504", "title": "\ud765\uad6d\uc0dd\uba85 \uc784\ud615\uc900\u00b7\ud765\uad6d\ud654\uc7ac \uc784\uaddc\uc900 \ub300\ud45c\uc774\uc0ac \ub0b4\uc815", "headline": null, "date_str": null, "writer": null, "section": null, "original_article_link": null, "article_body": null}, {"market": "kospi", "sid": "000540", "codename": "\ud765\uad6d\ud654\uc7ac", "year": 2022, "month": 2, "article_url": "https://n.news.naver.com/article/014/0004786558?sid=101", "news_company": "\ud30c\uc774\ub0b8\uc15c\ub274\uc2a4", "title": "\ud765\uad6d\uc0dd\uba85 \uc784\ud615\uc900\u00b7\ud765\uad6d\ud654\uc7ac \uc784\uaddc\uc900 \ub300\ud45c\uc774\uc0ac \ub0b4\uc815", "headline": "\ud765\uad6d\uc0dd\uba85 \uc784\ud615\uc900\u00b7\ud765\uad6d\ud654\uc7ac \uc784\uaddc\uc900 \ub300\ud45c\uc774\uc0ac \ub0b4\uc815", "date_str": "2022.02.11. \uc624\ud6c4 1:08", "writer": "\uc815\uba85\uc9c4 \uae30\uc790", "section": "\uacbd\uc81c", "original_article_link": "http://www.fnnews.com/news/202202111307466761", "article_body": "\n\n\n\n\n\ud765\uad6d\uc0dd\uba85 \uc784\ud615\uc900 \ub0b4\uc815\uc790  \n\n\n\n\ud765\uad6d\ud654\uc7ac \uc784\uaddc\uc900 \ub0b4\uc815\uc790 [\ud30c\uc774\ub0b8\uc15c\ub274\uc2a4] \ud765\uad6d\uc0dd\uba85\uacfc \ud765\uad6d\ud654\uc7ac\ub294 \uc2e0\uc784 \ub300\ud45c\uc774\uc0ac\uc5d0 \uc784\ud615\uc900 \uc804 \ud55c\uad6d\uc740\ud589 \ubd80\ucd1d\uc7ac\ubcf4, \uc784\uaddc\uc900 \uc804 \uae08\uc735\uc704\uc6d0\ud68c \ub300\ubcc0\uc778\uc744 \uac01\uac01 \ub0b4\uc815\ud588\ub2e4\uace0 11\uc77c \ubc1d\ud614\ub2e4.   \ud765\uad6d\uc0dd\uba85 \uc784\ud615\uc900 \ub0b4\uc815\uc790\ub294 \uc5f0\uc138\ub300\ud559\uad50 \uacbd\uc81c\ud559\uacfc\uc640 \ub3d9 \ub300\ud559\uc6d0\uc744 \uc878\uc5c5\ud558\uace0 1987\ub144 \ud55c\uad6d\uc740\ud589\uc5d0 \uc785\ud589\ud588\ub2e4. \uae08\uc735\uc2dc\uc7a5\uad6d, \ud1b5\ud654\uc815\ucc45\uad6d \ub4f1\uc744 \uac70\uccd0 \uacbd\uc601\ub2f4\ub2f9 \ubd80\ucd1d\uc7ac\ubcf4\ub97c \uc5ed\uc784\ud588\uc73c\uba70 \ud604\uc7ac KB\uc0dd\uba85\ubcf4\ud5d8 \uc0c1\uadfc\uac10\uc0ac\ub85c \uc7ac\uc9c1 \uc911\uc774\ub2e4. \uae08\uc735 \uc804\ubb38\uac00\ub85c \uaf3d\ud788\ub294 \uc784\ud615\uc900 \ub0b4\uc815\uc790\ub294 \uae08\uc735 \ubd84\uc57c \uc804\ubb38\uc9c0\uc2dd\uc740 \ubb3c\ub860 \uc870\uc9c1\uad00\ub9ac \ubc0f \ub300\ub0b4\uc678 \uc18c\ud1b5 \ub2a5\ub825\uc5d0\uc11c\ub3c4 \ub192\uc740 \ud3c9\uac00\ub97c \ubc1b\uace0 \uc788\ub2e4.   \ud765\uad6d\ud654\uc7ac \uc784\uaddc\uc900 \ub0b4\uc815\uc790\ub294 \uc5f0\uc138\ub300\ud559\uad50 \uacbd\uc601\ud559\uacfc\ub97c \uc878\uc5c5\ud588\uc73c\uba70, 1987\ub144 \ub9e4\uacbd\ubbf8\ub514\uc5b4\uadf8\ub8f9\uc5d0 \uc785\uc0ac\ud588\ub2e4. \ub9e4\uc77c\uacbd\uc81c\uc2e0\ubb38 \ubc0f MBN\uc5d0\uc11c \uad6d\uc81c\ubd80\uc7a5, \ubd80\ub3d9\uc0b0\ubd80\uc7a5, \uc99d\uad8c\ubd80\uc7a5, \uacbd\uc81c\ubd80\uc7a5\uacfc \uad6d\uc7a5\uc73c\ub85c \uadfc\ubb34\ud55c\ub370 \uc774\uc5b4 2016\ub144\ubd80\ud130 \uae08\uc735\uc0b0\uc5c5\uacfc \uae08\uc735\uac10\ub3c5 \uc815\ucc45\uc744 \ucd1d\uad04\ud558\ub294 \uae08\uc735\uc704\uc6d0\ud68c \ub300\ubcc0\uc778 (\uad6d\uc7a5)\uc744 \uc5ed\uc784\ud558\ub294 \ub4f1 \uc815\ubd80\ubd80\ucc98 \ubc0f \uc5b8\ub860\uc5d0\uc11c \ud3ed\ub113\uac8c \ud65c\ub3d9\ud574\uc654\ub2e4. \ud604\uc7ac \uae08\uc735\ucc44\uad8c\uc790 \uc870\uc815\uc704\uc6d0\ud68c \uc0ac\ubb34\uad6d\uc7a5\uc73c\ub85c \uc7ac\uc9c1 \uc911\uc774\ub2e4.   \ud765\uad6d\uc0dd\uba85\uacfc \ud765\uad6d\ud654\uc7ac\ub294 \uae08\uc735 \ubd84\uc57c\uc5d0\uc11c \ub2e4\uc591\ud55c \uacbd\ub825\uc744 \uc313\uc740 \uc804\ubb38\uac00\ub97c \uc601\uc785\ud568\uc73c\ub85c\uc368 \uac74\uac15\ud55c \uc870\uc9c1\ubb38\ud654\ub97c \uad6c\ucd95\ud560 \uc218 \uc788\ub294 \uc0c8\ub85c\uc6b4 \ub9ac\ub354\uc2ed\uc744 \ud655\ub9bd\ud560 \uacc4\ud68d\uc774\ub2e4. \ud2b9\ud788 \ud604\uc7ac \ucd94\uc9c4\ud558\uace0 \uc788\ub294 \ub514\uc9c0\ud138 \ube44\uc988\ub2c8\uc2a4 \uacbd\uc7c1\ub825 \uac15\ud654, \uc18c\ube44\uc790 \ub208\ub192\uc774\uc5d0 \ub9de\ucd98 \uace0\uac1d\uc911\uc2ec \uacbd\uc601\uc5d0\ub3c4 \uc18d\ub3c4\ub97c \ub0b8\ub2e4\ub294 \ubc29\uce68\uc774\ub2e4.   \ud55c\ud3b8, \ud765\uad6d\uc0dd\uba85 \uc784\ud615\uc900 \ub0b4\uc815\uc790, \ud765\uad6d\ud654\uc7ac \uc784\uaddc\uc900 \ub0b4\uc815\uc790\ub294 \uc624\ub294 3\uc6d4 \uc5f4\ub9ac\ub294 \uc815\uae30\uc8fc\uc8fc\ucd1d\ud68c \ubc0f \uc774\uc0ac\ud68c\ub97c \ud1b5\ud574 \uc815\uc2dd \uc120\uc784\ub420 \uc608\uc815\uc774\ub2e4.\n\t\t"}, {"market": "kospi", "sid": "000540", "codename": "\ud765\uad6d\ud654\uc7ac", "year": 2022, "month": 2, "article_url": "http://m.wsobi.com/news/articleView.html?idxno=153514", "news_company": "\uc5ec\uc131\uc18c\ube44\uc790\uc2e0\ubb38", "title": "\uc190\ud574\ubcf4\ud5d8 \ube0c\ub79c\ub4dc\ud3c9\ud310 2\uc6d4 \ube45\ub370\uc774\ud130 \ubd84\uc11d\uacb0\uacfc\u00b7\u00b7\u00b71\uc704 \ud604\ub300\ud574\uc0c1, 2\uc704 \uc0bc\uc131\ud654\uc7ac, 3\uc704 KB\uc190\ud574\ubcf4\ud5d8", "headline": null, "date_str": null, "writer": null, "section": null, "original_article_link": null, "article_body": null}, {"market": "kospi", "sid": "000540", "codename": "\ud765\uad6d\ud654\uc7ac", "year": 2022, "month": 2, "article_url": "http://www.fins.co.kr/news/articleView.html?idxno=92708", "news_company": "\ubcf4\ud5d8\ub9e4\uc77c", "title": "\uc190\ubcf4\uc0ac, GA\uc2dc\ucc45 \uacbd\uc7c1 \ub2e4\uc2dc \ubd88\ubd99\ub098", "headline": null, "date_str": null, "writer": null, "section": null, "original_article_link": null, "article_body": null}]}