{"data": [{"market": "kospi", "sid": "000760", "codename": "\uc774\ud654\uc0b0\uc5c5", "year": 2022, "month": 5, "article_url": "http://m.yakup.com/index.html?m=n&mode=view&cat=12&nid=269009", "news_company": "\uc57d\uc5c5\uc2e0\ubb38", "title": "\uc758\ub8cc\uae30\uae30\uc0b0\uc5c5\ud611\ud68c\u00b7\ud5ec\uc2a4\ucf00\uc5b4 \uc804\ubb38\uc778\ub825 \uc591\uc131 \uc704\ud574 \uc774\ud654\uc5ec\ub300\uc640 MOU", "headline": null, "date_str": null, "writer": null, "section": null, "original_article_link": null, "article_body": null}, {"market": "kospi", "sid": "000760", "codename": "\uc774\ud654\uc0b0\uc5c5", "year": 2022, "month": 5, "article_url": "http://www.pharmnews.com/news/articleView.html?idxno=203648", "news_company": "\ud31c\ub274\uc2a4", "title": "\ud55c\uad6d\uc758\ub8cc\uae30\uae30\uc0b0\uc5c5\ud611\ud68c, \ud5ec\uc2a4\ucf00\uc5b4 \uc804\ubb38\uc778\ub825 \uc591\uc131 \uc704\ud574 \uc774\ud654\uc5ec\ub300\uc640 \ub9de\uc190", "headline": null, "date_str": null, "writer": null, "section": null, "original_article_link": null, "article_body": null}, {"market": "kospi", "sid": "000760", "codename": "\uc774\ud654\uc0b0\uc5c5", "year": 2022, "month": 5, "article_url": "http://m.rapportian.com/news/articleView.html?idxno=146399", "news_company": "\ub77c\ud3ec\ub974\uc2dc\uc548", "title": "\uc758\ub8cc\uae30\uae30\uc0b0\uc5c5\ud611\ud68c, \uc774\ud654\uc5ec\ub300\uc640 \uc778\ub825 \uc591\uc131 \uc5c5\ubb34\ud611\uc57d", "headline": null, "date_str": null, "writer": null, "section": null, "original_article_link": null, "article_body": null}]}