{"data": [{"market": "kospi", "sid": "000640", "codename": "\ub3d9\uc544\uc3d8\uc2dc\uc624\ud640\ub529\uc2a4", "year": 2022, "month": 3, "article_url": "https://www.fetv.co.kr/mobile/article.html?no=111674", "news_company": "FETV", "title": "\ub3d9\uc544\uc3d8\uc2dc\uc624\ud640\ub529\uc2a4, \ud604\uae08\ubc30\ub2f9 \uc8fc\ub2f9 1000\uc6d0\u2026\uc0ac\uc678\uc774\uc0ac \ub4f1 5\uac74 \ud1b5\uacfc", "headline": null, "date_str": null, "writer": null, "section": null, "original_article_link": null, "article_body": null}, {"market": "kospi", "sid": "000640", "codename": "\ub3d9\uc544\uc3d8\uc2dc\uc624\ud640\ub529\uc2a4", "year": 2022, "month": 3, "article_url": "http://www.nextdaily.co.kr/news/articleView.html?idxno=204416", "news_company": "\ub125\uc2a4\ud2b8\ub370\uc77c\ub9ac", "title": "\ub3d9\uc544\uc3d8\uc2dc\uc624\ud640\ub529\uc2a4, \uc81c74\uae30 \uc815\uae30\uc8fc\uc8fc\ucd1d\ud68c \uac1c\ucd5c", "headline": null, "date_str": null, "writer": null, "section": null, "original_article_link": null, "article_body": null}, {"market": "kospi", "sid": "000640", "codename": "\ub3d9\uc544\uc3d8\uc2dc\uc624\ud640\ub529\uc2a4", "year": 2022, "month": 3, "article_url": "http://m.kmedinfo.co.kr/news/articleView.html?idxno=72933", "news_company": "e\uc758\ub8cc\uc815\ubcf4", "title": "\ub3d9\uc544\uc3d8\uc2dc\uc624\ud640\ub529\uc2a4, \uc81c74\uae30 \uc815\uae30\uc8fc\uc8fc\ucd1d\ud68c \uac1c\ucd5c", "headline": null, "date_str": null, "writer": null, "section": null, "original_article_link": null, "article_body": null}, {"market": "kospi", "sid": "000640", "codename": "\ub3d9\uc544\uc3d8\uc2dc\uc624\ud640\ub529\uc2a4", "year": 2022, "month": 3, "article_url": "http://www.enewstoday.co.kr/news/articleView.html?idxno=1558701", "news_company": "\uc774\ub274\uc2a4\ud22c\ub370\uc774", "title": "\ub3d9\uc544\uc3d8\uc2dc\uc624\ud640\ub529\uc2a4, \uc81c74\uae30 \uc815\uae30\uc8fc\uc8fc\ucd1d\ud68c \uac1c\ucd5c", "headline": null, "date_str": null, "writer": null, "section": null, "original_article_link": null, "article_body": null}, {"market": "kospi", "sid": "000640", "codename": "\ub3d9\uc544\uc3d8\uc2dc\uc624\ud640\ub529\uc2a4", "year": 2022, "month": 3, "article_url": "http://m.dailypharm.com/newsView.html?ID=286560&REFERER=NP", "news_company": "\ub370\uc77c\ub9ac\ud31c", "title": "\ub3d9\ud654\u00b7\uc0bc\uc9c4\u00b7\uc720\ud55c\u00b7\uc77c\ub3d9 \uc9c1\uc6d0\ub4e4, \uc0bc\uc131\uc804\uc790\ubcf4\ub2e4 \uc624\ub798 \ub2e4\ub2cc\ub2e4", "headline": null, "date_str": null, "writer": null, "section": null, "original_article_link": null, "article_body": null}]}