{"data": [{"market": "kospi", "sid": "000850", "codename": "\ud654\ucc9c\uae30\uacf5", "year": 2021, "month": 5, "article_url": "http://m.newsway.co.kr/news/view?tp=1&ud=2021051709004020692", "news_company": "\ub274\uc2a4\uc6e8\uc774", "title": "IR\ud050\ub354\uc2a4, \ud55c\uad6d\ud22c\uc790\ud30c\ud2b8\ub108\uc2a4 \ub4f1\uc73c\ub85c\ubd80\ud130 30\uc5b5 \ud22c\uc790 \uc720\uce58", "headline": null, "date_str": null, "writer": null, "section": null, "original_article_link": null, "article_body": null}, {"market": "kospi", "sid": "000850", "codename": "\ud654\ucc9c\uae30\uacf5", "year": 2021, "month": 5, "article_url": "https://m.etoday.co.kr/view.php?idxno=2026617", "news_company": "\uc774\ud22c\ub370\uc774", "title": "IR\ud050\ub354\uc2a4, \ud55c\uad6d\ud22c\uc790\ud30c\ud2b8\ub108\uc2a4 \ub4f1\uc11c 30\uc5b5 \ud22c\uc790\uc720\uce58", "headline": null, "date_str": null, "writer": null, "section": null, "original_article_link": null, "article_body": null}]}