{"data": [{"market": "kospi", "sid": "000760", "codename": "\uc774\ud654\uc0b0\uc5c5", "year": 2021, "month": 8, "article_url": "https://m.news.naver.com/read?mode=LSD&mid=sec&sid1=102&oid=003&aid=0010674921", "news_company": "\ub274\uc2dc\uc2a4", "title": "\uc6b8\uc0b0\uc2dc, \ud604\ub300\ubaa8\ube44\uc2a4 \u2018\uc218\uc18c\uc804\uae30\ucc28 \uc5f0\ub8cc\uc804\uc9c0\uc2dc\uc2a4\ud15c \uacf5\uc7a5\u2019 \uc720\uce58", "headline": "\uc6b8\uc0b0\uc2dc, \ud604\ub300\ubaa8\ube44\uc2a4 \u2018\uc218\uc18c\uc804\uae30\ucc28 \uc5f0\ub8cc\uc804\uc9c0\uc2dc\uc2a4\ud15c \uacf5\uc7a5\u2019 \uc720\uce58", "date_str": "2021.08.20. \uc624\ud6c4 5:02", "writer": "\uc720\uc7ac\ud615 \uae30\uc790", "section": "\uc0ac\ud68c", "original_article_link": "http://www.newsis.com/view/?id=NISX20210819_0001553973&cID=10814&pID=10800", "article_body": "\n\uae30\uc0ac\ub0b4\uc6a9 \uc694\uc57d3020\uc5b5\uc6d0 \ub4e4\uc5ec \ubd81\uad6c \uc774\ud654\uc0b0\ub2e8 \ub0b4 3\ub9cc8000\u33a1 \uaddc\ubaa8\n\n\n\n[\uc6b8\uc0b0=\ub274\uc2dc\uc2a4]\ubc15\uc601\ud0dc \uae30\uc790 = \ubb38\uc7ac\uc778 \ub300\ud1b5\ub839\uc774 6\uc77c \uc624\ud6c4 \uc6b8\uc0b0 \ub0a8\uad6c \uc218\uc18c\uc5f0\ub8cc\uc804\uc9c0 \uc2e4\uc99d\ud654\uc13c\ud130\ub97c \ucc3e\uc544 \uc218\uc18c\ucc28 \uc5f0\ub8cc\uc804\uc9c0\ubc1c\uc804\uc2dc\uc2a4\ud15c\uc744 \uc2dc\ucc30\ud558\uba70 \ud604\ub300\ucc28 \uc218\uc18c \uc5f0\ub8cc\uc804\uc9c0(\ub125\uc3d8 \uae30\uc220\uae30\ubc18)\ub97c \ubcd1\ub82c \uc5f0\uacb0\ud574 \uad6c\ucd95\ud55c \ubc1c\uc804\uc2dc\uc2a4\ud15c\uc5d0 \ub300\ud574 \uc124\uba85\uc744 \ub4e3\uace0 \uc788\ub2e4. 2021.05.06. since1999@newsis.com[\uc6b8\uc0b0=\ub274\uc2dc\uc2a4]\uc720\uc7ac\ud615 \uae30\uc790 = \uc6b8\uc0b0\uc5d0 \uc218\uc18c\uc0b0\uc5c5 \uc0dd\ud0dc\uacc4\ub97c \uc644\uc131\ud560 \ud604\ub300\ubaa8\ube44\uc2a4 \uc218\uc18c\ucc28 \ud575\uc2ec\ubd80\ud488 \uacf5\uc7a5\uc774 \uc0c8\ub85c \ub4e4\uc5b4\uc120\ub2e4.\uc6b8\uc0b0\uc2dc\ub294 \ud604\ub300\ubaa8\ube44\uc2a4\uac00 \ubd81\uad6c \uc774\ud654\uc77c\ubc18\uc0b0\uc5c5\ub2e8\uc9c0 \uc77c\ub300\uc5d0 \ucd1d \uc0ac\uc5c5\ube44 3020\uc5b5\uc6d0\uc744 \ud22c\uc790\ud574 \ucd1d\uba74\uc801 3\ub9cc 8000\u33a1 \uaddc\ubaa8\uc758 \u2018\uc218\uc18c\uc5f0\ub8cc\uc804\uc9c0\uc2dc\uc2a4\ud15c \uacf5\uc7a5\u2019\uc744 \uc624\ub294 2023\ub144 \uac00\ub3d9 \ubaa9\ud45c\ub85c \uc870\uc131\ud55c\ub2e4\uace0 20\uc77c \ubc1d\ud614\ub2e4.\uc774 \uacf5\uc7a5\uc740 \uc218\uc18c\uc5f0\ub8cc\uc804\uc9c0 \uc9d1\ud569\uccb4\uc778 \uc2a4\ud0dd\uc5d0 \uacf5\uae30\uacf5\uae09\uc7a5\uce58, \uc13c\uc11c \ub4f1 \ubcf4\uc870\uae30\uae30\ub97c \uacb0\ud569\ud55c \uc218\uc18c\uc5f0\ub8cc\uc804\uc9c0\uc2dc\uc2a4\ud15c\uc744 \uc0dd\uc0b0\ud558\ub294 \uc2dc\uc124\uc774\ub2e4.\ud2b9\ud788 \uc218\uc18c\uc5f0\ub8cc\uc804\uc9c0\uc2dc\uc2a4\ud15c\uc740 \uc218\uc18c\ucc28 \uc0dd\uc0b0\ube44\uc758 40%\ub97c \ucc28\uc9c0\ud558\ub294 \uace0\ubd80\uac00\uac00\uce58 \ud575\uc2ec \ubd80\ud488\uc774\ub2e4.\ud604\ub300\ucc28\ub294 \ud604\uc7ac 1\ub9cc 7000\ub300\uc778 \uc218\uc18c\ucc28 \uc0dd\uc0b0\uc124\ube44\ub97c 2030\ub144\uae4c\uc9c0 50\ub9cc\ub300 \uaddc\ubaa8\ub85c \ub300\ud3ed \ud655\ub300\ud560 \uacc4\ud68d\uc774\uba70 \uc911\uc559 \uc815\ubd80\ub3c4 2040\ub144 \uc218\uc18c\ucc28 620\ub9cc \ub300 \uc0dd\uc0b0\uc744 \ubaa9\ud45c\ub85c \ud558\uace0 \uc788\ub2e4.\uc774\ub85c \uc778\ud574 \uc218\uc18c\uc5f0\ub8cc\uc804\uc9c0\uc2dc\uc2a4\ud15c \uc218\uc694\ub294 \ud5a5\ud6c4 \uc9c0\uc18d\uc801\uc73c\ub85c \ud655\ub300\ub420 \uc804\ub9dd\uc774\ub2e4.\uad6d\ub0b4 \ucd5c\ub300 \uc218\uc18c \uc0dd\uc0b0\uc9c0\uc774\uc790 \uc138\uacc4 \ucd5c\ub300 \uc218\uc18c\ucc28 \uc0dd\uc0b0\ub3c4\uc2dc\uc778 \uc6b8\uc0b0\uc740 \uc774\ubc88 \uacf5\uc7a5 \uc720\uce58\ub97c \ud1b5\ud574 \uc218\uc18c\ucc28 \ud575\uc2ec\ubd80\ud488 \uc0dd\uc0b0\uae4c\uc9c0 \uc804\ub2f4\ud558\ub294 \u2018\uc218\uc18c\uc0b0\uc5c5 \uc804\uc8fc\uae30\u2019\ub97c \uc644\uc131\ud558\uac8c \ub410\ub2e4.\uac19\uc740 \uc0b0\ub2e8 \ub0b4\uc5d0 2019\ub144 \uc720\uce58\ud55c \ud604\ub300\ubaa8\ube44\uc2a4 \uc804\uae30\ucc28 \ubd80\ud488\uacf5\uc7a5\uc774 \uac00\ub3d9 \uc911\uc5d0 \uc788\uc5b4 \uc2dc\ub294 \ud604\ub300\ucc28 \uadf8\ub8f9\uc758 \ubbf8\ub798\ucc28 \ud575\uc2ec \ubd80\ud488\uc0dd\uc0b0\ub77c\uc778\uc744 \ubaa8\ub450 \uc720\uce58\ud558\ub294 \ucf8c\uac70\ub97c \uac70\ub450\uac8c \ub410\ub2e4.\ud574\ub2f9 \ubd80\uc9c0\ub294 \uc218\uc18c\uc0b0\uc5c5\uc744 \uc911\uc810 \uc720\uce58 \uc5c5\uc885\uc73c\ub85c \ud558\ub294 \u2018\uc6b8\uc0b0\uacbd\uc81c\uc790\uc720\uad6c\uc5ed\u2019\uc774\uba74\uc11c \uc218\uc18c\ucc28 \uc548\uc804\uac80\uc0ac\uc18c, \uc548\uc804\uc778\uc99d\uc13c\ud130, \ubd80\ud488\uae30\uc220\uc9c0\uc6d0\uc13c\ud130 \ub4f1\uc774 \uc124\ub9bd\ub420 \uc608\uc815\uc774\ub2e4.\ud5a5\ud6c4 \uc11d\uc720\ud654\ud559\ub2e8\uc9c0\uc640 \uc218\uc18c\ubc30\uad00 \uc5f0\uacb0\ub85c \ud488\uc9c8\uc2dc\ud5d8\uc6a9 \uc218\uc18c\ub3c4 \uc548\uc815\uc801\uc73c\ub85c \uacf5\uae09\ubc1b\uc744 \uc218 \uc788\uac8c \ub418\ub294 \ub4f1 \uc218\uc18c\ucc28 \uc0b0\uc5c5\uacfc \uad00\ub828\ud55c \ucd5c\uc801\uc758 \uc785\uc9c0 \uc870\uac74\uc744 \uac16\ucd94\uace0 \uc788\ub2e4.\ub610 \uc774\ud654\uc0b0\ub2e8 \ub0b4\uc5d0 \ucd94\uac00 \ud65c\uc6a9\uc774 \uac00\ub2a5\ud55c 8\ub9cc 7000\u33a1 \uaddc\ubaa8\uc758 \ubd80\uc9c0\uac00 \uc788\uc5b4 \ud5a5\ud6c4 \uc5f0\ub8cc\uc804\uc9c0 \uc218\uc694 \uc99d\uac00\uc5d0 \ub530\ub978 \uacf5\uc7a5 \ud655\uc7a5\ub3c4 \uc6a9\uc774\ud558\ub2e4.\uc1a1\ucca0\ud638 \uc2dc\uc7a5\uc740 \"\uc55e\uc73c\ub85c\ub3c4 \uc218\uc18c\uc0b0\uc5c5 \uc0dd\ud0dc\uacc4\ub97c \ub354\uc6b1 \uac15\ud654\ud558\uace0, \uc2e0\uaddc \ud22c\uc790\ub97c \uc9c0\uc18d\uc801\uc73c\ub85c \uc720\uce58\ud574 \uc6b8\uc0b0\uc774 \u2018\uc138\uacc4 \ucd5c\uace0\uc758 \uc218\uc18c\ub3c4\uc2dc\u2019\uac00 \ub3fc \uc0c8\ub85c\uc6b4 \uc77c\uc790\ub9ac\uac00 \uacc4\uc18d \ucc3d\ucd9c\ub420 \uc218 \uc788\ub3c4\ub85d \ucd5c\uc120\uc744 \ub2e4\ud558\uaca0\ub2e4\"\uace0 \ub9d0\ud588\ub2e4.\n"}, {"market": "kospi", "sid": "000760", "codename": "\uc774\ud654\uc0b0\uc5c5", "year": 2021, "month": 8, "article_url": "http://www.dizzotv.com/site/data/html_dir/2021/08/20/2021082080193.html", "news_company": "\ub514\uc9c0\ud2c0\uc870\uc120TV", "title": "\ud604\ub300\ubaa8\ube44\uc2a4, 1\uc8703\ucc9c\uc5b5\uc6d0 \ud22c\uc790\ud574 \uc778\ucc9c\u00b7\uc6b8\uc0b0\uc5d0 \uc5f0\ub8cc\uc804\uc9c0 \uacf5\uc7a5 \uad6c\ucd95", "headline": null, "date_str": null, "writer": null, "section": null, "original_article_link": null, "article_body": null}, {"market": "kospi", "sid": "000760", "codename": "\uc774\ud654\uc0b0\uc5c5", "year": 2021, "month": 8, "article_url": "http://www.consumernews.co.kr/news/articleView.html?idxno=633877", "news_company": "\uc18c\ube44\uc790\uac00 \ub9cc\ub4dc\ub294 \uc2e0\ubb38", "title": "\ud604\ub300\ubaa8\ube44\uc2a4, 1\uc8703000\uc5b5 \ud22c\uc790\ud574 \uc778\ucc9c\u00b7\uc6b8\uc0b0\uc5d0 \uc5f0\ub8cc\uc804\uc9c0 \uacf5\uc7a5 \uc138\uc6b4\ub2e4", "headline": null, "date_str": null, "writer": null, "section": null, "original_article_link": null, "article_body": null}, {"market": "kospi", "sid": "000760", "codename": "\uc774\ud654\uc0b0\uc5c5", "year": 2021, "month": 8, "article_url": "http://m.viva100.com/view.php?key=20210820010005338", "news_company": "\ube0c\ub9bf\uc9c0\uacbd\uc81c", "title": "\ud604\ub300\ubaa8\ube44\uc2a4, \uc218\uc18c\uc5f0\ub8cc\uc804\uc9c0 1\uc8703216\uc5b5 \ud22c\uc790", "headline": null, "date_str": null, "writer": null, "section": null, "original_article_link": null, "article_body": null}, {"market": "kospi", "sid": "000760", "codename": "\uc774\ud654\uc0b0\uc5c5", "year": 2021, "month": 8, "article_url": "https://m.dnews.co.kr/m_home/view.jsp?idxno=202108201647134860458", "news_company": "e\ub300\ud55c\uacbd\uc81c", "title": "\ud604\ub300\ubaa8\ube44\uc2a4, '1.3\uc870 \ud22c\uc790' \uc5f0\ub8cc\uc804\uc9c0 \uc0dd\uc0b0\uc2dc\uc124 \uad6c\ucd95", "headline": null, "date_str": null, "writer": null, "section": null, "original_article_link": null, "article_body": null}, {"market": "kospi", "sid": "000760", "codename": "\uc774\ud654\uc0b0\uc5c5", "year": 2021, "month": 8, "article_url": "http://m.kr.ajunews.com/view/20210820161835710", "news_company": "\uc544\uc8fc\uacbd\uc81c", "title": "\ud604\ub300\ubaa8\ube44\uc2a4, \uc218\uc18c\uc5f0\ub8cc\uc804\uc9c0 \uacf5\uc7a5 \uc138\uc6b4\ub2e4\u20261\uc8703216\uc5b5\uc6d0 \ud22c\uc790", "headline": null, "date_str": null, "writer": null, "section": null, "original_article_link": null, "article_body": null}, {"market": "kospi", "sid": "000760", "codename": "\uc774\ud654\uc0b0\uc5c5", "year": 2021, "month": 8, "article_url": "http://www.getnews.co.kr/news/articleView.html?idxno=546421", "news_company": "\uae00\ub85c\ubc8c\uacbd\uc81c", "title": "\ud604\ub300\ubaa8\ube44\uc2a4, \uc218\uc18c\uc5f0\ub8cc\uc804\uc9c0 \uc2e0\uacf5\uc7a5 \uc9d3\ub294\ub2e4\u2026 1\uc8703000\uc5b5\uc6d0 \ud22c\uc790", "headline": null, "date_str": null, "writer": null, "section": null, "original_article_link": null, "article_body": null}, {"market": "kospi", "sid": "000760", "codename": "\uc774\ud654\uc0b0\uc5c5", "year": 2021, "month": 8, "article_url": "https://m.news.naver.com/read?mode=LSD&mid=sec&sid1=101&oid=016&aid=0001877023", "news_company": "\ud5e4\ub7f4\ub4dc\uacbd\uc81c", "title": "\ud604\ub300\ubaa8\ube44\uc2a4, 1\uc8703200\uc5b5\uc6d0 \ud22c\uc790\u2026\uc778\ucc9c\u00b7\uc6b8\uc0b0\uc5d0 \uc5f0\ub8cc\uc804\uc9c0 \uacf5\uc7a5 \uc138\uc6b4\ub2e4", "headline": "\ud604\ub300\ubaa8\ube44\uc2a4, 1\uc8703200\uc5b5\uc6d0 \ud22c\uc790\u2026\uc778\ucc9c\u00b7\uc6b8\uc0b0\uc5d0 \uc5f0\ub8cc\uc804\uc9c0 \uacf5\uc7a5 \uc138\uc6b4\ub2e4", "date_str": "2021.08.20. \uc624\ud6c4 4:46", "writer": "\uc815\ucc2c\uc218 \uae30\uc790", "section": "\uacbd\uc81c", "original_article_link": "http://news.heraldcorp.com/view.php?ud=20210820000750", "article_body": "\n\ud558\ubc18\uae30 \ucc29\uacf5\u20262023\ub144 \uac00\ub3d9 \uc608\uc815\n\n\n\n[\ud5e4\ub7f4\ub4dc\uacbd\uc81c=\uc815\ucc2c\uc218 \uae30\uc790] \ud604\ub300\ubaa8\ube44\uc2a4\uac00 20\uc77c \uc774\uc0ac\ud68c\ub97c \uc5f4\uace0 \uc5f0\ub8cc\uc804\uc9c0 \uc0dd\uc0b0\uc2dc\uc124 \uad6c\ucd95\uc5d0 1\uc8703216\uc5b5\uc6d0\uc744 \ud22c\uc790\ud558\ub294 \uc548\uac74\uc744 \uc2b9\uc778\ud588\ub2e4\uace0 \uacf5\uc2dc\ud588\ub2e4.\uc774\ubc88 \ud22c\uc790\ub294 \uc5f0\ub8cc\uc804\uc9c0 \uc81c\ud488 \uacbd\uc7c1\ub825\uc744 \uac15\ud654\ud558\uace0 \uc591\uc0b0 \ud6a8\uc728\ud654\ub97c \uc704\ud55c \uc0dd\uc0b0 \ub2a5\ub825\uc744 \ud655\ubcf4\ud558\uae30 \uc704\ud55c \uac83\uc774\ub2e4.\ud604\ub300\ubaa8\ube44\uc2a4\ub294 \uc778\ucc9c \uccad\ub77c\uad6d\uc81c\ub3c4\uc2dc IHP \ub3c4\uc2dc\ucca8\ub2e8 \uc0b0\uc5c5\ub2e8\uc9c0\uc640 \uc6b8\uc0b0 \uc774\ud654 \uc77c\ubc18\uc0b0\uc5c5\ub2e8\uc9c0\uc5d0 \uc218\uc18c\uc5f0\ub8cc\uc804\uc9c0 \uc0dd\uc0b0\uc744 \uc704\ud55c \uc2e0\uaddc \uac70\uc810\uc744 \uad6c\ucd95\ud560 \uc608\uc815\uc774\ub2e4. \uc62c\ud574 \ud558\ubc18\uae30 \ucc29\uacf5\uc5d0 \ub4e4\uc5b4\uac00 \uc624\ub294 2023\ub144\ubd80\ud130 \uac00\ub3d9\ud560 \uc608\uc815\uc774\ub2e4. \uacf5\uc7a5\uc758 \uc0dd\uc0b0 \ub2a5\ub825 \ub4f1\uc740 \uc544\uc9c1 \uc815\ud574\uc9c0\uc9c0 \uc54a\uc740 \uac83\uc73c\ub85c \uc54c\ub824\uc84c\ub2e4.\uc774\ud6c4 \uc778\ucc9c \uccad\ub77c\uacf5\uc7a5\uc5d0\uc11c\ub294 \uc5f0\ub8cc\uc804\uc9c0\uc2a4\ud0dd(\uc804\uae30\ubc1c\uc0dd\uc7a5\uce58)\uc744 \uc0dd\uc0b0\ud558\uace0, \uc774\ub97c \uc6b8\uc0b0\uacf5\uc7a5\uc5d0\uc11c \uc5f0\ub8cc\uc804\uc9c0\uc2dc\uc2a4\ud15c\uc73c\ub85c \ucd5c\uc885 \uc81c\ud488\ud654\ud574 \uc644\uc131\ucc28\uc5d0 \uacf5\uae09\ud560 \uc608\uc815\uc774\ub2e4.\ud604\ub300\ubaa8\ube44\uc2a4 \uad00\uacc4\uc790\ub294 \u201c\uc774\ubc88 \uc2e0\uaddc \uac70\uc810 \ud22c\uc790\ub97c \ud1b5\ud574 \ucc28\uc138\ub300 \uc5f0\ub8cc\uc804\uc9c0\uc2dc\uc2a4\ud15c\uc758 \ud6a8\uc728\uc801\uc778 \uacf5\uae09\ub9dd\uc744 \uad6c\ucd95\ud558\uace0, \uc218\uc18c \uc0dd\ud0dc\uacc4 \ud655\ub300\uc5d0 \uc0c8\ub85c\uc6b4 \uacc4\uae30\ub97c \ub9c8\ub828\ud560 \uac83\uc73c\ub85c \uae30\ub300\ud55c\ub2e4\u201d\uace0 \ub9d0\ud588\ub2e4.\n"}, {"market": "kospi", "sid": "000760", "codename": "\uc774\ud654\uc0b0\uc5c5", "year": 2021, "month": 8, "article_url": "https://m.news.naver.com/read?mode=LSD&mid=sec&sid1=103&oid=030&aid=0002964118", "news_company": "\uc804\uc790\uc2e0\ubb38\uc5b8\ub860\uc0ac \uc120\uc815", "title": "\ud604\ub300\ubaa8\ube44\uc2a4, \uc218\uc18c\uc5f0\ub8cc\uc804\uc9c0 \u65b0 \uacf5\uc7a5 \uac74\uc124\uc5d0 1.3\uc870 \ud22c\uc790...\uc5ed\ub300 \ucd5c\ub300 \uaddc\ubaa8", "headline": "\ud604\ub300\ubaa8\ube44\uc2a4, \uc218\uc18c\uc5f0\ub8cc\uc804\uc9c0 \u65b0 \uacf5\uc7a5 \uac74\uc124\uc5d0 1.3\uc870 \ud22c\uc790...\uc5ed\ub300 \ucd5c\ub300 \uaddc\ubaa8", "date_str": "2021.08.20. \uc624\ud6c4 4:43", "writer": "\ubc15\uc9c4\ud615 \uae30\uc790", "section": "\uc0dd\ud65c", "original_article_link": "http://www.etnews.com/20210820000177", "article_body": "\n\n\n\n\n\ud604\ub300\uc790\ub3d9\ucc28 \uc218\uc18c\uc5f0\ub8cc\uc804\uc9c0\uc640 \uc2b9\uc6a9 \uc218\uc18c\uc804\uae30\ucc28 \ub125\uc3d8\ud604\ub300\ubaa8\ube44\uc2a4\uac00 1\uc8703216\uc5b5\uc6d0\uc744 \ub4e4\uc5ec \uc218\uc18c\uc5f0\ub8cc\uc804\uc9c0 \uc0dd\uc0b0 \uc2e0\uaddc \uac70\uc810 \ub450 \uacf3\uc744 \uac74\uc124\ud55c\ub2e4. \ucda9\uc8fc \uc81c1\uacf5\uc7a5\uc744 \uc138\uc6b8 \ub54c \ud22c\uc790\ud55c 700\uc5b5\uc6d0\uacfc \ube44\uad50\ud574 19\ubc30\uac00 \ub118\ub294 \uaddc\ubaa8\ub2e4. \uc218\uc18c\uc804\uae30\ucc28 \uc0dd\uc0b0 \ud655\ub300\ub294 \ubb3c\ub860, \uc218\uc18c\uc5f0\ub8cc\uc804\uc9c0 \ubaa8\ub4c8 \ub4f1 \ubd80\ud488\uc0ac\uc5c5 \ud655\ub300\uae4c\uc9c0 \uace0\ub824\ud55c \uc870\uce58\ub85c \ud480\uc774\ub41c\ub2e4.\ud604\ub300\ubaa8\ube44\uc2a4\ub294 \uc2e0\uaddc \uc5f0\ub8cc\uc804\uc9c0 \uc0dd\uc0b0\uc2dc\uc124\uc744 \uad6c\ucd95\ud558\uae30 \uc704\ud574 1\uc8703216\uc5b5\uc6d0\uc758 \ud22c\uc790\uc5d0 \ub300\ud55c \uc548\uac74\uc744 \uc774\uc0ac\ud68c\uc5d0\uc11c \uc2b9\uc778\ud588\ub2e4\uace0 20\uc77c \uacf5\uc2dc\ud588\ub2e4.\ud604\ub300\ubaa8\ube44\uc2a4\ub294 \ucda9\uc8fc\uc5d0 \uc774\uc5b4 \ud604\ub300\ubaa8\ube44\uc2a4\uac00 \uc778\ucc9c \uccad\ub77c\uad6d\uc81c\ub3c4\uc2dc IHP \ub3c4\uc2dc\ucca8\ub2e8 \uc0b0\uc5c5\ub2e8\uc9c0\uc640 \uc6b8\uc0b0 \uc774\ud654 \uc77c\ubc18\uc0b0\uc5c5\ub2e8\uc9c0\uc5d0 \uc218\uc18c\uc5f0\ub8cc\uc804\uc9c0 \uc0dd\uc0b0\uc744 \uc704\ud55c \uc2e0\uaddc \uac70\uc810\uc744 \uad6c\ucd95\ud558\uae30\ub85c \ud588\ub2e4. \uc62c \ud558\ubc18\uae30 \ucc29\uacf5\uc5d0 \ub4e4\uc5b4\uac00 2023\ub144\ubd80\ud130 \uac00\ub3d9\ud560 \uc608\uc815\uc774\uba70 \uad00\ub828 \ud22c\uc790\ub294 2025\ub144 \ub9d0\uae4c\uc9c0 \uc774\ub904\uc9c4\ub2e4.\uc774\ubc88 \ud22c\uc790\ub294 \uc5f0\ub8cc\uc804\uc9c0 \uc81c\ud488\uacbd\uc7c1\ub825\uc744 \uac15\ud654\ud558\uace0 \uc591\uc0b0 \ud6a8\uc728\ud654\ub97c \uc704\ud55c \uc0dd\uc0b0\ub2a5\ub825 \ud655\ubcf4\uac00 \ubaa9\uc801\uc774\ub2e4. \ucda9\uc8fc\uacf5\uc7a5\uc740 \uc218\uc18c\uc5f0\ub8cc\uc804\uc9c0\ub97c \uc5f0\uac04 3000\ub300 \uc0dd\uc0b0\ud560 \uc218 \uc788\ub294 \uaddc\ubaa8\uc600\ub2e4. \uc218\uc18c\uc5f0\ub8cc\uc804\uc9c0 \uc218\uc694\uac00 \ub192\uc544\uc9c0\uba74\uc11c \ucd94\uac00 \uc0dd\uc0b0\uc124\ube44\uac00 \ud544\uc694\ud588\ub2e4\ub294 \uc124\uba85\uc774\ub2e4.\ud604\ub300\ubaa8\ube44\uc2a4\ub294 \uc2e0\uaddc \uacf5\uc7a5\uc758 \uc5f0\uac04 \ucd5c\ub300 \uc0dd\uc0b0\ub7c9 \ub4f1 \uad6c\uccb4\uc801 \uc815\ubcf4\uc5d0 \ub300\ud574 \ubc1d\ud788\uc9c0 \uc54a\uc558\uc73c\ub098 \ud22c\uc790\uc561\ub9cc\uc73c\ub85c \ucd94\uc815\ud560 \ub54c \ucd5c\ub300 \uc5f0\uac04 5\ub9cc\ub300 \uc774\uc0c1\uc77c \uac83\uc73c\ub85c \uc608\uc0c1\ub41c\ub2e4. \ud604\ub300\ucc28\uadf8\ub8f9\uc740 \uc218\uc18c\uc5f0\ub8cc\uc804\uc9c0\ub97c \uc790\ub3d9\ucc28\ubfd0 \uc544\ub2c8\ub77c \uc5f4\ucc28\u00b7\uc120\ubc15\u00b7\ub3c4\uc2ec\ud56d\uacf5\ubaa8\ube4c\ub9ac\ud2f0(UAM) \ub4f1\uc5d0 \uc801\uc6a9\uc744 \uacc4\ud68d\ud558\uace0 \uc788\uc5b4 \uc218\uc694\ub294 \uc9c0\uc18d\uc801\uc73c\ub85c \ub298\uc5b4\ub0a0 \uc804\ub9dd\uc774\ub2e4.\ud604\ub300\ubaa8\ube44\uc2a4\uac00 \ud574\uc678\uac00 \uc544\ub2cc \uad6d\ub0b4\uc5d0 \uc218\uc18c\uc5f0\ub8cc\uc804\uc9c0 \uc0dd\uc0b0 \uacf5\uc7a5\uc744 \uc9d3\ub294 \uac74 \uc218\uc18c\uc5f0\ub8cc\uc804\uc9c0\uc2dc\uc2a4\ud15c\uc774 \uad6d\uac00\ud575\uc2ec\uae30\uc220\ub85c \uad00\ub9ac\ubc1b\uae30 \ub54c\ubb38\uc774\ub2e4. \uae30\uc220 \uc720\ucd9c \uac00\ub2a5\uc131 \ub4f1\uc774 \uc788\uae30 \ub54c\ubb38\uc774\ub2e4. \ud604\ub300\ucc28\uadf8\ub8f9\uc774 \uc911\uad6d \uad11\uc800\uc6b0\uc5d0 \uc138\uc6b4 \uc218\uc18c\uc5f0\ub8cc\uc804\uc9c0 \uc0dd\uc0b0\ubc95\uc778\uc774 \ud6c4\ubc18\ubd80 \uacf5\uc815\ub9cc \uc218\ud589\ud558\ub294 \uc774\uc720\ub3c4 \uac19\uc740 \ub9e5\ub77d\uc774\ub2e4.\uacf5\uc7a5\ubcc4\ub85c \uc778\ucc9c \uccad\ub77c \uc2e0\uaddc \uacf5\uc7a5\uc740 \uc218\uc18c\uc5f0\ub8cc\uc804\uc9c0 \uc2a4\ud0dd\uc744 \uc0dd\uc0b0\ud558\ub294 \uc5ed\ud560\uc744 \ud575\uc2ec \uae30\uc9c0\ub85c \uc5ed\ud560\uc744 \uc218\ud589\ud55c\ub2e4. \uc218\uc18c\uc5f0\ub8cc\uc804\uc9c0 \uc2a4\ud0dd\uc5d0 \uac1c\uc9c8\uae30, \uc804\ub825\ubcc0\ud658\uae30 \ub4f1\uc744 \ub354\ud55c \uc218\uc18c\uc5f0\ub8cc\uc804\uc9c0\uc2dc\uc2a4\ud15c\uc740 \uc6b8\uc0b0 \uc2e0\uaddc\uacf5\uc7a5\uc5d0\uc11c \ub9cc\ub4e4\uc5b4\uc9c4\ub2e4.\ud604\uc7ac \ud604\ub300\ucc28\ub294 \uc6b8\uc0b0 5\uacf5\uc7a5\uc5d0\uc11c \uc2b9\uc6a9 \uc218\uc18c\uc804\uae30\ucc28 '\ub125\uc3d8'\ub97c, \uc804\uc8fc \uacf5\uc7a5\uc5d0\uc11c \uc218\uc18c\uc804\uae30 \uc0c1\uc6a9\ud2b8\ub7ed '\uc5d1\uc2dc\uc5b8\ud2b8 \ud4e8\uc5bc\uc140'\uacfc \uc218\uc18c\uc804\uae30 \ubc84\uc2a4 '\uc77c\ub809\uc2dc\ud2f0 FCEV'\ub97c \uc0dd\uc0b0\ud558\uace0 \uc788\ub2e4.\ud604\ub300\ubaa8\ube44\uc2a4\uac00 \ub300\uaddc\ubaa8 \ud22c\uc790\ub97c \ub2e8\ud589\ud558\uba74\uc11c \uad00\ub828 \uc218\uc18c\uc5f0\ub8cc\uc804\uc9c0 \uad00\ub828 \ubd80\ud488 \ud611\ub825\uc0ac\ub4e4\ub3c4 \uc0dd\uc0b0\ub7c9 \uc99d\ub300\ub97c \uc704\ud55c \uc2e0\uaddc \ud22c\uc790\uc5d0 \ub098\uc124 \uac83\uc73c\ub85c \uae30\ub300\ub41c\ub2e4.\ud604\ub300\ubaa8\ube44\uc2a4 \uad00\uacc4\uc790\ub294 \u201c\uc2e0\uaddc \uc218\uc18c\uc5f0\ub8cc\uc804\uc9c0 \uacf5\uc7a5\uacfc \uad00\ub828\ud55c \uad6c\uccb4\uc801\uc778 \ub0b4\uc6a9\uc740 \ucd94\ud6c4 \ubc1c\ud45c\ud560 \uc608\uc815\u201d\uc774\ub77c\uace0 \ub9d0\uc744 \uc544\uaf08\ub2e4.\n"}, {"market": "kospi", "sid": "000760", "codename": "\uc774\ud654\uc0b0\uc5c5", "year": 2021, "month": 8, "article_url": "http://www.enewstoday.co.kr/news/articleView.html?idxno=1506033", "news_company": "\uc774\ub274\uc2a4\ud22c\ub370\uc774", "title": "\ud604\ub300\ubaa8\ube44\uc2a4, 1.3\uc870 \ud22c\uc790 \uc778\ucc9c\u00b7\uc6b8\uc0b0\uc5d0 \uc5f0\ub8cc\uc804\uc9c0 \uacf5\uc7a5 \uac74\ub9bd", "headline": null, "date_str": null, "writer": null, "section": null, "original_article_link": null, "article_body": null}, {"market": "kospi", "sid": "000760", "codename": "\uc774\ud654\uc0b0\uc5c5", "year": 2021, "month": 8, "article_url": "http://www.ftoday.co.kr/news/articleView.html?idxno=222345", "news_company": "\ud30c\uc774\ub0b8\uc15c\ud22c\ub370\uc774", "title": "\ud604\ub300\ubaa8\ube44\uc2a4, 1.3\uc870 \ud22c\uc790 \uc218\uc18c\uc5f0\ub8cc\uc804\uc9c0 \uacf5\uc7a5 \uc9d3\ub294\ub2e4", "headline": null, "date_str": null, "writer": null, "section": null, "original_article_link": null, "article_body": null}, {"market": "kospi", "sid": "000760", "codename": "\uc774\ud654\uc0b0\uc5c5", "year": 2021, "month": 8, "article_url": "http://m.cnbnews.com/m/m_article.html?no=507022", "news_company": "CNB\ub274\uc2a4", "title": "\uc6b8\uc0b0 \uc218\uc18c\uc804\uae30\ucc28 \ud575\uc2ec\ubd80\ud488 \uccab \ud22c\uc790\ub85c \ubbf8\ub798\ucc28 \uc0b0\uc5c5\uc0dd\ud0dc\uacc4 \uad6c\ucd95", "headline": null, "date_str": null, "writer": null, "section": null, "original_article_link": null, "article_body": null}, {"market": "kospi", "sid": "000760", "codename": "\uc774\ud654\uc0b0\uc5c5", "year": 2021, "month": 8, "article_url": "http://m.newsway.co.kr/news/view?tp=1&ud=2021082016350068080", "news_company": "\ub274\uc2a4\uc6e8\uc774", "title": "\ud604\ub300\ubaa8\ube44\uc2a4, \uc778\ucc9c\u00b7\uc6b8\uc0b0\uc5d0 \uc5f0\ub8cc\uc804\uc9c0 \uacf5\uc7a5\u20262025\ub144\uae4c\uc9c0 1\uc8703216\uc5b5 \ud22c\uc790", "headline": null, "date_str": null, "writer": null, "section": null, "original_article_link": null, "article_body": null}, {"market": "kospi", "sid": "000760", "codename": "\uc774\ud654\uc0b0\uc5c5", "year": 2021, "month": 8, "article_url": "https://m.news.naver.com/read?mode=LSD&mid=sec&sid1=101&oid=032&aid=0003093093", "news_company": "\uacbd\ud5a5\uc2e0\ubb38", "title": "\ud604\ub300\ubaa8\ube44\uc2a4, \uc778\ucc9c\u00b7\uc6b8\uc0b0\uc5d0 \uc218\uc18c\uc5f0\ub8cc\uc804\uc9c0 \uacf5\uc7a5 \uc9d3\ub294\ub2e4\u00b7\u00b7\u00b71.3\uc870 \ud22c\uc785", "headline": "\ud604\ub300\ubaa8\ube44\uc2a4, \uc778\ucc9c\u00b7\uc6b8\uc0b0\uc5d0 \uc218\uc18c\uc5f0\ub8cc\uc804\uc9c0 \uacf5\uc7a5 \uc9d3\ub294\ub2e4\u00b7\u00b7\u00b71.3\uc870 \ud22c\uc785", "date_str": "2021.08.20. \uc624\ud6c4 4:30", "writer": null, "section": "\uacbd\uc81c", "original_article_link": "http://biz.khan.co.kr/khan_art_view.html?artid=202108201629001&code=920501", "article_body": "\n\t\t\t[\uacbd\ud5a5\uc2e0\ubb38] \n\n\n\n\ud604\ub300\ubaa8\ube44\uc2a4\uac00 \uc644\uc131\ucc28\uc5d0 \uacf5\uae09\ud560 \uc218\uc18c\uc5f0\ub8cc\uc804\uc9c0 \uc0ac\uc5c5\uc5d0 \uc18d\ub3c4\ub97c \ub0b8\ub2e4. \ud604\ub300\ubaa8\ube44\uc2a4\ub294 20\uc77c \uc774\uc0ac\ud68c\ub97c \uc5f4\uc5b4 \uc5f0\ub8cc\uc804\uc9c0 \uc0dd\uc0b0\uc2dc\uc124 \uad6c\ucd95\uc5d0 1\uc8703216\uc5b5\uc6d0\uc744 \ud22c\uc790\ud558\ub294 \uc548\uac74\uc744 \uc2b9\uc778\ud588\ub2e4\uace0 \uacf5\uc2dc\ud588\ub2e4. \uc774\ubc88 \ud22c\uc790\ub294 \uc5f0\ub8cc\uc804\uc9c0 \uc81c\ud488 \uacbd\uc7c1\ub825\uc744 \uac15\ud654\ud558\uace0 \uc591\uc0b0 \ud6a8\uc728\ud654\ub97c \uc704\ud55c \uc0dd\uc0b0 \ub2a5\ub825\uc744 \ud655\ubcf4\ud558\uae30 \uc704\ud55c \uac83\uc774\ub77c\uace0 \ud604\ub300\ubaa8\ube44\uc2a4\ub294 \uc124\uba85\ud588\ub2e4.\ud604\ub300\ubaa8\ube44\uc2a4\ub294 \uc778\ucc9c \uccad\ub77c\uad6d\uc81c\ub3c4\uc2dc IHP \ub3c4\uc2dc\ucca8\ub2e8 \uc0b0\uc5c5\ub2e8\uc9c0\uc640 \uc6b8\uc0b0 \uc774\ud654 \uc77c\ubc18\uc0b0\uc5c5\ub2e8\uc9c0\uc5d0 \uc218\uc18c\uc5f0\ub8cc\uc804\uc9c0 \uc0dd\uc0b0\uc744 \uc704\ud55c \uc2e0\uaddc \uac70\uc810\uc744 \uad6c\ucd95\ud560 \uc608\uc815\uc774\ub2e4. \uc62c\ud574 \ud558\ubc18\uae30 \ucc29\uacf5\uc5d0 \ub4e4\uc5b4\uac00 2023\ub144\ubd80\ud130 \uac00\ub3d9\ud560 \uacc4\ud68d\uc774\ub2e4. \uc778\ucc9c \uacf5\uc7a5\uc5d0\uc11c\ub294 \uc5f0\ub8cc\uc804\uc9c0\uc2a4\ud0dd(\uc804\uae30\ubc1c\uc0dd\uc7a5\uce58)\uc744 \uc0dd\uc0b0\ud558\uace0, \uc774\ub97c \uc6b8\uc0b0\uacf5\uc7a5\uc5d0\uc11c \uc5f0\ub8cc\uc804\uc9c0\uc2dc\uc2a4\ud15c\uc73c\ub85c \uc81c\ud488\ud654\ud574 \uc644\uc131\ucc28\uc5d0 \uacf5\uae09\ud55c\ub2e4\ub294 \uad6c\uc0c1\uc774\ub2e4. \ud604\ub300\ubaa8\ube44\uc2a4 \uad00\uacc4\uc790\ub294 \u201c\uc774\ubc88 \uc2e0\uaddc \uac70\uc810 \ud22c\uc790\ub97c \ud1b5\ud574 \ucc28\uc138\ub300 \uc5f0\ub8cc\uc804\uc9c0 \uc2dc\uc2a4\ud15c\uc758 \ud6a8\uc728\uc801\uc778 \uacf5\uae09\ub9dd\uc744 \uad6c\ucd95\ud558\uace0 \uc218\uc18c \uc0dd\ud0dc\uacc4 \ud655\ub300\uc5d0 \uc0c8\ub85c\uc6b4 \uacc4\uae30\ub97c \ub9c8\ub828\ud560 \uac83\uc73c\ub85c \uae30\ub300\ud55c\ub2e4\u201d\uace0 \ub9d0\ud588\ub2e4. \uc218\uc18c\uc5f0\ub8cc\uc804\uc9c0\uc2dc\uc2a4\ud15c\uc740 \uc218\uc18c\ucc28 \uc0dd\uc0b0\ube44\uc758 40%\ub97c \ucc28\uc9c0\ud558\ub294 \uace0\ubd80\uac00\uac00\uce58 \ud575\uc2ec \ubd80\ud488\uc774\ub2e4. \ud604\ub300\uc790\ub3d9\ucc28\ub294 \ud604\uc7ac 1\ub9cc7000\ub300 \uaddc\ubaa8\uc758 \uc218\uc18c\ucc28 \uc0dd\uc0b0\uc124\ube44\ub97c 2030\ub144\uae4c\uc9c0 50\ub9cc\ub300 \uaddc\ubaa8\ub85c \ud655\ub300\ud55c\ub2e4\ub294 \uacc4\ud68d\uc744 \uc138\uc6e0\ub2e4.\n\t\t"}, {"market": "kospi", "sid": "000760", "codename": "\uc774\ud654\uc0b0\uc5c5", "year": 2021, "month": 8, "article_url": "http://www.newsfc.co.kr/news/articleView.html?idxno=47574", "news_company": "\uae08\uc735\uc18c\ube44\uc790\ub274\uc2a4", "title": "\ud604\ub300\ubaa8\ube44\uc2a4, \uc778\ucc9c\u00b7\uc6b8\uc0b0\uc5d0 \uc218\uc18c\uc5f0\ub8cc\uc804\uc9c0 \uacf5\uc7a5 \uc138\uc6b4\ub2e4", "headline": null, "date_str": null, "writer": null, "section": null, "original_article_link": null, "article_body": null}, {"market": "kospi", "sid": "000760", "codename": "\uc774\ud654\uc0b0\uc5c5", "year": 2021, "month": 8, "article_url": "http://m.cnbnews.com/m/m_article.html?no=507022", "news_company": "CNB\ub274\uc2a4", "title": "\uc6b8\uc0b0 \uc218\uc18c\uc804\uae30\ucc28 \ud575\uc2ec\ubd80\ud488 \uccab \ud22c\uc790\ub85c \ubbf8\ub798\ucc28 \uc0b0\uc5c5\uc0dd\ud0dc\uacc4 \uad6c\ucd95", "headline": null, "date_str": null, "writer": null, "section": null, "original_article_link": null, "article_body": null}, {"market": "kospi", "sid": "000760", "codename": "\uc774\ud654\uc0b0\uc5c5", "year": 2021, "month": 8, "article_url": "http://www.ftoday.co.kr/news/articleView.html?idxno=222345", "news_company": "\ud30c\uc774\ub0b8\uc15c\ud22c\ub370\uc774", "title": "\ud604\ub300\ubaa8\ube44\uc2a4, 1.3\uc870 \ud22c\uc790 \uc218\uc18c\uc5f0\ub8cc\uc804\uc9c0 \uacf5\uc7a5 \uc9d3\ub294\ub2e4", "headline": null, "date_str": null, "writer": null, "section": null, "original_article_link": null, "article_body": null}, {"market": "kospi", "sid": "000760", "codename": "\uc774\ud654\uc0b0\uc5c5", "year": 2021, "month": 8, "article_url": "http://m.newsway.co.kr/news/view?tp=1&ud=2021082016350068080", "news_company": "\ub274\uc2a4\uc6e8\uc774", "title": "\ud604\ub300\ubaa8\ube44\uc2a4, \uc778\ucc9c\u00b7\uc6b8\uc0b0\uc5d0 \uc5f0\ub8cc\uc804\uc9c0 \uacf5\uc7a5\u20262025\ub144\uae4c\uc9c0 1\uc8703216\uc5b5 \ud22c\uc790", "headline": null, "date_str": null, "writer": null, "section": null, "original_article_link": null, "article_body": null}, {"market": "kospi", "sid": "000760", "codename": "\uc774\ud654\uc0b0\uc5c5", "year": 2021, "month": 8, "article_url": "https://m.news.naver.com/read?mode=LSD&mid=sec&sid1=101&oid=032&aid=0003093093", "news_company": "\uacbd\ud5a5\uc2e0\ubb38", "title": "\ud604\ub300\ubaa8\ube44\uc2a4, \uc778\ucc9c\u00b7\uc6b8\uc0b0\uc5d0 \uc218\uc18c\uc5f0\ub8cc\uc804\uc9c0 \uacf5\uc7a5 \uc9d3\ub294\ub2e4\u00b7\u00b7\u00b71.3\uc870 \ud22c\uc785", "headline": "\ud604\ub300\ubaa8\ube44\uc2a4, \uc778\ucc9c\u00b7\uc6b8\uc0b0\uc5d0 \uc218\uc18c\uc5f0\ub8cc\uc804\uc9c0 \uacf5\uc7a5 \uc9d3\ub294\ub2e4\u00b7\u00b7\u00b71.3\uc870 \ud22c\uc785", "date_str": "2021.08.20. \uc624\ud6c4 4:30", "writer": null, "section": "\uacbd\uc81c", "original_article_link": "http://biz.khan.co.kr/khan_art_view.html?artid=202108201629001&code=920501", "article_body": "\n\t\t\t[\uacbd\ud5a5\uc2e0\ubb38] \n\n\n\n\ud604\ub300\ubaa8\ube44\uc2a4\uac00 \uc644\uc131\ucc28\uc5d0 \uacf5\uae09\ud560 \uc218\uc18c\uc5f0\ub8cc\uc804\uc9c0 \uc0ac\uc5c5\uc5d0 \uc18d\ub3c4\ub97c \ub0b8\ub2e4. \ud604\ub300\ubaa8\ube44\uc2a4\ub294 20\uc77c \uc774\uc0ac\ud68c\ub97c \uc5f4\uc5b4 \uc5f0\ub8cc\uc804\uc9c0 \uc0dd\uc0b0\uc2dc\uc124 \uad6c\ucd95\uc5d0 1\uc8703216\uc5b5\uc6d0\uc744 \ud22c\uc790\ud558\ub294 \uc548\uac74\uc744 \uc2b9\uc778\ud588\ub2e4\uace0 \uacf5\uc2dc\ud588\ub2e4. \uc774\ubc88 \ud22c\uc790\ub294 \uc5f0\ub8cc\uc804\uc9c0 \uc81c\ud488 \uacbd\uc7c1\ub825\uc744 \uac15\ud654\ud558\uace0 \uc591\uc0b0 \ud6a8\uc728\ud654\ub97c \uc704\ud55c \uc0dd\uc0b0 \ub2a5\ub825\uc744 \ud655\ubcf4\ud558\uae30 \uc704\ud55c \uac83\uc774\ub77c\uace0 \ud604\ub300\ubaa8\ube44\uc2a4\ub294 \uc124\uba85\ud588\ub2e4.\ud604\ub300\ubaa8\ube44\uc2a4\ub294 \uc778\ucc9c \uccad\ub77c\uad6d\uc81c\ub3c4\uc2dc IHP \ub3c4\uc2dc\ucca8\ub2e8 \uc0b0\uc5c5\ub2e8\uc9c0\uc640 \uc6b8\uc0b0 \uc774\ud654 \uc77c\ubc18\uc0b0\uc5c5\ub2e8\uc9c0\uc5d0 \uc218\uc18c\uc5f0\ub8cc\uc804\uc9c0 \uc0dd\uc0b0\uc744 \uc704\ud55c \uc2e0\uaddc \uac70\uc810\uc744 \uad6c\ucd95\ud560 \uc608\uc815\uc774\ub2e4. \uc62c\ud574 \ud558\ubc18\uae30 \ucc29\uacf5\uc5d0 \ub4e4\uc5b4\uac00 2023\ub144\ubd80\ud130 \uac00\ub3d9\ud560 \uacc4\ud68d\uc774\ub2e4. \uc778\ucc9c \uacf5\uc7a5\uc5d0\uc11c\ub294 \uc5f0\ub8cc\uc804\uc9c0\uc2a4\ud0dd(\uc804\uae30\ubc1c\uc0dd\uc7a5\uce58)\uc744 \uc0dd\uc0b0\ud558\uace0, \uc774\ub97c \uc6b8\uc0b0\uacf5\uc7a5\uc5d0\uc11c \uc5f0\ub8cc\uc804\uc9c0\uc2dc\uc2a4\ud15c\uc73c\ub85c \uc81c\ud488\ud654\ud574 \uc644\uc131\ucc28\uc5d0 \uacf5\uae09\ud55c\ub2e4\ub294 \uad6c\uc0c1\uc774\ub2e4. \ud604\ub300\ubaa8\ube44\uc2a4 \uad00\uacc4\uc790\ub294 \u201c\uc774\ubc88 \uc2e0\uaddc \uac70\uc810 \ud22c\uc790\ub97c \ud1b5\ud574 \ucc28\uc138\ub300 \uc5f0\ub8cc\uc804\uc9c0 \uc2dc\uc2a4\ud15c\uc758 \ud6a8\uc728\uc801\uc778 \uacf5\uae09\ub9dd\uc744 \uad6c\ucd95\ud558\uace0 \uc218\uc18c \uc0dd\ud0dc\uacc4 \ud655\ub300\uc5d0 \uc0c8\ub85c\uc6b4 \uacc4\uae30\ub97c \ub9c8\ub828\ud560 \uac83\uc73c\ub85c \uae30\ub300\ud55c\ub2e4\u201d\uace0 \ub9d0\ud588\ub2e4. \uc218\uc18c\uc5f0\ub8cc\uc804\uc9c0\uc2dc\uc2a4\ud15c\uc740 \uc218\uc18c\ucc28 \uc0dd\uc0b0\ube44\uc758 40%\ub97c \ucc28\uc9c0\ud558\ub294 \uace0\ubd80\uac00\uac00\uce58 \ud575\uc2ec \ubd80\ud488\uc774\ub2e4. \ud604\ub300\uc790\ub3d9\ucc28\ub294 \ud604\uc7ac 1\ub9cc7000\ub300 \uaddc\ubaa8\uc758 \uc218\uc18c\ucc28 \uc0dd\uc0b0\uc124\ube44\ub97c 2030\ub144\uae4c\uc9c0 50\ub9cc\ub300 \uaddc\ubaa8\ub85c \ud655\ub300\ud55c\ub2e4\ub294 \uacc4\ud68d\uc744 \uc138\uc6e0\ub2e4.\n\t\t"}, {"market": "kospi", "sid": "000760", "codename": "\uc774\ud654\uc0b0\uc5c5", "year": 2021, "month": 8, "article_url": "http://www.newsfc.co.kr/news/articleView.html?idxno=47574", "news_company": "\uae08\uc735\uc18c\ube44\uc790\ub274\uc2a4", "title": "\ud604\ub300\ubaa8\ube44\uc2a4, \uc778\ucc9c\u00b7\uc6b8\uc0b0\uc5d0 \uc218\uc18c\uc5f0\ub8cc\uc804\uc9c0 \uacf5\uc7a5 \uc138\uc6b4\ub2e4", "headline": null, "date_str": null, "writer": null, "section": null, "original_article_link": null, "article_body": null}, {"market": "kospi", "sid": "000760", "codename": "\uc774\ud654\uc0b0\uc5c5", "year": 2021, "month": 8, "article_url": "https://m.ilyo.co.kr/?ac=article_view&entry_id=409864", "news_company": "\uc77c\uc694\uc2e0\ubb38", "title": "\ud604\ub300\ubaa8\ube44\uc2a4, \uc218\uc18c\uc5f0\ub8cc\uc804\uc9c0 \uc0dd\uc0b0\uc2dc\uc124 \uad6c\ucd95\uc5d0 1.3\uc870 \ud22c\uc785", "headline": null, "date_str": null, "writer": null, "section": null, "original_article_link": null, "article_body": null}, {"market": "kospi", "sid": "000760", "codename": "\uc774\ud654\uc0b0\uc5c5", "year": 2021, "month": 8, "article_url": "https://m.news.naver.com/read?mode=LSD&mid=sec&sid1=101&oid=056&aid=0011105236", "news_company": "KBS", "title": "\ud604\ub300\ubaa8\ube44\uc2a4, 1.3\uc870 \ud22c\uc790\ud574 \uc218\uc18c\uc5f0\ub8cc\uc804\uc9c0 \uacf5\uc7a5 \uac74\ub9bd", "headline": "\ud604\ub300\ubaa8\ube44\uc2a4, 1.3\uc870 \ud22c\uc790\ud574 \uc218\uc18c\uc5f0\ub8cc\uc804\uc9c0 \uacf5\uc7a5 \uac74\ub9bd", "date_str": "2021.08.20. \uc624\ud6c4 4:22", "writer": "\uc6b0\uc815\ud654 \uae30\uc790", "section": "\uacbd\uc81c", "original_article_link": "https://news.kbs.co.kr/news/view.do?ncd=5260955&amp;ref=A", "article_body": "\n\n\n\n\n\ud604\ub300\ubaa8\ube44\uc2a4\uac00 \uc5f0\ub8cc\uc804\uc9c0 \uc0dd\uc0b0\uc2dc\uc124 \uad6c\ucd95\uc5d0 \ub098\uc11c\ub294 \ub4f1 \uc218\uc18c\uc5f0\ub8cc\uc804\uc9c0 \uc0ac\uc5c5\uc5d0 \uc18d\ub3c4\ub97c \ub0b4\uace0 \uc788\uc2b5\ub2c8\ub2e4.  \ud604\ub300\ubaa8\ube44\uc2a4\ub294 \uc624\ub298(20\uc77c)\uc774\uc0ac\ud68c\ub97c \uc5f4\uace0 \uc5f0\ub8cc\uc804\uc9c0 \uc0dd\uc0b0\uc2dc\uc124 \uad6c\ucd95\uc5d0 1\uc8703\ucc9c216\uc5b5 \uc6d0\uc744 \ud22c\uc790\ud558\ub294 \uc548\uac74\uc744 \uc2b9\uc778\ud588\ub2e4\uace0 \uacf5\uc2dc\ud588\uc2b5\ub2c8\ub2e4.\uc774\ubc88 \ud22c\uc790\ub294 \uc5f0\ub8cc\uc804\uc9c0 \uc81c\ud488 \uacbd\uc7c1\ub825\uc744 \uac15\ud654\ud558\uace0 \uc591\uc0b0 \ud6a8\uc728\ud654\ub97c \uc704\ud55c \uc0dd\uc0b0 \ub2a5\ub825\uc744 \ud655\ubcf4\ud558\uae30 \uc704\ud55c \uac83\uc785\ub2c8\ub2e4.  \ud604\ub300\ubaa8\ube44\uc2a4\ub294 \uc778\ucc9c \uccad\ub77c\uad6d\uc81c\ub3c4\uc2dc IHP \ub3c4\uc2dc\ucca8\ub2e8 \uc0b0\uc5c5\ub2e8\uc9c0\uc640 \uc6b8\uc0b0 \uc774\ud654 \uc77c\ubc18\uc0b0\uc5c5\ub2e8\uc9c0\uc5d0 \uc218\uc18c\uc5f0\ub8cc\uc804\uc9c0 \uc0dd\uc0b0\uc744 \uc704\ud55c \uc2e0\uaddc \uac70\uc810\uc744 \uad6c\ucd95\ud560 \uc608\uc815\uc774\uba70, \uc62c\ud574 \ud558\ubc18\uae30 \ucc29\uacf5\uc5d0 \ub4e4\uc5b4\uac00 2023\ub144\ubd80\ud130 \uac00\ub3d9\ud560 \uc608\uc815\uc785\ub2c8\ub2e4.  \uc774\ud6c4 \uc778\ucc9c \uccad\ub77c\uacf5\uc7a5\uc5d0\uc11c\ub294 \uc5f0\ub8cc\uc804\uc9c0\uc2a4\ud0dd(\uc804\uae30\ubc1c\uc0dd\uc7a5\uce58)\uc744 \uc0dd\uc0b0\ud55c \ub4a4 \uc6b8\uc0b0\uacf5\uc7a5\uc5d0\uc11c \uc5f0\ub8cc\uc804\uc9c0\uc2dc\uc2a4\ud15c\uc73c\ub85c \ucd5c\uc885 \uc81c\ud488\ud654\ud574 \uc644\uc131\ucc28\uc5d0 \uacf5\uae09\ud560 \uc608\uc815\uc785\ub2c8\ub2e4. \uacf5\uc7a5\uc758 \uc0dd\uc0b0 \ub2a5\ub825 \ub4f1\uc740 \uc544\uc9c1 \uc815\ud574\uc9c0\uc9c0 \uc54a\uc740 \uac83\uc73c\ub85c \uc54c\ub824\uc84c\uc2b5\ub2c8\ub2e4.[\uc0ac\uc9c4 \ucd9c\ucc98 : \uc5f0\ud569\ub274\uc2a4 / \ud604\ub300\ubaa8\ube44\uc2a4 \uc81c\uacf5]\n\t\t"}, {"market": "kospi", "sid": "000760", "codename": "\uc774\ud654\uc0b0\uc5c5", "year": 2021, "month": 8, "article_url": "http://news.einfomax.co.kr/news/articleView.html?idxno=4163583", "news_company": "\uc5f0\ud569\uc778\ud3ec\ub9e5\uc2a4", "title": "\ud604\ub300\ubaa8\ube44\uc2a4, 1.3\uc870 \ud22c\uc785 \uc218\uc18c\uc5f0\ub8cc\uc804\uc9c0 \uc0dd\uc0b0\uc2dc\uc124 \uc9d3\ub294\ub2e4", "headline": null, "date_str": null, "writer": null, "section": null, "original_article_link": null, "article_body": null}, {"market": "kospi", "sid": "000760", "codename": "\uc774\ud654\uc0b0\uc5c5", "year": 2021, "month": 8, "article_url": "https://m.news.naver.com/read?mode=LSD&mid=sec&sid1=103&oid=366&aid=0000755752", "news_company": "\uc870\uc120\ube44\uc988", "title": "\ud604\ub300\ubaa8\ube44\uc2a4, 1.3\uc870 \ub4e4\uc5ec \uc778\ucc9c\u00b7\uc6b8\uc0b0\uc5d0 \uc5f0\ub8cc\uc804\uc9c0 \uacf5\uc7a5 \uad6c\ucd95", "headline": "\ud604\ub300\ubaa8\ube44\uc2a4, 1.3\uc870 \ub4e4\uc5ec \uc778\ucc9c\u00b7\uc6b8\uc0b0\uc5d0 \uc5f0\ub8cc\uc804\uc9c0 \uacf5\uc7a5 \uad6c\ucd95", "date_str": "2021.08.20. \uc624\ud6c4 4:18", "writer": "\ubbfc\uc11c\uc5f0 \uae30\uc790", "section": "\uc0dd\ud65c", "original_article_link": "https://biz.chosun.com/industry/car/2021/08/20/B346CAEXEZDFVGBGOWWSHXVTCQ/?utm_source=naver&utm_medium=original&utm_campaign=biz", "article_body": "\n\n\n\n\n \ud604\ub300\ubaa8\ube44\uc2a4(012330)\uac00 \ub300\uaddc\ubaa8 \uc5f0\ub8cc\uc804\uc9c0 \uc0dd\uc0b0\uc2dc\uc124\uc744 \uad6c\ucd95\ud574 \uc644\uc131\ucc28\uc5d0 \uacf5\uae09\ud558\uae30 \uc704\ud55c \ucd08\uc11d\uc744 \ub9c8\ub828\ud55c\ub2e4.\ud604\ub300\ubaa8\ube44\uc2a4\ub294 20\uc77c \uacf5\uc2dc\ub97c \ud1b5\ud574 \uc5f0\ub8cc\uc804\uc9c0 \uc0dd\uc0b0\uc2dc\uc124 \uad6c\ucd95\uc744 \uc704\ud55c \ud22c\uc790\ube44\uc6a9 1\uc8703216\uc5b5\uc6d0\uc5d0 \ub300\ud55c \uc548\uac74\uc744 \uc774\uc0ac\ud68c\uc5d0\uc11c \uc2b9\uc778\ud588\ub2e4\uace0 \ubc1d\ud614\ub2e4.\uc774\ubc88 \ud22c\uc790\ub294 \uc5f0\ub8cc\uc804\uc9c0 \uc81c\ud488\uacbd\uc7c1\ub825\uc744 \uac15\ud654\ud558\uace0 \uc591\uc0b0\ud6a8\uc728\ud654\ub97c \uc704\ud55c \uc0dd\uc0b0\ub2a5\ub825\uc744 \ud655\ubcf4\ud558\uae30 \uc704\ud55c \ubaa9\uc801\uc774\ub2e4. \ud604\ub300\ubaa8\ube44\uc2a4\ub294 \uc778\ucc9c \uccad\ub77c\uad6d\uc81c\ub3c4\uc2dc IHP \ub3c4\uc2dc\ucca8\ub2e8 \uc0b0\uc5c5\ub2e8\uc9c0\uc640 \uc6b8\uc0b0 \uc774\ud654 \uc77c\ubc18\uc0b0\uc5c5\ub2e8\uc9c0\uc5d0 \uc218\uc18c\uc5f0\ub8cc\uc804\uc9c0 \uc0dd\uc0b0\uc744 \uc704\ud55c \uc2e0\uaddc \uac70\uc810\uc744 \uad6c\ucd95\ud560 \uc608\uc815\uc774\uba70, \uc62c \ud558\ubc18\uae30 \ucc29\uacf5\uc5d0 \ub4e4\uc5b4\uac00 \uc624\ub294 2023\ub144\ubd80\ud130 \uac00\ub3d9\ud560 \uc608\uc815\uc774\ub2e4.\ud604\ub300\ubaa8\ube44\uc2a4\ub294 \uc5f0\ub8cc\uc804\uc9c0 \uc2dc\uc124\uc774 \uad6c\ucd95\ub418\uba74 \uc778\ucc9c \uccad\ub77c\uacf5\uc7a5\uc5d0\uc11c\ub294 \uc5f0\ub8cc\uc804\uc9c0\uc2a4\ud0dd\uc744 \uc0dd\uc0b0\ud558\uace0, \uc774\ub97c \uc6b8\uc0b0\uacf5\uc7a5\uc5d0\uc11c \uc5f0\ub8cc\uc804\uc9c0\uc2dc\uc2a4\ud15c\uc73c\ub85c \ucd5c\uc885 \uc81c\ud488\ud654\ud574 \uc644\uc131\ucc28\uc5d0 \uacf5\uae09\ud560 \uc608\uc815\uc774\ub77c\uace0 \uc124\uba85\ud588\ub2e4.\ud604\ub300\ubaa8\ube44\uc2a4 \uad00\uacc4\uc790\ub294 \u201c\ud604\ub300\ubaa8\ube44\uc2a4\ub294 \uc774\ubc88 \uc2e0\uaddc \uac70\uc810 \ud22c\uc790\ub97c \ud1b5\ud574 \ucc28\uc138\ub300 \uc5f0\ub8cc\uc804\uc9c0\uc2dc\uc2a4\ud15c\uc758 \ud6a8\uc728\uc801\uc778 \uacf5\uae09\ub9dd\uc744 \uad6c\ucd95\ud558\uace0 \uc218\uc18c \uad00\ub828 \uc0dd\ud0dc\uacc4 \ud655\ub300\uc5d0 \uc0c8\ub85c\uc6b4 \uacc4\uae30\ub97c \ub9c8\ub828\ud560 \uac83\uc73c\ub85c \uae30\ub300\ud55c\ub2e4\u201d\uace0 \ubc1d\ud614\ub2e4.\n"}, {"market": "kospi", "sid": "000760", "codename": "\uc774\ud654\uc0b0\uc5c5", "year": 2021, "month": 8, "article_url": "https://m.news.naver.com/read?mode=LSD&mid=sec&sid1=101&oid=119&aid=0002522452", "news_company": "\ub370\uc77c\ub9ac\uc548", "title": "\ud604\ub300\ubaa8\ube44\uc2a4, \uc778\ucc9c\u00b7\uc6b8\uc0b0\uc5d0 \uc5f0\ub8cc\uc804\uc9c0 \uacf5\uc7a5 \uc2e0\uc124\u20261\uc8703216\uc5b5 \ud22c\uc790", "headline": "\ud604\ub300\ubaa8\ube44\uc2a4, \uc778\ucc9c\u00b7\uc6b8\uc0b0\uc5d0 \uc5f0\ub8cc\uc804\uc9c0 \uacf5\uc7a5 \uc2e0\uc124\u20261\uc8703216\uc5b5 \ud22c\uc790", "date_str": "2021.08.20. \uc624\ud6c4 4:17", "writer": "\uc870\uc778\uc601 \uae30\uc790", "section": "\uacbd\uc81c", "original_article_link": "https://www.dailian.co.kr/news/view/1024465/?sc=Naver", "article_body": "\n\uc62c \ud558\ubc18\uae30 \ucc29\uacf5\u20262023\ub144\ubd80\ud130 \uac00\ub3d9\n\n\n\n\ud604\ub300\ubaa8\ube44\uc2a4 CI\u24d2\ud604\ub300\ubaa8\ube44\uc2a4[\ub370\uc77c\ub9ac\uc548 = \uc870\uc778\uc601 \uae30\uc790] \ud604\ub300\ubaa8\ube44\uc2a4\uac00 \uc5f0\ub8cc\uc804\uc9c0 \uc81c\ud488\uacbd\uc7c1\ub825 \uac15\ud654\ub97c \uc704\ud574 1\uc870\uc6d0\ub300 \ud22c\uc790\ub97c \ub2e8\ud589\ud55c\ub2e4.\ud604\ub300\ubaa8\ube44\uc2a4\ub294 \uc5f0\ub8cc\uc804\uc9c0 \uc0dd\uc0b0\uc2dc\uc124\uc744 \uad6c\ucd95\ud558\uae30 \uc704\ud574 1\uc870 3216\uc5b5\uc6d0\uc758 \ud22c\uc790\uc5d0 \ub300\ud55c \uc548\uac74\uc744 \uc774\uc0ac\ud68c\uc5d0\uc11c \uc2b9\uc778\ud588\ub2e4\uace0 20\uc77c \uacf5\uc2dc\ud588\ub2e4.\ud604\ub300\ubaa8\ube44\uc2a4\ub294 \"\uc774\ubc88 \ud22c\uc790\ub294 \uc5f0\ub8cc\uc804\uc9c0 \uc81c\ud488\uacbd\uc7c1\ub825\uc744 \uac15\ud654\ud558\uace0 \uc591\uc0b0\ud6a8\uc728\ud654\ub97c \uc704\ud55c \uc0dd\uc0b0\ub2a5\ub825\uc744 \ud655\ubcf4\ud558\uae30 \uc704\ud55c \ubaa9\uc801\"\uc774\ub77c\uace0 \uc124\uba85\ud588\ub2e4.\uc774\uc5d0 \ub530\ub77c \uc778\ucc9c \uccad\ub77c\uad6d\uc81c\ub3c4\uc2dc IHP \ub3c4\uc2dc\ucca8\ub2e8 \uc0b0\uc5c5\ub2e8\uc9c0\uc640 \uc6b8\uc0b0 \uc774\ud654 \uc77c\ubc18\uc0b0\uc5c5\ub2e8\uc9c0\uc5d0 \uc218\uc18c\uc5f0\ub8cc\uc804\uc9c0 \uc0dd\uc0b0\uc744 \uc704\ud55c \uc2e0\uaddc \uac70\uc810\uc744 \uad6c\ucd95\ud560 \uc608\uc815\uc73c\ub85c, \uc62c \ud558\ubc18\uae30 \ucc29\uacf5 \ud6c4 \uc624\ub294 2023\ub144\ubd80\ud130 \uac00\ub3d9\ud560 \uc608\uc815\uc774\ub2e4.\uc778\ucc9c \uccad\ub77c\uacf5\uc7a5\uc5d0\uc11c\ub294 \uc5f0\ub8cc\uc804\uc9c0\uc2a4\ud0dd\uc744 \uc0dd\uc0b0\ud558\uace0, \uc774\ub97c \uc6b8\uc0b0\uacf5\uc7a5\uc5d0\uc11c \uc5f0\ub8cc\uc804\uc9c0\uc2dc\uc2a4\ud15c\uc73c\ub85c \ucd5c\uc885 \uc81c\ud488\ud654\ud574 \uc644\uc131\ucc28\uc5d0 \uacf5\uae09\ud560 \uacc4\ud68d\uc774\ub2e4.\ud604\ub300\ubaa8\ube44\uc2a4 \uad00\uacc4\uc790\ub294 \"\uc774\ubc88 \uc2e0\uaddc \uac70\uc810 \ud22c\uc790\ub97c \ud1b5\ud574 \ucc28\uc138\ub300 \uc5f0\ub8cc\uc804\uc9c0\uc2dc\uc2a4\ud15c\uc758 \ud6a8\uc728\uc801\uc778 \uacf5\uae09\ub9dd\uc744 \uad6c\ucd95\ud558\uace0 \uc218\uc18c \uad00\ub828 \uc0dd\ud0dc\uacc4 \ud655\ub300\uc5d0 \uc0c8\ub85c\uc6b4 \uacc4\uae30\ub97c \ub9c8\ub828\ud560 \uac83\uc73c\ub85c \uae30\ub300\ud55c\ub2e4\"\uace0 \ubc1d\ud614\ub2e4.\n\t\t"}, {"market": "kospi", "sid": "000760", "codename": "\uc774\ud654\uc0b0\uc5c5", "year": 2021, "month": 8, "article_url": "http://m.pinpointnews.co.kr/view.php?ud=202108201606533605d46bea725_45", "news_company": "\ud540\ud3ec\uc778\ud2b8\ub274\uc2a4", "title": "\ud604\ub300\ubaa8\ube44\uc2a4, \uc5f0\ub8cc\uc804\uc9c0 \uc0dd\uc0b0 \uc2dc\uc124 \uad6c\ucd95 \uc704\ud574 1\uc8703216\uc5b5 \uc6d0 \ud22c\uc790", "headline": null, "date_str": null, "writer": null, "section": null, "original_article_link": null, "article_body": null}, {"market": "kospi", "sid": "000760", "codename": "\uc774\ud654\uc0b0\uc5c5", "year": 2021, "month": 8, "article_url": "http://m.asiatoday.co.kr/kn/view.php?key=20210820010011337", "news_company": "\uc544\uc2dc\uc544\ud22c\ub370\uc774", "title": "\ud604\ub300\ubaa8\ube44\uc2a4, \uc218\uc18c\uc5f0\ub8cc\uc804\uc9c0 \uc0dd\uc0b0\uc2dc\uc124\uc5d0 1\uc8703200\uc5b5\uc6d0 \ud22c\uc790", "headline": null, "date_str": null, "writer": null, "section": null, "original_article_link": null, "article_body": null}, {"market": "kospi", "sid": "000760", "codename": "\uc774\ud654\uc0b0\uc5c5", "year": 2021, "month": 8, "article_url": "https://m.news.naver.com/read?mode=LSD&mid=sec&sid1=101&oid=005&aid=0001465530", "news_company": "\uad6d\ubbfc\uc77c\ubcf4", "title": "\ud604\ub300\ubaa8\ube44\uc2a4, \uc778\ucc9c\u00b7\uc6b8\uc0b0\uc5d0 \uc5f0\ub8cc\uc804\uc9c0 \uacf5\uc7a5 \uc138\uc6b4\ub2e4\u20261.3\uc870 \ud22c\uc790", "headline": "\ud604\ub300\ubaa8\ube44\uc2a4, \uc778\ucc9c\u00b7\uc6b8\uc0b0\uc5d0 \uc5f0\ub8cc\uc804\uc9c0 \uacf5\uc7a5 \uc138\uc6b4\ub2e4\u20261.3\uc870 \ud22c\uc790", "date_str": "2021.08.20. \uc624\ud6c4 4:12", "writer": null, "section": "\uacbd\uc81c", "original_article_link": "http://news.kmib.co.kr/article/view.asp?arcid=0016187593&code=61141111&cp=nv", "article_body": "\n\n\n\n\n\ud604\ub300\ubaa8\ube44\uc2a4\ub294 20\uc77c \uc774\uc0ac\ud68c\ub97c \uc5f4\uace0 \uc5f0\ub8cc\uc804\uc9c0 \uc0dd\uc0b0\uc2dc\uc124 \uad6c\ucd95\uc5d0 1\uc8703216\uc5b5\uc6d0\uc744 \ud22c\uc790\ud558\ub294 \uc548\uac74\uc744 \uc2b9\uc778\ud588\ub2e4\uace0 \uacf5\uc2dc\ud588\ub2e4. \uc774\ubc88 \ud22c\uc790\ub294 \uc5f0\ub8cc\uc804\uc9c0 \uc81c\ud488 \uacbd\uc7c1\ub825\uc744 \uac15\ud654\ud558\uace0 \uc591\uc0b0 \ud6a8\uc728\ud654\ub97c \uc704\ud55c \uc0dd\uc0b0 \ub2a5\ub825\uc744 \ud655\ubcf4\ud558\uae30 \uc704\ud55c \uac83\uc774\ub2e4.\ud604\ub300\ubaa8\ube44\uc2a4\ub294 \uc778\ucc9c \uccad\ub77c\uad6d\uc81c\ub3c4\uc2dc IHP \ub3c4\uc2dc\ucca8\ub2e8 \uc0b0\uc5c5\ub2e8\uc9c0\uc640 \uc6b8\uc0b0 \uc774\ud654 \uc77c\ubc18\uc0b0\uc5c5\ub2e8\uc9c0\uc5d0 \uc218\uc18c\uc5f0\ub8cc\uc804\uc9c0 \uc0dd\uc0b0\uc744 \uc704\ud55c \uc2e0\uaddc \uac70\uc810\uc744 \uad6c\ucd95\ud560 \uc608\uc815\uc774\uba70 \uc62c\ud574 \ud558\ubc18\uae30 \ucc29\uacf5\uc5d0 \ub4e4\uc5b4\uac00 2023\ub144\ubd80\ud130 \uac00\ub3d9\ud560 \uacc4\ud68d\uc774\ub2e4. \uc774\ud6c4 \uc778\ucc9c \uccad\ub77c\uacf5\uc7a5\uc5d0\uc11c\ub294 \uc5f0\ub8cc\uc804\uc9c0\uc2a4\ud0dd(\uc804\uae30\ubc1c\uc0dd\uc7a5\uce58)\uc744 \uc0dd\uc0b0\ud558\uace0 \uc774\ub97c \uc6b8\uc0b0\uacf5\uc7a5\uc5d0\uc11c \uc5f0\ub8cc\uc804\uc9c0\uc2dc\uc2a4\ud15c\uc73c\ub85c \ucd5c\uc885 \uc81c\ud488\ud654\ud574 \uc644\uc131\ucc28\uc5d0 \uacf5\uae09\ud560 \uc608\uc815\uc774\ub2e4. \uacf5\uc7a5\uc758 \uc0dd\uc0b0 \ub2a5\ub825(\uce90\ud30c) \ub4f1\uc740 \uc544\uc9c1 \uc815\ud574\uc9c0\uc9c0 \uc54a\uc740 \uac83\uc73c\ub85c \uc54c\ub824\uc84c\ub2e4.\ud604\ub300\ubaa8\ube44\uc2a4 \uad00\uacc4\uc790\ub294 \u201c\uc774\ubc88 \uc2e0\uaddc \uac70\uc810 \ud22c\uc790\ub97c \ud1b5\ud574 \ucc28\uc138\ub300 \uc5f0\ub8cc\uc804\uc9c0\uc2dc\uc2a4\ud15c\uc758 \ud6a8\uc728\uc801\uc778 \uacf5\uae09\ub9dd\uc744 \uad6c\ucd95\ud558\uace0 \uc218\uc18c \uc0dd\ud0dc\uacc4 \ud655\ub300\uc5d0 \uc0c8\ub85c\uc6b4 \uacc4\uae30\ub97c \ub9c8\ub828\ud560 \uac83\uc73c\ub85c \uae30\ub300\ud55c\ub2e4\u201d\uace0 \ub9d0\ud588\ub2e4.\n\t\t"}, {"market": "kospi", "sid": "000760", "codename": "\uc774\ud654\uc0b0\uc5c5", "year": 2021, "month": 8, "article_url": "https://m.news.naver.com/read?mode=LSD&mid=sec&sid1=101&oid=001&aid=0012611037", "news_company": "\uc5f0\ud569\ub274\uc2a4", "title": "\ud604\ub300\ubaa8\ube44\uc2a4, 1.3\uc870 \ud22c\uc790\ud574 \uc778\ucc9c\u00b7\uc6b8\uc0b0\uc5d0 \uc5f0\ub8cc\uc804\uc9c0 \uacf5\uc7a5 \uc138\uc6b4\ub2e4", "headline": "\ud604\ub300\ubaa8\ube44\uc2a4, 1.3\uc870 \ud22c\uc790\ud574 \uc778\ucc9c\u00b7\uc6b8\uc0b0\uc5d0 \uc5f0\ub8cc\uc804\uc9c0 \uacf5\uc7a5 \uc138\uc6b4\ub2e4", "date_str": "2021.08.20. \uc624\ud6c4 4:05", "writer": "\uc7a5\ud558\ub098 \uae30\uc790", "section": "\uacbd\uc81c", "original_article_link": "http://yna.kr/AKR20210820118200003?did=1195m", "article_body": "\n\ud558\ubc18\uae30 \ucc29\uacf5\ud574 2023\ub144 \uac00\ub3d9 \uc608\uc815\u2026\"\uc591\uc0b0 \ud6a8\uc728\ud654 \uc704\ud55c \uc0dd\uc0b0 \ub2a5\ub825 \ud655\ubcf4\"(\uc11c\uc6b8=\uc5f0\ud569\ub274\uc2a4) \uc7a5\ud558\ub098 \uae30\uc790 = \ud604\ub300\ubaa8\ube44\uc2a4\uac00 \uc218\uc18c\uc5f0\ub8cc\uc804\uc9c0 \uc0ac\uc5c5\uc5d0 \uc18d\ub3c4\ub97c \ub0b8\ub2e4.\n\n\n\n\ud604\ub300\ubaa8\ube44\uc2a4 [\ud604\ub300\ubaa8\ube44\uc2a4 \uc81c\uacf5, \uc7ac\ud310\ub9e4 \ubc0f DB \uae08\uc9c0]    \ud604\ub300\ubaa8\ube44\uc2a4\ub294 20\uc77c \uc774\uc0ac\ud68c\ub97c \uc5f4\uace0 \uc5f0\ub8cc\uc804\uc9c0 \uc0dd\uc0b0\uc2dc\uc124 \uad6c\ucd95\uc5d0 1\uc8703\ucc9c216\uc5b5\uc6d0\uc744 \ud22c\uc790\ud558\ub294 \uc548\uac74\uc744 \uc2b9\uc778\ud588\ub2e4\uace0 \uacf5\uc2dc\ud588\ub2e4.    \uc774\ubc88 \ud22c\uc790\ub294 \uc5f0\ub8cc\uc804\uc9c0 \uc81c\ud488 \uacbd\uc7c1\ub825\uc744 \uac15\ud654\ud558\uace0 \uc591\uc0b0 \ud6a8\uc728\ud654\ub97c \uc704\ud55c \uc0dd\uc0b0 \ub2a5\ub825\uc744 \ud655\ubcf4\ud558\uae30 \uc704\ud55c \uac83\uc774\ub2e4.    \ud604\ub300\ubaa8\ube44\uc2a4\ub294 \uc778\ucc9c \uccad\ub77c\uad6d\uc81c\ub3c4\uc2dc IHP \ub3c4\uc2dc\ucca8\ub2e8 \uc0b0\uc5c5\ub2e8\uc9c0\uc640 \uc6b8\uc0b0 \uc774\ud654 \uc77c\ubc18\uc0b0\uc5c5\ub2e8\uc9c0\uc5d0 \uc218\uc18c\uc5f0\ub8cc\uc804\uc9c0 \uc0dd\uc0b0\uc744 \uc704\ud55c \uc2e0\uaddc \uac70\uc810\uc744 \uad6c\ucd95\ud560 \uc608\uc815\uc774\uba70 \uc62c\ud574 \ud558\ubc18\uae30 \ucc29\uacf5\uc5d0 \ub4e4\uc5b4\uac00 2023\ub144\ubd80\ud130 \uac00\ub3d9\ud560 \uc608\uc815\uc774\ub2e4.    \uc774\ud6c4 \uc778\ucc9c \uccad\ub77c\uacf5\uc7a5\uc5d0\uc11c\ub294 \uc5f0\ub8cc\uc804\uc9c0\uc2a4\ud0dd(\uc804\uae30\ubc1c\uc0dd\uc7a5\uce58)\uc744 \uc0dd\uc0b0\ud558\uace0 \uc774\ub97c \uc6b8\uc0b0\uacf5\uc7a5\uc5d0\uc11c \uc5f0\ub8cc\uc804\uc9c0\uc2dc\uc2a4\ud15c\uc73c\ub85c \ucd5c\uc885 \uc81c\ud488\ud654\ud574 \uc644\uc131\ucc28\uc5d0 \uacf5\uae09\ud560 \uc608\uc815\uc774\ub2e4.     \uacf5\uc7a5\uc758 \uc0dd\uc0b0 \ub2a5\ub825(\uce90\ud30c) \ub4f1\uc740 \uc544\uc9c1 \uc815\ud574\uc9c0\uc9c0 \uc54a\uc740 \uac83\uc73c\ub85c \uc54c\ub824\uc84c\ub2e4.     \ud604\ub300\ubaa8\ube44\uc2a4 \uad00\uacc4\uc790\ub294 \"\uc774\ubc88 \uc2e0\uaddc \uac70\uc810 \ud22c\uc790\ub97c \ud1b5\ud574 \ucc28\uc138\ub300 \uc5f0\ub8cc\uc804\uc9c0\uc2dc\uc2a4\ud15c\uc758 \ud6a8\uc728\uc801\uc778 \uacf5\uae09\ub9dd\uc744 \uad6c\ucd95\ud558\uace0 \uc218\uc18c \uc0dd\ud0dc\uacc4 \ud655\ub300\uc5d0 \uc0c8\ub85c\uc6b4 \uacc4\uae30\ub97c \ub9c8\ub828\ud560 \uac83\uc73c\ub85c \uae30\ub300\ud55c\ub2e4\"\uace0 \ub9d0\ud588\ub2e4.    hanajjang@yna.co.kr\n"}, {"market": "kospi", "sid": "000760", "codename": "\uc774\ud654\uc0b0\uc5c5", "year": 2021, "month": 8, "article_url": "https://m.news.naver.com/read?mode=LSD&mid=sec&sid1=101&oid=003&aid=0010674808", "news_company": "\ub274\uc2dc\uc2a4", "title": "\ud604\ub300\ubaa8\ube44\uc2a4, \uc218\uc18c\uc5f0\ub8cc\uc804\uc9c0 \uc0dd\uc0b0\uc2dc\uc124 \uad6c\ucd95\uc5d0 1.3\uc870 \ud22c\uc790", "headline": "\ud604\ub300\ubaa8\ube44\uc2a4, \uc218\uc18c\uc5f0\ub8cc\uc804\uc9c0 \uc0dd\uc0b0\uc2dc\uc124 \uad6c\ucd95\uc5d0 1.3\uc870 \ud22c\uc790", "date_str": "2021.08.20. \uc624\ud6c4 4:01", "writer": "\ucd5c\ud76c\uc815 \uae30\uc790", "section": "\uacbd\uc81c", "original_article_link": "http://www.newsis.com/view/?id=NISX20210820_0001554917&cID=13001&pID=13000", "article_body": "\n\n\n\n\n[\uc11c\uc6b8=\ub274\uc2dc\uc2a4]\ud604\ub300\ubaa8\ube44\uc2a4 \ub85c\uace0[\uc11c\uc6b8=\ub274\uc2dc\uc2a4] \ucd5c\ud76c\uc815 \uae30\uc790 = \ud604\ub300\ubaa8\ube44\uc2a4\ub294 \uc218\uc18c\uc5f0\ub8cc\uc804\uc9c0 \uc0dd\uc0b0\uc2dc\uc124\uc744 \uad6c\ucd95\ud558\uae30 \uc704\ud55c 1\uc8703216\uc5b5\uc6d0 \ud22c\uc790\uc5d0 \ub300\ud55c \uc548\uac74\uc744 \uc774\uc0ac\ud68c\uc5d0\uc11c \uc2b9\uc778\ud588\ub2e4\uace0 20\uc77c \uacf5\uc2dc\ub97c \ud1b5\ud574 \ubc1d\ud614\ub2e4. \uc774\ubc88 \ud22c\uc790\ub294 \uc5f0\ub8cc\uc804\uc9c0 \uc81c\ud488\uacbd\uc7c1\ub825\uc744 \uac15\ud654\ud558\uace0 \uc591\uc0b0\ud6a8\uc728\ud654\ub97c \uc704\ud55c \uc0dd\uc0b0\ub2a5\ub825\uc744 \ud655\ubcf4\ud558\uae30 \uc704\ud55c \ubaa9\uc801\uc774\ub2e4. \uc774\uc5d0 \ud604\ub300\ubaa8\ube44\uc2a4\ub294 \uc778\ucc9c \uccad\ub77c\uad6d\uc81c\ub3c4\uc2dc IHP \ub3c4\uc2dc\ucca8\ub2e8 \uc0b0\uc5c5\ub2e8\uc9c0\uc640 \uc6b8\uc0b0 \uc774\ud654 \uc77c\ubc18\uc0b0\uc5c5\ub2e8\uc9c0\uc5d0 \uc218\uc18c\uc5f0\ub8cc\uc804\uc9c0 \uc0dd\uc0b0\uc744 \uc704\ud55c \uc2e0\uaddc \uac70\uc810\uc744 \uad6c\ucd95\ud55c\ub2e4. \uc62c \ud558\ubc18\uae30 \ucc29\uacf5\uc5d0 \ub4e4\uc5b4\uac00 \uc624\ub294 2023\ub144\ubd80\ud130 \uac00\ub3d9\ud560 \uc608\uc815\uc774\ub2e4. \uc778\ucc9c \uccad\ub77c\uacf5\uc7a5\uc5d0\uc11c\ub294 \uc5f0\ub8cc\uc804\uc9c0\uc2a4\ud0dd\uc744 \uc0dd\uc0b0\ud558\uace0, \uc774\ub97c \uc6b8\uc0b0\uacf5\uc7a5\uc5d0\uc11c \uc5f0\ub8cc\uc804\uc9c0\uc2dc\uc2a4\ud15c\uc73c\ub85c \ucd5c\uc885 \uc81c\ud488\ud654\ud574 \uc644\uc131\ucc28\uc5d0 \uacf5\uae09\ud560 \uc608\uc815\uc785\ub2c8\ub2e4.\ud604\ub300\ubaa8\ube44\uc2a4\ub294 \"\uc774\ubc88 \uc2e0\uaddc \uac70\uc810 \ud22c\uc790\ub97c \ud1b5\ud574 \ucc28\uc138\ub300 \uc5f0\ub8cc\uc804\uc9c0\uc2dc\uc2a4\ud15c\uc758 \ud6a8\uc728\uc801\uc778 \uacf5\uae09\ub9dd\uc744 \uad6c\ucd95\ud558\uace0 \uc218\uc18c \uad00\ub828 \uc0dd\ud0dc\uacc4 \ud655\ub300\uc5d0 \uc0c8\ub85c\uc6b4 \uacc4\uae30\ub97c \ub9c8\ub828\ud560 \uac83\uc73c\ub85c \uae30\ub300\ud55c\ub2e4\"\uace0 \ud588\ub2e4.\n"}, {"market": "kospi", "sid": "000760", "codename": "\uc774\ud654\uc0b0\uc5c5", "year": 2021, "month": 8, "article_url": "http://m.pinpointnews.co.kr/view.php?ud=202108201606533605d46bea725_45", "news_company": "\ud540\ud3ec\uc778\ud2b8\ub274\uc2a4", "title": "\ud604\ub300\ubaa8\ube44\uc2a4, \uc5f0\ub8cc\uc804\uc9c0 \uc0dd\uc0b0 \uc2dc\uc124 \uad6c\ucd95 \uc704\ud574 1\uc8703216\uc5b5 \uc6d0 \ud22c\uc790", "headline": null, "date_str": null, "writer": null, "section": null, "original_article_link": null, "article_body": null}, {"market": "kospi", "sid": "000760", "codename": "\uc774\ud654\uc0b0\uc5c5", "year": 2021, "month": 8, "article_url": "https://m.news.naver.com/read?mode=LSD&mid=sec&sid1=101&oid=005&aid=0001465530", "news_company": "\uad6d\ubbfc\uc77c\ubcf4", "title": "\ud604\ub300\ubaa8\ube44\uc2a4, \uc778\ucc9c\u00b7\uc6b8\uc0b0\uc5d0 \uc5f0\ub8cc\uc804\uc9c0 \uacf5\uc7a5 \uc138\uc6b4\ub2e4\u20261.3\uc870 \ud22c\uc790", "headline": "\ud604\ub300\ubaa8\ube44\uc2a4, \uc778\ucc9c\u00b7\uc6b8\uc0b0\uc5d0 \uc5f0\ub8cc\uc804\uc9c0 \uacf5\uc7a5 \uc138\uc6b4\ub2e4\u20261.3\uc870 \ud22c\uc790", "date_str": "2021.08.20. \uc624\ud6c4 4:12", "writer": null, "section": "\uacbd\uc81c", "original_article_link": "http://news.kmib.co.kr/article/view.asp?arcid=0016187593&code=61141111&cp=nv", "article_body": "\n\n\n\n\n\ud604\ub300\ubaa8\ube44\uc2a4\ub294 20\uc77c \uc774\uc0ac\ud68c\ub97c \uc5f4\uace0 \uc5f0\ub8cc\uc804\uc9c0 \uc0dd\uc0b0\uc2dc\uc124 \uad6c\ucd95\uc5d0 1\uc8703216\uc5b5\uc6d0\uc744 \ud22c\uc790\ud558\ub294 \uc548\uac74\uc744 \uc2b9\uc778\ud588\ub2e4\uace0 \uacf5\uc2dc\ud588\ub2e4. \uc774\ubc88 \ud22c\uc790\ub294 \uc5f0\ub8cc\uc804\uc9c0 \uc81c\ud488 \uacbd\uc7c1\ub825\uc744 \uac15\ud654\ud558\uace0 \uc591\uc0b0 \ud6a8\uc728\ud654\ub97c \uc704\ud55c \uc0dd\uc0b0 \ub2a5\ub825\uc744 \ud655\ubcf4\ud558\uae30 \uc704\ud55c \uac83\uc774\ub2e4.\ud604\ub300\ubaa8\ube44\uc2a4\ub294 \uc778\ucc9c \uccad\ub77c\uad6d\uc81c\ub3c4\uc2dc IHP \ub3c4\uc2dc\ucca8\ub2e8 \uc0b0\uc5c5\ub2e8\uc9c0\uc640 \uc6b8\uc0b0 \uc774\ud654 \uc77c\ubc18\uc0b0\uc5c5\ub2e8\uc9c0\uc5d0 \uc218\uc18c\uc5f0\ub8cc\uc804\uc9c0 \uc0dd\uc0b0\uc744 \uc704\ud55c \uc2e0\uaddc \uac70\uc810\uc744 \uad6c\ucd95\ud560 \uc608\uc815\uc774\uba70 \uc62c\ud574 \ud558\ubc18\uae30 \ucc29\uacf5\uc5d0 \ub4e4\uc5b4\uac00 2023\ub144\ubd80\ud130 \uac00\ub3d9\ud560 \uacc4\ud68d\uc774\ub2e4. \uc774\ud6c4 \uc778\ucc9c \uccad\ub77c\uacf5\uc7a5\uc5d0\uc11c\ub294 \uc5f0\ub8cc\uc804\uc9c0\uc2a4\ud0dd(\uc804\uae30\ubc1c\uc0dd\uc7a5\uce58)\uc744 \uc0dd\uc0b0\ud558\uace0 \uc774\ub97c \uc6b8\uc0b0\uacf5\uc7a5\uc5d0\uc11c \uc5f0\ub8cc\uc804\uc9c0\uc2dc\uc2a4\ud15c\uc73c\ub85c \ucd5c\uc885 \uc81c\ud488\ud654\ud574 \uc644\uc131\ucc28\uc5d0 \uacf5\uae09\ud560 \uc608\uc815\uc774\ub2e4. \uacf5\uc7a5\uc758 \uc0dd\uc0b0 \ub2a5\ub825(\uce90\ud30c) \ub4f1\uc740 \uc544\uc9c1 \uc815\ud574\uc9c0\uc9c0 \uc54a\uc740 \uac83\uc73c\ub85c \uc54c\ub824\uc84c\ub2e4.\ud604\ub300\ubaa8\ube44\uc2a4 \uad00\uacc4\uc790\ub294 \u201c\uc774\ubc88 \uc2e0\uaddc \uac70\uc810 \ud22c\uc790\ub97c \ud1b5\ud574 \ucc28\uc138\ub300 \uc5f0\ub8cc\uc804\uc9c0\uc2dc\uc2a4\ud15c\uc758 \ud6a8\uc728\uc801\uc778 \uacf5\uae09\ub9dd\uc744 \uad6c\ucd95\ud558\uace0 \uc218\uc18c \uc0dd\ud0dc\uacc4 \ud655\ub300\uc5d0 \uc0c8\ub85c\uc6b4 \uacc4\uae30\ub97c \ub9c8\ub828\ud560 \uac83\uc73c\ub85c \uae30\ub300\ud55c\ub2e4\u201d\uace0 \ub9d0\ud588\ub2e4.\n\t\t"}, {"market": "kospi", "sid": "000760", "codename": "\uc774\ud654\uc0b0\uc5c5", "year": 2021, "month": 8, "article_url": "http://m.asiatoday.co.kr/kn/view.php?key=20210820010011337", "news_company": "\uc544\uc2dc\uc544\ud22c\ub370\uc774", "title": "\ud604\ub300\ubaa8\ube44\uc2a4, \uc218\uc18c\uc5f0\ub8cc\uc804\uc9c0 \uc0dd\uc0b0\uc2dc\uc124\uc5d0 1\uc8703200\uc5b5\uc6d0 \ud22c\uc790", "headline": null, "date_str": null, "writer": null, "section": null, "original_article_link": null, "article_body": null}, {"market": "kospi", "sid": "000760", "codename": "\uc774\ud654\uc0b0\uc5c5", "year": 2021, "month": 8, "article_url": "https://m.news.naver.com/read?mode=LSD&mid=sec&sid1=101&oid=001&aid=0012611037", "news_company": "\uc5f0\ud569\ub274\uc2a4", "title": "\ud604\ub300\ubaa8\ube44\uc2a4, 1.3\uc870 \ud22c\uc790\ud574 \uc778\ucc9c\u00b7\uc6b8\uc0b0\uc5d0 \uc5f0\ub8cc\uc804\uc9c0 \uacf5\uc7a5 \uc138\uc6b4\ub2e4", "headline": "\ud604\ub300\ubaa8\ube44\uc2a4, 1.3\uc870 \ud22c\uc790\ud574 \uc778\ucc9c\u00b7\uc6b8\uc0b0\uc5d0 \uc5f0\ub8cc\uc804\uc9c0 \uacf5\uc7a5 \uc138\uc6b4\ub2e4", "date_str": "2021.08.20. \uc624\ud6c4 4:05", "writer": "\uc7a5\ud558\ub098 \uae30\uc790", "section": "\uacbd\uc81c", "original_article_link": "http://yna.kr/AKR20210820118200003?did=1195m", "article_body": "\n\ud558\ubc18\uae30 \ucc29\uacf5\ud574 2023\ub144 \uac00\ub3d9 \uc608\uc815\u2026\"\uc591\uc0b0 \ud6a8\uc728\ud654 \uc704\ud55c \uc0dd\uc0b0 \ub2a5\ub825 \ud655\ubcf4\"(\uc11c\uc6b8=\uc5f0\ud569\ub274\uc2a4) \uc7a5\ud558\ub098 \uae30\uc790 = \ud604\ub300\ubaa8\ube44\uc2a4\uac00 \uc218\uc18c\uc5f0\ub8cc\uc804\uc9c0 \uc0ac\uc5c5\uc5d0 \uc18d\ub3c4\ub97c \ub0b8\ub2e4.\n\n\n\n\ud604\ub300\ubaa8\ube44\uc2a4 [\ud604\ub300\ubaa8\ube44\uc2a4 \uc81c\uacf5, \uc7ac\ud310\ub9e4 \ubc0f DB \uae08\uc9c0]    \ud604\ub300\ubaa8\ube44\uc2a4\ub294 20\uc77c \uc774\uc0ac\ud68c\ub97c \uc5f4\uace0 \uc5f0\ub8cc\uc804\uc9c0 \uc0dd\uc0b0\uc2dc\uc124 \uad6c\ucd95\uc5d0 1\uc8703\ucc9c216\uc5b5\uc6d0\uc744 \ud22c\uc790\ud558\ub294 \uc548\uac74\uc744 \uc2b9\uc778\ud588\ub2e4\uace0 \uacf5\uc2dc\ud588\ub2e4.    \uc774\ubc88 \ud22c\uc790\ub294 \uc5f0\ub8cc\uc804\uc9c0 \uc81c\ud488 \uacbd\uc7c1\ub825\uc744 \uac15\ud654\ud558\uace0 \uc591\uc0b0 \ud6a8\uc728\ud654\ub97c \uc704\ud55c \uc0dd\uc0b0 \ub2a5\ub825\uc744 \ud655\ubcf4\ud558\uae30 \uc704\ud55c \uac83\uc774\ub2e4.    \ud604\ub300\ubaa8\ube44\uc2a4\ub294 \uc778\ucc9c \uccad\ub77c\uad6d\uc81c\ub3c4\uc2dc IHP \ub3c4\uc2dc\ucca8\ub2e8 \uc0b0\uc5c5\ub2e8\uc9c0\uc640 \uc6b8\uc0b0 \uc774\ud654 \uc77c\ubc18\uc0b0\uc5c5\ub2e8\uc9c0\uc5d0 \uc218\uc18c\uc5f0\ub8cc\uc804\uc9c0 \uc0dd\uc0b0\uc744 \uc704\ud55c \uc2e0\uaddc \uac70\uc810\uc744 \uad6c\ucd95\ud560 \uc608\uc815\uc774\uba70 \uc62c\ud574 \ud558\ubc18\uae30 \ucc29\uacf5\uc5d0 \ub4e4\uc5b4\uac00 2023\ub144\ubd80\ud130 \uac00\ub3d9\ud560 \uc608\uc815\uc774\ub2e4.    \uc774\ud6c4 \uc778\ucc9c \uccad\ub77c\uacf5\uc7a5\uc5d0\uc11c\ub294 \uc5f0\ub8cc\uc804\uc9c0\uc2a4\ud0dd(\uc804\uae30\ubc1c\uc0dd\uc7a5\uce58)\uc744 \uc0dd\uc0b0\ud558\uace0 \uc774\ub97c \uc6b8\uc0b0\uacf5\uc7a5\uc5d0\uc11c \uc5f0\ub8cc\uc804\uc9c0\uc2dc\uc2a4\ud15c\uc73c\ub85c \ucd5c\uc885 \uc81c\ud488\ud654\ud574 \uc644\uc131\ucc28\uc5d0 \uacf5\uae09\ud560 \uc608\uc815\uc774\ub2e4.     \uacf5\uc7a5\uc758 \uc0dd\uc0b0 \ub2a5\ub825(\uce90\ud30c) \ub4f1\uc740 \uc544\uc9c1 \uc815\ud574\uc9c0\uc9c0 \uc54a\uc740 \uac83\uc73c\ub85c \uc54c\ub824\uc84c\ub2e4.     \ud604\ub300\ubaa8\ube44\uc2a4 \uad00\uacc4\uc790\ub294 \"\uc774\ubc88 \uc2e0\uaddc \uac70\uc810 \ud22c\uc790\ub97c \ud1b5\ud574 \ucc28\uc138\ub300 \uc5f0\ub8cc\uc804\uc9c0\uc2dc\uc2a4\ud15c\uc758 \ud6a8\uc728\uc801\uc778 \uacf5\uae09\ub9dd\uc744 \uad6c\ucd95\ud558\uace0 \uc218\uc18c \uc0dd\ud0dc\uacc4 \ud655\ub300\uc5d0 \uc0c8\ub85c\uc6b4 \uacc4\uae30\ub97c \ub9c8\ub828\ud560 \uac83\uc73c\ub85c \uae30\ub300\ud55c\ub2e4\"\uace0 \ub9d0\ud588\ub2e4.    hanajjang@yna.co.kr\n"}, {"market": "kospi", "sid": "000760", "codename": "\uc774\ud654\uc0b0\uc5c5", "year": 2021, "month": 8, "article_url": "https://m.news.naver.com/read?mode=LSD&mid=sec&sid1=101&oid=003&aid=0010674808", "news_company": "\ub274\uc2dc\uc2a4", "title": "\ud604\ub300\ubaa8\ube44\uc2a4, \uc218\uc18c\uc5f0\ub8cc\uc804\uc9c0 \uc0dd\uc0b0\uc2dc\uc124 \uad6c\ucd95\uc5d0 1.3\uc870 \ud22c\uc790", "headline": "\ud604\ub300\ubaa8\ube44\uc2a4, \uc218\uc18c\uc5f0\ub8cc\uc804\uc9c0 \uc0dd\uc0b0\uc2dc\uc124 \uad6c\ucd95\uc5d0 1.3\uc870 \ud22c\uc790", "date_str": "2021.08.20. \uc624\ud6c4 4:01", "writer": "\ucd5c\ud76c\uc815 \uae30\uc790", "section": "\uacbd\uc81c", "original_article_link": "http://www.newsis.com/view/?id=NISX20210820_0001554917&cID=13001&pID=13000", "article_body": "\n\n\n\n\n[\uc11c\uc6b8=\ub274\uc2dc\uc2a4]\ud604\ub300\ubaa8\ube44\uc2a4 \ub85c\uace0[\uc11c\uc6b8=\ub274\uc2dc\uc2a4] \ucd5c\ud76c\uc815 \uae30\uc790 = \ud604\ub300\ubaa8\ube44\uc2a4\ub294 \uc218\uc18c\uc5f0\ub8cc\uc804\uc9c0 \uc0dd\uc0b0\uc2dc\uc124\uc744 \uad6c\ucd95\ud558\uae30 \uc704\ud55c 1\uc8703216\uc5b5\uc6d0 \ud22c\uc790\uc5d0 \ub300\ud55c \uc548\uac74\uc744 \uc774\uc0ac\ud68c\uc5d0\uc11c \uc2b9\uc778\ud588\ub2e4\uace0 20\uc77c \uacf5\uc2dc\ub97c \ud1b5\ud574 \ubc1d\ud614\ub2e4. \uc774\ubc88 \ud22c\uc790\ub294 \uc5f0\ub8cc\uc804\uc9c0 \uc81c\ud488\uacbd\uc7c1\ub825\uc744 \uac15\ud654\ud558\uace0 \uc591\uc0b0\ud6a8\uc728\ud654\ub97c \uc704\ud55c \uc0dd\uc0b0\ub2a5\ub825\uc744 \ud655\ubcf4\ud558\uae30 \uc704\ud55c \ubaa9\uc801\uc774\ub2e4. \uc774\uc5d0 \ud604\ub300\ubaa8\ube44\uc2a4\ub294 \uc778\ucc9c \uccad\ub77c\uad6d\uc81c\ub3c4\uc2dc IHP \ub3c4\uc2dc\ucca8\ub2e8 \uc0b0\uc5c5\ub2e8\uc9c0\uc640 \uc6b8\uc0b0 \uc774\ud654 \uc77c\ubc18\uc0b0\uc5c5\ub2e8\uc9c0\uc5d0 \uc218\uc18c\uc5f0\ub8cc\uc804\uc9c0 \uc0dd\uc0b0\uc744 \uc704\ud55c \uc2e0\uaddc \uac70\uc810\uc744 \uad6c\ucd95\ud55c\ub2e4. \uc62c \ud558\ubc18\uae30 \ucc29\uacf5\uc5d0 \ub4e4\uc5b4\uac00 \uc624\ub294 2023\ub144\ubd80\ud130 \uac00\ub3d9\ud560 \uc608\uc815\uc774\ub2e4. \uc778\ucc9c \uccad\ub77c\uacf5\uc7a5\uc5d0\uc11c\ub294 \uc5f0\ub8cc\uc804\uc9c0\uc2a4\ud0dd\uc744 \uc0dd\uc0b0\ud558\uace0, \uc774\ub97c \uc6b8\uc0b0\uacf5\uc7a5\uc5d0\uc11c \uc5f0\ub8cc\uc804\uc9c0\uc2dc\uc2a4\ud15c\uc73c\ub85c \ucd5c\uc885 \uc81c\ud488\ud654\ud574 \uc644\uc131\ucc28\uc5d0 \uacf5\uae09\ud560 \uc608\uc815\uc785\ub2c8\ub2e4.\ud604\ub300\ubaa8\ube44\uc2a4\ub294 \"\uc774\ubc88 \uc2e0\uaddc \uac70\uc810 \ud22c\uc790\ub97c \ud1b5\ud574 \ucc28\uc138\ub300 \uc5f0\ub8cc\uc804\uc9c0\uc2dc\uc2a4\ud15c\uc758 \ud6a8\uc728\uc801\uc778 \uacf5\uae09\ub9dd\uc744 \uad6c\ucd95\ud558\uace0 \uc218\uc18c \uad00\ub828 \uc0dd\ud0dc\uacc4 \ud655\ub300\uc5d0 \uc0c8\ub85c\uc6b4 \uacc4\uae30\ub97c \ub9c8\ub828\ud560 \uac83\uc73c\ub85c \uae30\ub300\ud55c\ub2e4\"\uace0 \ud588\ub2e4.\n"}, {"market": "kospi", "sid": "000760", "codename": "\uc774\ud654\uc0b0\uc5c5", "year": 2021, "month": 8, "article_url": "https://m.news.naver.com/read?mode=LSD&mid=sec&sid1=101&oid=014&aid=0004695364", "news_company": "\ud30c\uc774\ub0b8\uc15c\ub274\uc2a4\uc5b8\ub860\uc0ac \uc120\uc815", "title": "\ud604\ub300\ubaa8\ube44\uc2a4, \uc218\uc18c\uc5f0\ub8cc\uc804\uc9c0 \u65b0\uacf5\uc7a5 \uc9d3\ub294\ub2e4\u20261\uc8703216\uc5b5 \ud22c\uc790", "headline": "\ud604\ub300\ubaa8\ube44\uc2a4, \uc218\uc18c\uc5f0\ub8cc\uc804\uc9c0 \u65b0\uacf5\uc7a5 \uc9d3\ub294\ub2e4\u20261\uc8703216\uc5b5 \ud22c\uc790", "date_str": "2021.08.20. \uc624\ud6c4 4:01", "writer": "\ucd5c\uc885\uadfc \uae30\uc790", "section": "\uacbd\uc81c", "original_article_link": "http://www.fnnews.com/news/202108201447226042", "article_body": "\n\uc778\ucc9c\u00b7\uc6b8\uc0b0\uc5d0\u00a0\ubd80\ud488\u00a0\uacf5\uc7a5\u00a0\uac74\uc124\uc62c\u00a0\ud558\ubc18\uae30\u00a0\ucc29\uacf5\u00a0\ub4e4\uc5b4\uac002023\ub144\ubd80\ud130\u00a0\uac00\ub3d9\u00a0\uc2dc\uc791 \n\n\n\n\ud604\ub300\ubaa8\ube44\uc2a4 \ub85c\uace0 [\ud30c\uc774\ub0b8\uc15c\ub274\uc2a4] \ud604\ub300\ubaa8\ube44\uc2a4\uac00 1\uc8703216\uc5b5\uc6d0\uc744 \ud22c\uc790\ud574 \uc218\uc18c\uc5f0\ub8cc\uc804\uc9c0 \uc2e0\uacf5\uc7a5\uc744 \uc9d3\ub294\ub2e4. \uc0dd\uc0b0\ub2a5\ub825\uc744 \ud655\ub300\ud574 \uacbd\uc7c1\ub825\uacfc \ud6a8\uc728\uc131\uc744 \uc81c\uace0\ud558\uace0, \uc774\ub97c \ud1a0\ub300\ub85c \uc218\uc18c \uad00\ub828 \uc0ac\uc5c5\uc5d0 \ubc15\ucc28\ub97c \uac00\ud55c\ub2e4\ub294 \uacc4\ud68d\uc774\ub2e4.   \ud604\ub300\ubaa8\ube44\uc2a4\ub294 20\uc77c \uc774\uc0ac\ud68c\ub97c \uc5f4\uace0 \uc218\uc18c\uc5f0\ub8cc\uc804\uc9c0 \uc0dd\uc0b0\uc2dc\uc124\uc744 \uad6c\ucd95\ud558\uae30 \uc704\ud574 \ucd1d 1\uc8703216\uc5b5\uc6d0\uc744 \ud22c\uc790\ud0a4\ub85c \uacb0\uc815\ud588\ub2e4.   \uc774\ubc88 \ud22c\uc790\ub294 \uc218\uc18c\uc5f0\ub8cc\uc804\uc9c0 \uc81c\ud488 \uacbd\uc7c1\ub825\uc744 \uac15\ud654\ud558\uace0 \uc591\uc0b0 \ud6a8\uc728\ud654\ub97c \uc704\ud55c \uc0dd\uc0b0\ub2a5\ub825\uc744 \ud655\ubcf4\ud558\uae30 \uc704\ud574\uc11c\ub2e4.   \ud604\ub300\ubaa8\ube44\uc2a4\ub294 \uc778\ucc9c \uccad\ub77c\uad6d\uc81c\ub3c4\uc2dc IHP \ub3c4\uc2dc\ucca8\ub2e8 \uc0b0\uc5c5\ub2e8\uc9c0\uc640 \uc6b8\uc0b0 \uc774\ud654 \uc77c\ubc18\uc0b0\uc5c5\ub2e8\uc9c0\uc5d0 \uc218\uc18c\uc5f0\ub8cc\uc804\uc9c0 \uc0dd\uc0b0\uc744 \uc704\ud55c \uc2e0\uaddc \uac70\uc810\uc744 \uad6c\ucd95\ud560 \uc608\uc815\uc774\uba70, \uc62c \ud558\ubc18\uae30 \ucc29\uacf5\uc5d0 \ub4e4\uc5b4\uac00 \uc624\ub294 2023\ub144\ubd80\ud130 \uac00\ub3d9\ud560 \uc608\uc815\uc774\ub2e4.   \uc778\ucc9c \uccad\ub77c\uacf5\uc7a5\uc5d0\uc11c\ub294 \uc5f0\ub8cc\uc804\uc9c0\uc2a4\ud0dd\uc744 \uc0dd\uc0b0\ud558\uace0, \uc774\ub97c \uc6b8\uc0b0\uacf5\uc7a5\uc5d0\uc11c \uc5f0\ub8cc\uc804\uc9c0\uc2dc\uc2a4\ud15c\uc73c\ub85c \ucd5c\uc885 \uc81c\ud488\ud654\ud574 \uc644\uc131\ucc28\uc5d0 \uacf5\uae09\ud560 \uacc4\ud68d\uc774\ub2e4.   \ud604\ub300\ubaa8\ube44\uc2a4 \uad00\uacc4\uc790\ub294 \"\uc774\ubc88 \uc2e0\uaddc \uac70\uc810 \ud22c\uc790\ub97c \ud1b5\ud574 \ucc28\uc138\ub300 \uc5f0\ub8cc\uc804\uc9c0\uc2dc\uc2a4\ud15c\uc758 \ud6a8\uc728\uc801\uc778 \uacf5\uae09\ub9dd\uc744 \uad6c\ucd95\ud558\uace0 \uc218\uc18c \uad00\ub828 \uc0dd\ud0dc\uacc4 \ud655\ub300\uc5d0 \uc0c8\ub85c\uc6b4 \uacc4\uae30\ub97c \ub9c8\ub828\ud560 \uac83\uc73c\ub85c \uae30\ub300\ub41c\ub2e4\"\uace0 \uc124\uba85\ud588\ub2e4.\n\t\t"}, {"market": "kospi", "sid": "000760", "codename": "\uc774\ud654\uc0b0\uc5c5", "year": 2021, "month": 8, "article_url": "http://m.newspim.com/news/view/20210820000759", "news_company": "\ub274\uc2a4\ud54c", "title": "\ud604\ub300\ubaa8\ube44\uc2a4, \uc218\uc18c\uc5f0\ub8cc\uc804\uc9c0 \uc0dd\uc0b0\uc2dc\uc124\uc5d0 1\uc8703216\uc5b5 \ud22c\uc790", "headline": null, "date_str": null, "writer": null, "section": null, "original_article_link": null, "article_body": null}, {"market": "kospi", "sid": "000760", "codename": "\uc774\ud654\uc0b0\uc5c5", "year": 2021, "month": 8, "article_url": "https://m.news.naver.com/read?mode=LSD&mid=sec&sid1=103&oid=018&aid=0005016012", "news_company": "\uc774\ub370\uc77c\ub9ac", "title": "\ud604\ub300\ubaa8\ube44\uc2a4, \uc5f0\ub8cc\uc804\uc9c0 \uc0dd\uc0b0\uc2dc\uc124 \uad6c\ucd95\u20251\uc8703216\uc5b5\uc6d0 \ud22c\uc790", "headline": "\ud604\ub300\ubaa8\ube44\uc2a4, \uc5f0\ub8cc\uc804\uc9c0 \uc0dd\uc0b0\uc2dc\uc124 \uad6c\ucd95\u20251\uc8703216\uc5b5\uc6d0 \ud22c\uc790", "date_str": "2021.08.20. \uc624\ud6c4 3:50", "writer": "\uc1a1\uc2b9\ud604 \uae30\uc790", "section": "\uc0dd\ud65c", "original_article_link": "http://www.edaily.co.kr/news/newspath.asp?newsid=02712566629149288", "article_body": "\n20\uc77c \uc774\uc0ac\ud68c \ud1b5\ud574 \uc2b9\uc778\uc5f0\ub8cc\uc804\uc9c0 \uc81c\ud488\uacbd\uc7c1\ub825 \uac15\ud654 \ubc0f \uc591\uc0b0\ud6a8\uc728\ud654 \ubaa9\uc801\n\n\n\n[\uc774\ub370\uc77c\ub9ac \uc1a1\uc2b9\ud604 \uae30\uc790] \ud604\ub300\ubaa8\ube44\uc2a4(012330)\ub294 \uc5f0\ub8cc\uc804\uc9c0 \uc0dd\uc0b0\uc2dc\uc124\uc744 \uad6c\ucd95\ud558\uae30 \uc704\ud574 1\uc870 3216\uc5b5\uc6d0\uc758 \ud22c\uc790\uc5d0 \ub300\ud55c \uc548\uac74\uc744 \uc774\uc0ac\ud68c\uc5d0\uc11c \uc2b9\uc778\ud588\ub2e4\uace0 20\uc77c \uacf5\uc2dc\ud588\ub2e4.\uc774\ubc88 \ud22c\uc790\ub294 \uc5f0\ub8cc\uc804\uc9c0 \uc81c\ud488\uacbd\uc7c1\ub825\uc744 \uac15\ud654\ud558\uace0 \uc591\uc0b0\ud6a8\uc728\ud654\ub97c \uc704\ud55c \uc0dd\uc0b0\ub2a5\ub825\uc744 \ud655\ubcf4\ud558\uae30 \uc704\ud55c \ubaa9\uc801\uc774\ub2e4. \ud604\ub300\ubaa8\ube44\uc2a4\ub294 \uc778\ucc9c \uccad\ub77c\uad6d\uc81c\ub3c4\uc2dc IHP \ub3c4\uc2dc\ucca8\ub2e8 \uc0b0\uc5c5\ub2e8\uc9c0\uc640 \uc6b8\uc0b0 \uc774\ud654 \uc77c\ubc18\uc0b0\uc5c5\ub2e8\uc9c0\uc5d0 \uc218\uc18c\uc5f0\ub8cc\uc804\uc9c0 \uc0dd\uc0b0\uc744 \uc704\ud55c \uc2e0\uaddc \uac70\uc810\uc744 \uad6c\ucd95\ud560 \uc608\uc815\uc774\uba70, \uc62c \ud558\ubc18\uae30 \ucc29\uacf5\uc5d0 \ub4e4\uc5b4\uac00 \uc624\ub294 2023\ub144\ubd80\ud130 \uac00\ub3d9\ud560 \uc608\uc815\uc774\ub2e4. \uc55e\uc73c\ub85c \uc778\ucc9c \uccad\ub77c\uacf5\uc7a5\uc5d0\uc11c\ub294 \uc5f0\ub8cc\uc804\uc9c0\uc2a4\ud0dd\uc744 \uc0dd\uc0b0\ud558\uace0, \uc774\ub97c \uc6b8\uc0b0\uacf5\uc7a5\uc5d0\uc11c \uc5f0\ub8cc\uc804\uc9c0\uc2dc\uc2a4\ud15c\uc73c\ub85c \ucd5c\uc885 \uc81c\ud488\ud654\ud574 \uc644\uc131\ucc28\uc5d0 \uacf5\uae09\ud560 \uacc4\ud68d\uc774\ub2e4.\ud604\ub300\ubaa8\ube44\uc2a4\ub294 \uc774\ubc88 \uc2e0\uaddc \uac70\uc810 \ud22c\uc790\ub97c \ud1b5\ud574 \ucc28\uc138\ub300 \uc5f0\ub8cc\uc804\uc9c0\uc2dc\uc2a4\ud15c\uc758 \ud6a8\uc728\uc801\uc778 \uacf5\uae09\ub9dd\uc744 \uad6c\ucd95\ud558\uace0 \uc218\uc18c \uad00\ub828 \uc0dd\ud0dc\uacc4 \ud655\ub300\uc5d0 \uc0c8\ub85c\uc6b4 \uacc4\uae30\ub97c \ub9c8\ub828\ud560 \uac83\uc73c\ub85c \uae30\ub300\ud558\uace0 \uc788\ub2e4.\n"}, {"market": "kospi", "sid": "000760", "codename": "\uc774\ud654\uc0b0\uc5c5", "year": 2021, "month": 8, "article_url": "https://m.news.naver.com/read?mode=LSD&mid=sec&sid1=101&oid=277&aid=0004956835", "news_company": "\uc544\uc2dc\uc544\uacbd\uc81c", "title": "\ud604\ub300\ubaa8\ube44\uc2a4, \uc218\uc18c\uc5f0\ub8cc\uc804\uc9c0\uc5d0 1.3\uc870 \ud22c\uc790 \"\uc218\uc18c \uc0dd\ud0dc\uacc4 \ud655\ub300\"", "headline": "\ud604\ub300\ubaa8\ube44\uc2a4, \uc218\uc18c\uc5f0\ub8cc\uc804\uc9c0\uc5d0 1.3\uc870 \ud22c\uc790 \"\uc218\uc18c \uc0dd\ud0dc\uacc4 \ud655\ub300\"", "date_str": "2021.08.20. \uc624\ud6c4 3:50", "writer": "\uc774\ucc3d\ud658 \uae30\uc790", "section": "\uacbd\uc81c", "original_article_link": "https://view.asiae.co.kr/article/2021082015523885655", "article_body": "\n\t\t\t \ud604\ub300\ubaa8\ube44\uc2a4\ub294 \uc218\uc18c\uc5f0\ub8cc\uc804\uc9c0 \uc0dd\uc0b0\uc2dc\uc124\uc744 \uad6c\ucd95\ud558\uae30 \uc704\ud574 1\uc8703216\uc5b5\uc6d0\uc744 \ud22c\uc790\ud55c\ub2e4\uace0 20\uc77c \uacf5\uc2dc\ud588\ub2e4. \ud68c\uc0ac \uce21\uc740 \uc774\ubc88 \ud22c\uc790\uac00 \uc218\uc18c\uc5f0\ub8cc\uc804\uc9c0 \uc81c\ud488\uacbd\uc7c1\ub825\uc744 \uac15\ud654\ud558\uace0 \uc591\uc0b0\ud6a8\uc728\ud654\ub97c \uc704\ud55c \uc0dd\uc0b0\ub2a5\ub825\uc744 \ud655\ubcf4\ud558\uae30 \uc704\ud55c \ubaa9\uc801\uc774\ub77c\uace0 \uc124\uba85\ud588\ub2e4. \ud604\ub300\ubaa8\ube44\uc2a4\ub294 \uc778\ucc9c \uccad\ub77c\uad6d\uc81c\ub3c4\uc2dc IHP \ub3c4\uc2dc\ucca8\ub2e8 \uc0b0\uc5c5\ub2e8\uc9c0\uc640 \uc6b8\uc0b0 \uc774\ud654 \uc77c\ubc18\uc0b0\uc5c5\ub2e8\uc9c0\uc5d0 \uc218\uc18c\uc5f0\ub8cc\uc804\uc9c0 \uc0dd\uc0b0\uc744 \uc704\ud55c \uc2e0\uaddc \uac70\uc810\uc744 \uad6c\ucd95\ud560 \uc608\uc815\uc774\uba70 \uc62c \ud558\ubc18\uae30 \ucc29\uacf5\uc5d0 \ub4e4\uc5b4\uac00 2023\ub144\ubd80\ud130 \uac00\ub3d9\ud560 \uc608\uc815\uc774\ub2e4. \uc55e\uc73c\ub85c \uc778\ucc9c \uccad\ub77c\uacf5\uc7a5\uc5d0\uc11c\ub294 \uc5f0\ub8cc\uc804\uc9c0\uc2a4\ud0dd\uc744 \uc0dd\uc0b0\ud558\uace0, \uc774\ub97c \uc6b8\uc0b0\uacf5\uc7a5\uc5d0\uc11c \uc5f0\ub8cc\uc804\uc9c0\uc2dc\uc2a4\ud15c\uc73c\ub85c \ucd5c\uc885 \uc81c\ud488\ud654\ud574 \uc644\uc131\ucc28\uc5d0 \uacf5\uae09\ud560 \uacc4\ud68d\uc774\ub2e4. \ud604\ub300\ubaa8\ube44\uc2a4 \uad00\uacc4\uc790\ub294 \"\uc774\ubc88 \uc2e0\uaddc \uac70\uc810 \ud22c\uc790\ub97c \ud1b5\ud574 \ucc28\uc138\ub300 \uc5f0\ub8cc\uc804\uc9c0\uc2dc\uc2a4\ud15c\uc758 \ud6a8\uc728\uc801\uc778 \uacf5\uae09\ub9dd\uc744 \uad6c\ucd95\ud558\uace0 \uc218\uc18c \uad00\ub828 \uc0dd\ud0dc\uacc4 \ud655\ub300\uc5d0 \uc0c8\ub85c\uc6b4 \uacc4\uae30\ub97c \ub9c8\ub828\ud560 \uac83\uc73c\ub85c \uae30\ub300\ud55c\ub2e4\"\uace0 \ubc1d\ud614\ub2e4. \n"}, {"market": "kospi", "sid": "000760", "codename": "\uc774\ud654\uc0b0\uc5c5", "year": 2021, "month": 8, "article_url": "https://m.news.naver.com/read?mode=LSD&mid=sec&sid1=101&oid=421&aid=0005553439", "news_company": "\ub274\uc2a41", "title": "\ud604\ub300\ubaa8\ube44\uc2a4, \uc218\uc18c \uc5f0\ub8cc\uc804\uc9c0 \uc0dd\uc0b0\uc2dc\uc124\uc5d0 1.3\uc870\uc6d0 \ud22c\uc790\ud55c\ub2e4", "headline": "\ud604\ub300\ubaa8\ube44\uc2a4, \uc218\uc18c \uc5f0\ub8cc\uc804\uc9c0 \uc0dd\uc0b0\uc2dc\uc124\uc5d0 1.3\uc870\uc6d0 \ud22c\uc790\ud55c\ub2e4", "date_str": "2021.08.20. \uc624\ud6c4 3:47", "writer": "\uc2e0\uac74\uc6c5 \uae30\uc790", "section": "\uacbd\uc81c", "original_article_link": "https://www.news1.kr/articles/?4409412", "article_body": "\n\n\n\n\n\ud604\ub300\ubaa8\ube44\uc2a4 \ucda9\uc8fc \uc218\uc18c\uc5f0\ub8cc\uc804\uc9c0\uacf5\uc7a5. (\ud604\ub300\ubaa8\ube44\uc2a4 \uc81c\uacf5)\u00a9 \ub274\uc2a41(\uc11c\uc6b8=\ub274\uc2a41) \uc2e0\uac74\uc6c5 \uae30\uc790 = \ud604\ub300\ubaa8\ube44\uc2a4\ub294 \uc5f0\ub8cc\uc804\uc9c0 \uc0dd\uc0b0\uc2dc\uc124\uc744 \uad6c\ucd95\ud558\uae30 \uc704\ud574 1\uc8703216\uc5b5\uc6d0\uc758 \ud22c\uc790\uc5d0 \ub300\ud55c \uc548\uac74\uc744 \uc774\uc0ac\ud68c\uc5d0\uc11c \uc2b9\uc778\ud588\ub2e4\uace0 20\uc77c \uacf5\uc2dc\ud588\ub2e4.\uc774\ubc88 \ud22c\uc790\ub294 \uc5f0\ub8cc\uc804\uc9c0 \uc81c\ud488\uacbd\uc7c1\ub825\uc744 \uac15\ud654\ud558\uace0 \uc591\uc0b0\ud6a8\uc728\ud654\ub97c \uc704\ud55c \uc0dd\uc0b0\ub2a5\ub825\uc744 \ud655\ubcf4\ud558\uae30 \uc704\ud55c \ubaa9\uc801\uc774\ub2e4. \uc774\uc5d0 \ud604\ub300\ubaa8\ube44\uc2a4\ub294 \uc778\ucc9c \uccad\ub77c\uad6d\uc81c\ub3c4\uc2dc IHP \ub3c4\uc2dc\ucca8\ub2e8 \uc0b0\uc5c5\ub2e8\uc9c0\uc640 \uc6b8\uc0b0 \uc774\ud654 \uc77c\ubc18\uc0b0\uc5c5\ub2e8\uc9c0\uc5d0 \uc218\uc18c\uc5f0\ub8cc\uc804\uc9c0 \uc0dd\uc0b0\uc744 \uc704\ud55c \uc2e0\uaddc \uac70\uc810\uc744 \uad6c\ucd95\ud560 \uc608\uc815\uc774\uba70, \uc62c \ud558\ubc18\uae30 \ucc29\uacf5\uc5d0 \ub4e4\uc5b4\uac00 \uc624\ub294 2023\ub144\ubd80\ud130 \uac00\ub3d9\ud558\uae30\ub85c \ud588\ub2e4.\uc55e\uc73c\ub85c \uc778\ucc9c \uccad\ub77c\uacf5\uc7a5\uc5d0\uc11c\ub294 \uc5f0\ub8cc\uc804\uc9c0\uc2a4\ud0dd\uc744 \uc0dd\uc0b0\ud558\uace0, \uc774\ub97c \uc6b8\uc0b0\uacf5\uc7a5\uc5d0\uc11c \uc5f0\ub8cc\uc804\uc9c0\uc2dc\uc2a4\ud15c\uc73c\ub85c \ucd5c\uc885 \uc81c\ud488\ud654\ud574 \uc644\uc131\ucc28\uc5d0 \uacf5\uae09\ud55c\ub2e4.\ud604\ub300\ubaa8\ube44\uc2a4\ub294 \"\uc774\ubc88 \uc2e0\uaddc \uac70\uc810 \ud22c\uc790\ub97c \ud1b5\ud574 \ucc28\uc138\ub300 \uc5f0\ub8cc\uc804\uc9c0\uc2dc\uc2a4\ud15c\uc758 \ud6a8\uc728\uc801\uc778 \uacf5\uae09\ub9dd\uc744 \uad6c\ucd95\ud558\uace0 \uc218\uc18c \uad00\ub828 \uc0dd\ud0dc\uacc4 \ud655\ub300\uc5d0 \uc0c8\ub85c\uc6b4 \uacc4\uae30\ub97c \ub9c8\ub828\ud560 \uac83\"\uc774\ub77c\uace0 \uae30\ub300\ud588\ub2e4.\n\t\t"}, {"market": "kospi", "sid": "000760", "codename": "\uc774\ud654\uc0b0\uc5c5", "year": 2021, "month": 8, "article_url": "https://m.news.naver.com/read?mode=LSD&mid=sec&sid1=101&oid=008&aid=0004634037", "news_company": "\uba38\ub2c8\ud22c\ub370\uc774", "title": "'\uc218\uc18c\uacbd\uc81c \uc55e\ub2f9\uae34\ub2e4'\u2026\ud604\ub300\ubaa8\ube44\uc2a4, 1\uc8703200\uc5b5 '\uc5f0\ub8cc\uc804\uc9c0 \uc0dd\uc0b0\uc2dc\uc124' \ud22c\uc790", "headline": "'\uc218\uc18c\uacbd\uc81c \uc55e\ub2f9\uae34\ub2e4'\u2026\ud604\ub300\ubaa8\ube44\uc2a4, 1\uc8703200\uc5b5 '\uc5f0\ub8cc\uc804\uc9c0 \uc0dd\uc0b0\uc2dc\uc124' \ud22c\uc790", "date_str": "2021.08.20. \uc624\ud6c4 3:44", "writer": "\uc774\uac15\uc900 \uae30\uc790", "section": "\uacbd\uc81c", "original_article_link": "http://news.mt.co.kr/mtview.php?no=2021082015295585437", "article_body": "\n\n\n\n\n\ud604\ub300\ubaa8\ube44\uc2a4 \ucda9\uc8fc\uacf5\uc7a5 \uc218\uc18c\ube44\uc0c1\ubc1c\uc804\uc2dc\uc2a4\ud15c\ud604\ub300\ubaa8\ube44\uc2a4\uac00 \uc218\uc18c \uc5f0\ub8cc\uc804\uc9c0 \uc0dd\uc0b0\uc2dc\uc124\uc744 \uad6c\ucd95\ud558\uae30 \uc704\ud574 1\uc870 3216\uc5b5\uc6d0\uc758 \ud22c\uc790\uc5d0 \ub300\ud55c \uc548\uac74\uc744 \uc774\uc0ac\ud68c\uc5d0\uc11c \uc2b9\uc778\ud588\ub2e4\uace0 20\uc77c \uacf5\uc2dc\ud588\ub2e4.\uc774\ubc88 \ud22c\uc790\ub294 \uc5f0\ub8cc\uc804\uc9c0 \uc81c\ud488\uacbd\uc7c1\ub825\uc744 \uac15\ud654\ud558\uace0 \uc591\uc0b0\ud6a8\uc728\ud654\ub97c \uc704\ud55c \uc0dd\uc0b0\ub2a5\ub825\uc744 \ud655\ubcf4\ud558\uae30 \uc704\ud55c \ubaa9\uc801\uc774\ub2e4. \ud604\ub300\ubaa8\ube44\uc2a4\ub294 \uc778\ucc9c \uccad\ub77c\uad6d\uc81c\ub3c4\uc2dc IHP \ub3c4\uc2dc\ucca8\ub2e8 \uc0b0\uc5c5\ub2e8\uc9c0\uc640 \uc6b8\uc0b0 \uc774\ud654 \uc77c\ubc18\uc0b0\uc5c5\ub2e8\uc9c0\uc5d0 \uc218\uc18c\uc5f0\ub8cc\uc804\uc9c0 \uc0dd\uc0b0\uc744 \uc704\ud55c \uc2e0\uaddc \uac70\uc810\uc744 \uad6c\ucd95\ud560 \uc608\uc815\uc774\uba70, \uc62c \ud558\ubc18\uae30 \ucc29\uacf5\uc5d0 \ub4e4\uc5b4\uac00 \uc624\ub294 2023\ub144\ubd80\ud130 \uac00\ub3d9\ud560 \ubc29\uce68\uc774\ub2e4.\uc55e\uc73c\ub85c \uc778\ucc9c \uccad\ub77c\uacf5\uc7a5\uc5d0\uc11c\ub294 \uc5f0\ub8cc\uc804\uc9c0\uc2a4\ud0dd\uc744 \uc0dd\uc0b0\ud558\uace0, \uc774\ub97c \uc6b8\uc0b0\uacf5\uc7a5\uc5d0\uc11c \uc5f0\ub8cc\uc804\uc9c0\uc2dc\uc2a4\ud15c\uc73c\ub85c \ucd5c\uc885 \uc81c\ud488\ud654\ud574 \uc644\uc131\ucc28\uc5d0 \uacf5\uae09\ud560 \uacc4\ud68d\uc774\ub2e4.\ud604\ub300\ubaa8\ube44\uc2a4 \uad00\uacc4\uc790\ub294 \"\uc774\ubc88 \uc2e0\uaddc \uac70\uc810 \ud22c\uc790\ub97c \ud1b5\ud574 \ucc28\uc138\ub300 \uc5f0\ub8cc\uc804\uc9c0\uc2dc\uc2a4\ud15c\uc758 \ud6a8\uc728\uc801\uc778 \uacf5\uae09\ub9dd\uc744 \uad6c\ucd95\ud558\uace0 \uc218\uc18c \uad00\ub828 \uc0dd\ud0dc\uacc4 \ud655\ub300\uc5d0 \uc0c8\ub85c\uc6b4 \uacc4\uae30\ub97c \ub9c8\ub828\ud560 \uac83\uc73c\ub85c \uae30\ub300\ud55c\ub2e4\"\uace0 \ub9d0\ud588\ub2e4.\n"}, {"market": "kospi", "sid": "000760", "codename": "\uc774\ud654\uc0b0\uc5c5", "year": 2021, "month": 8, "article_url": "http://www.ksilbo.co.kr/news/articleView.html?idxno=910449", "news_company": "\uacbd\uc0c1\uc77c\ubcf4", "title": "[\ubc1c\uc5b8\ub300]\uba85\ucd0c\uc9c0\uad6c\ub300 \uac1c\uc18c, \uc774\uc81c\ub294 \ub18d\uc18c2\ub3d9\ud30c\ucd9c\uc18c \uc124\ub9bd\uc73c\ub85c", "headline": null, "date_str": null, "writer": null, "section": null, "original_article_link": null, "article_body": null}, {"market": "kospi", "sid": "000760", "codename": "\uc774\ud654\uc0b0\uc5c5", "year": 2021, "month": 8, "article_url": "https://m.news.naver.com/read?mode=LSD&mid=sec&sid1=101&oid=008&aid=0004634037", "news_company": "\uba38\ub2c8\ud22c\ub370\uc774", "title": "'\uc218\uc18c\uacbd\uc81c \uc55e\ub2f9\uae34\ub2e4'\u2026\ud604\ub300\ubaa8\ube44\uc2a4, 1\uc8703200\uc5b5 '\uc5f0\ub8cc\uc804\uc9c0 \uc0dd\uc0b0\uc2dc\uc124' \ud22c\uc790", "headline": "'\uc218\uc18c\uacbd\uc81c \uc55e\ub2f9\uae34\ub2e4'\u2026\ud604\ub300\ubaa8\ube44\uc2a4, 1\uc8703200\uc5b5 '\uc5f0\ub8cc\uc804\uc9c0 \uc0dd\uc0b0\uc2dc\uc124' \ud22c\uc790", "date_str": "2021.08.20. \uc624\ud6c4 3:44", "writer": "\uc774\uac15\uc900 \uae30\uc790", "section": "\uacbd\uc81c", "original_article_link": "http://news.mt.co.kr/mtview.php?no=2021082015295585437", "article_body": "\n\n\n\n\n\ud604\ub300\ubaa8\ube44\uc2a4 \ucda9\uc8fc\uacf5\uc7a5 \uc218\uc18c\ube44\uc0c1\ubc1c\uc804\uc2dc\uc2a4\ud15c\ud604\ub300\ubaa8\ube44\uc2a4\uac00 \uc218\uc18c \uc5f0\ub8cc\uc804\uc9c0 \uc0dd\uc0b0\uc2dc\uc124\uc744 \uad6c\ucd95\ud558\uae30 \uc704\ud574 1\uc870 3216\uc5b5\uc6d0\uc758 \ud22c\uc790\uc5d0 \ub300\ud55c \uc548\uac74\uc744 \uc774\uc0ac\ud68c\uc5d0\uc11c \uc2b9\uc778\ud588\ub2e4\uace0 20\uc77c \uacf5\uc2dc\ud588\ub2e4.\uc774\ubc88 \ud22c\uc790\ub294 \uc5f0\ub8cc\uc804\uc9c0 \uc81c\ud488\uacbd\uc7c1\ub825\uc744 \uac15\ud654\ud558\uace0 \uc591\uc0b0\ud6a8\uc728\ud654\ub97c \uc704\ud55c \uc0dd\uc0b0\ub2a5\ub825\uc744 \ud655\ubcf4\ud558\uae30 \uc704\ud55c \ubaa9\uc801\uc774\ub2e4. \ud604\ub300\ubaa8\ube44\uc2a4\ub294 \uc778\ucc9c \uccad\ub77c\uad6d\uc81c\ub3c4\uc2dc IHP \ub3c4\uc2dc\ucca8\ub2e8 \uc0b0\uc5c5\ub2e8\uc9c0\uc640 \uc6b8\uc0b0 \uc774\ud654 \uc77c\ubc18\uc0b0\uc5c5\ub2e8\uc9c0\uc5d0 \uc218\uc18c\uc5f0\ub8cc\uc804\uc9c0 \uc0dd\uc0b0\uc744 \uc704\ud55c \uc2e0\uaddc \uac70\uc810\uc744 \uad6c\ucd95\ud560 \uc608\uc815\uc774\uba70, \uc62c \ud558\ubc18\uae30 \ucc29\uacf5\uc5d0 \ub4e4\uc5b4\uac00 \uc624\ub294 2023\ub144\ubd80\ud130 \uac00\ub3d9\ud560 \ubc29\uce68\uc774\ub2e4.\uc55e\uc73c\ub85c \uc778\ucc9c \uccad\ub77c\uacf5\uc7a5\uc5d0\uc11c\ub294 \uc5f0\ub8cc\uc804\uc9c0\uc2a4\ud0dd\uc744 \uc0dd\uc0b0\ud558\uace0, \uc774\ub97c \uc6b8\uc0b0\uacf5\uc7a5\uc5d0\uc11c \uc5f0\ub8cc\uc804\uc9c0\uc2dc\uc2a4\ud15c\uc73c\ub85c \ucd5c\uc885 \uc81c\ud488\ud654\ud574 \uc644\uc131\ucc28\uc5d0 \uacf5\uae09\ud560 \uacc4\ud68d\uc774\ub2e4.\ud604\ub300\ubaa8\ube44\uc2a4 \uad00\uacc4\uc790\ub294 \"\uc774\ubc88 \uc2e0\uaddc \uac70\uc810 \ud22c\uc790\ub97c \ud1b5\ud574 \ucc28\uc138\ub300 \uc5f0\ub8cc\uc804\uc9c0\uc2dc\uc2a4\ud15c\uc758 \ud6a8\uc728\uc801\uc778 \uacf5\uae09\ub9dd\uc744 \uad6c\ucd95\ud558\uace0 \uc218\uc18c \uad00\ub828 \uc0dd\ud0dc\uacc4 \ud655\ub300\uc5d0 \uc0c8\ub85c\uc6b4 \uacc4\uae30\ub97c \ub9c8\ub828\ud560 \uac83\uc73c\ub85c \uae30\ub300\ud55c\ub2e4\"\uace0 \ub9d0\ud588\ub2e4.\n"}, {"market": "kospi", "sid": "000760", "codename": "\uc774\ud654\uc0b0\uc5c5", "year": 2021, "month": 8, "article_url": "http://www.ksilbo.co.kr/news/articleView.html?idxno=910449", "news_company": "\uacbd\uc0c1\uc77c\ubcf4", "title": "[\ubc1c\uc5b8\ub300]\uba85\ucd0c\uc9c0\uad6c\ub300 \uac1c\uc18c, \uc774\uc81c\ub294 \ub18d\uc18c2\ub3d9\ud30c\ucd9c\uc18c \uc124\ub9bd\uc73c\ub85c", "headline": null, "date_str": null, "writer": null, "section": null, "original_article_link": null, "article_body": null}]}