{"data": [{"market": "kospi", "sid": "000070", "codename": "\uc0bc\uc591\ud640\ub529\uc2a4", "year": 2022, "month": 1, "article_url": "http://www.dailysmart.co.kr/news/articleView.html?idxno=54420", "news_company": "\uc2a4\ub9c8\ud2b8\uacbd\uc81c", "title": "\uae40\uc724 \uc0bc\uc591\uadf8\ub8f9 \ud68c\uc7a5 \"\uc131\uc7a5 \ud5a5\ud55c \ub3c4\uc804 \uba48\ucd94\uc9c0 \uc54a\uc744 \uac83\"", "headline": null, "date_str": null, "writer": null, "section": null, "original_article_link": null, "article_body": null}, {"market": "kospi", "sid": "000070", "codename": "\uc0bc\uc591\ud640\ub529\uc2a4", "year": 2022, "month": 1, "article_url": "http://m.thekpm.com/view.php?ud=2022010309405852925cb205d37d_17", "news_company": "\ub18d\uc5c5\uacbd\uc81c\uc2e0\ubb38", "title": "[\uc2e0\ub144\uc0ac] \uae40\uc724 \uc0bc\uc591\ud640\ub529\uc2a4 \ud68c\uc7a5 \"\uc131\uc7a5 \ud5a5\ud55c \ub3c4\uc804 \uba48\ucd94\uc9c0 \uc54a\uc744 \uac83\"", "headline": null, "date_str": null, "writer": null, "section": null, "original_article_link": null, "article_body": null}, {"market": "kospi", "sid": "000070", "codename": "\uc0bc\uc591\ud640\ub529\uc2a4", "year": 2022, "month": 1, "article_url": "http://www.enewstoday.co.kr/news/articleView.html?idxno=1538642", "news_company": "\uc774\ub274\uc2a4\ud22c\ub370\uc774", "title": "\uae40\uc724 \uc0bc\uc591\ud640\ub529\uc2a4 \ud68c\uc7a5 \"\uc131\uc7a5 \ud5a5\ud55c \ub3c4\uc804 \uba48\ucd94\uc9c0 \uc54a\uc744 \uac83\"", "headline": null, "date_str": null, "writer": null, "section": null, "original_article_link": null, "article_body": null}, {"market": "kospi", "sid": "000070", "codename": "\uc0bc\uc591\ud640\ub529\uc2a4", "year": 2022, "month": 1, "article_url": "https://www.ngetnews.com/news/articleView.html?idxno=405338", "news_company": "\ub274\uc2a4\uc800\ub110\ub9ac\uc998", "title": "[\uc2e0\ub144\uc0ac] \uae40\uc724 \uc0bc\uc591\uadf8\ub8f9 \ud68c\uc7a5 \"\uc131\uc7a5 \ud5a5\ud55c \ub3c4\uc804 \uba48\ucd94\uc9c0 \uc54a\uc744 \uac83\"", "headline": null, "date_str": null, "writer": null, "section": null, "original_article_link": null, "article_body": null}, {"market": "kospi", "sid": "000070", "codename": "\uc0bc\uc591\ud640\ub529\uc2a4", "year": 2022, "month": 1, "article_url": "http://m.pinpointnews.co.kr/view.php?ud=202201030703274701cd1e7f0bdf_45", "news_company": "\ud540\ud3ec\uc778\ud2b8\ub274\uc2a4", "title": "\uc804\uc138\uacc4 \uc784\uc0c1 \uc911\uc778 \ucf54\ub85c\ub098 \ubc31\uc2e0 113\uc885, 44\uc885\uc740 \ucd5c\uc885\ub2e8\uacc4\u2026\uacf5\uc2dd\uc2b9\uc778 '9\uc885'", "headline": null, "date_str": null, "writer": null, "section": null, "original_article_link": null, "article_body": null}]}