{"data": [{"market": "kospi", "sid": "000590", "codename": "CS\ud640\ub529\uc2a4", "year": 2022, "month": 3, "article_url": "http://daily.hankooki.com/news/articleView.html?idxno=799934", "news_company": "\ub370\uc77c\ub9ac\ud55c\uad6d", "title": "1970\ub144 \uc774\ud6c4 \ucd9c\uc0dd '\ud68c\uc7a5\u00b7\ubd80\ud68c\uc7a5'\ub9cc 50\uba85...\uc7ac\uacc4 \uc138\ub300\uad50\uccb4 \uac00\uc18d\ud654", "headline": null, "date_str": null, "writer": null, "section": null, "original_article_link": null, "article_body": null}, {"market": "kospi", "sid": "000590", "codename": "CS\ud640\ub529\uc2a4", "year": 2022, "month": 3, "article_url": "http://www.pharmnews.com/news/articleView.html?idxno=201956", "news_company": "\ud31c\ub274\uc2a4", "title": "70\ub144 \uc774\ud6c4 \ucd9c\uc0dd '\ud68c\uc7a5\u00b7\ubd80\ud68c\uc7a5'\ub9cc 50\uba85\u2026\uc0bc\uc77c\uc81c\uc57d\u2e31\uacbd\ub3d9\uc81c\uc57d\ub3c4 \ud3ec\ud568", "headline": null, "date_str": null, "writer": null, "section": null, "original_article_link": null, "article_body": null}, {"market": "kospi", "sid": "000590", "codename": "CS\ud640\ub529\uc2a4", "year": 2022, "month": 3, "article_url": "http://www.kpinews.co.kr/news/articleView.html?idxno=171868", "news_company": "\uad7f\ubaa8\ub2dd\uacbd\uc81c", "title": "1970\ub144 \uc774\ud6c4 \ucd9c\uc0dd\ud55c '\ud68c\uc7a5\u00b7\ubd80\ud68c\uc7a5' 50\uba85\u2026\uc7ac\uacc4 \uc138\ub300\uad50\uccb4 \uac00\uc18d\ud654", "headline": null, "date_str": null, "writer": null, "section": null, "original_article_link": null, "article_body": null}, {"market": "kospi", "sid": "000590", "codename": "CS\ud640\ub529\uc2a4", "year": 2022, "month": 3, "article_url": "https://n.news.naver.com/article/417/0000794275?sid=101", "news_company": "\uba38\ub2c8S\uc5b8\ub860\uc0ac \uc120\uc815", "title": "1970\ub144 \uc774\ud6c4 \ucd9c\uc0dd \ud68c\uc7a5\u00b7\ubd80\ud68c\uc7a5 50\uba85\u2026 \uc7ac\uacc4 \uc138\ub300\uad50\uccb4 \uac00\uc18d", "headline": "1970\ub144 \uc774\ud6c4 \ucd9c\uc0dd \ud68c\uc7a5\u00b7\ubd80\ud68c\uc7a5 50\uba85\u2026 \uc7ac\uacc4 \uc138\ub300\uad50\uccb4 \uac00\uc18d", "date_str": "2022.03.15. \uc624\uc804 11:00", "writer": "\uc774\ud55c\ub4ec \uae30\uc790", "section": "\uacbd\uc81c", "original_article_link": "http://moneys.mt.co.kr/news/mwView.php?no=2022031510558047311", "article_body": "\n\n\n\n\n\uc815\uc758\uc120 \ud604\ub300\ucc28\uadf8\ub8f9 \ud68c\uc7a5. / \uc0ac\uc9c4=\ud604\ub300\ucc28\uadf8\ub8f9\uad6d\ub0b4 \uc7ac\uacc4\uc5d0 \uc80a\uc740 \uc624\ub108\ub4e4\uc774 \uacbd\uc601 \uc77c\uc120\uc5d0 \uc804\uc9c4\ubc30\uce58 \ub418\ub294 \uac00\uc6b4\ub370 \uc138\ub300\uad50\uccb4 \ubc14\ub78c\uc774 \uac70\uc138\uac8c \ubd88\uace0 \uc788\ub294 \uac83\uc73c\ub85c \ub098\ud0c0\ub0ac\ub2e4. 15\uc77c \ud55c\uad6dCXO\uc5f0\uad6c\uc18c\uac00 \uacf5\uc815\uac70\ub798\uc704\uc6d0\ud68c \uc9c0\uc815 72\uac1c \ub300\uae30\uc5c5\uc9d1\ub2e8\uc744 \ub300\uc0c1\uc73c\ub85c \u20181970\ub144 \uc774\ud6c4 \ucd9c\uc0dd\ud55c \uc624\ub108 \uc784\uc6d0 \ud604\ud669\u2019\uc744 \ubd84\uc11d\ud55c \uacb0\uacfc\uc5d0 \ub530\ub974\uba74 1970\ub144 \uc774\ud6c4 \ucd9c\uc0dd\ud55c \uc624\ub108\uac00 \uc911 \uc784\uc6d0 \ud0c0\uc774\ud2c0\uc744 \ubcf4\uc720\ud55c \uc778\uc6d0\uc740 270\uba85\uc774\uc5c8\ub2e4. \uc774\uc911 \uacf5\uc2dd\uc801\uc73c\ub85c \u2018\ud68c\uc7a5\u2019 \ud0c0\uc774\ud2c0\uc744 \uc4f0\uace0 \uc788\ub294 \uc624\ub108 \uacbd\uc601\uc790\ub294 21\uba85\uc73c\ub85c \uc9d1\uacc4\ub410\ub2e4. 50\ub300 \ucd08\ubc18 \ubbf8\ub9cc\uc5d0 \uc18d\ud558\ub294 \uc80a\uc740 \ud68c\uc7a5\uae09 \uacbd\uc601\uc790\ub9cc 20\uba85\uc744 \ub118\uc5b4\uc120 \uac83\uc774\ub2e4.    \uc62c\ud574 53\uc138\uc778 \uc815\uc758\uc120 \ud604\ub300\uc790\ub3d9\ucc28 \ud68c\uc7a5\uc740 2020\ub144 10\uc6d4 \uc911\uc21c\uc5d0 \uc218\uc11d\ubd80\ud68c\uc7a5\uc5d0\uc11c \uadf8\ub8f9 \ud68c\uc7a5\uc73c\ub85c \uc2b9\uc9c4\ud588\ub2e4. \uc62c\ud574 51\uc138\uc778 \uc815\uc9c0\uc120 \ud604\ubc31\ud654\uc810 \ud68c\uc7a5\uc740 2007\ub144 12\uc6d4\uc5d0 \ubd80\uce5c\uc778 \uc815\ubabd\uadfc \uba85\uc608\ud68c\uc7a5\uc774 \ubb3c\ub7ec\ub098\uba74\uc11c \ud604\ub300\ubc31\ud654\uc810\uadf8\ub8f9 \ud68c\uc7a5 \ud0c0\uc774\ud2c0\uc744 \ucc98\uc74c \ub2ec\uc544 \ud68c\uc7a5 \uc9c1\uc704\ub9cc 10\ub144 \uc774\uc0c1 \uc720\uc9c0\ud574\uc624\uace0 \uc788\ub2e4. \uae40\ub0a8\ud638 DB\uadf8\ub8f9 \ud68c\uc7a5(48)\uc740 2020\ub144 7\uc6d4, \uc870\uc6d0\ud0dc \ud55c\uc9c4\uadf8\ub8f9 \ud68c\uc7a5(47)\uc740 2019\ub144 4\uc6d4, \uad6c\uad11\ubaa8 LG\uadf8\ub8f9 \ud68c\uc7a5(45)\uc740 2018\ub144 6\uc6d4\uc5d0 \uac01\uac01 \uadf8\ub8f9 \ucd5c\uace0 \uc218\uc7a5 \ubc18\uc5f4\uc5d0 \uc62c\ub77c\uc130\ub2e4. \uc870\ud604\ubc94 \ud55c\uad6d\ud0c0\uc774\uc5b4\uadf8\ub8f9 \ud68c\uc7a5\uc740(51\uc138)\uc740 \uc9c0\ub09c\ud574 \uc2b9\uc9c4\ud588\ub2e4.    \uc8fc\uc694 \uc911\uacac\uae30\uc5c5 \uc911\uc5d0\uc11c\ub294 \ucc3d\uc5c5 1\uc138\ub300 \ud68c\uc7a5\uae09\uc774 2\uba85\uc73c\ub85c \ub098\ud0c0\ub0ac\ub2e4. \uc544\uc2a4\ucf58(\uc544\uc2a4\ud314\ud2b8 \ucf58\ud06c\ub9ac\ud2b8)\uacfc \ub808\ubbf8\ucf58 \uc0ac\uc5c5 \ub4f1\uc744 \uc601\uc704\ud558\ub294 \ubc15\ucc3d\ud638 SG \ud68c\uc7a5(51)\uacfc \uc2dc\uc2a4\ud15c \uc18c\ud504\ud2b8\uc6e8\uc5b4 \ub4f1\uc744 \uac1c\ubc1c\ud558\ub294 \uae40\uc7a5\uc911 \uc774\uc2a4\ud2b8\uc18c\ud504\ud2b8 \ud68c\uc7a5(51)\uc774 \uc5ec\uae30\uc5d0 \ud3ec\ud568\ub410\ub2e4. 4\uc138 \uacbd\uc601\uc790 \uc911\uc5d0\uc11c\ub294 \uc7a5\uc6d0\uc601 CS\ud640\ub529\uc2a4 \ud68c\uc7a5(48) \uc720\uc77c\ud588\ub2e4. \ubd80\ud68c\uc7a5 \ud0c0\uc774\ud2c0\uc744 \ub2ec\uace0 \uc788\ub294 \uc624\ub108\uac00 \uc784\uc6d0\uc740 29\uba85\uc73c\ub85c \uc870\uc0ac\ub410\ub2e4. \uac15\ud638\ucc2c \ub125\uc13c \ubd80\ud68c\uc7a5(52), \uace0\uae30\uc601 \uae08\ube44 \ubd80\ud68c\uc7a5(52), \ubc15\uc815\uae38 \uc138\uc885\uacf5\uc5c5 \ucd1d\uad04\ubd80\ud68c\uc7a5(52), \uc870\uacbd\ud638 \ub300\ucc3d \ubd80\ud68c\uc7a5(51), \uae40\ub0a8\uc815 \ub3d9\uc6d0F&B \ubd80\ud68c\uc7a5(50), \uc724\uc0c1\ud604 \ud55c\uad6d\ucf5c\ub9c8\ud640\ub529\uc2a4 \ubd80\ud68c\uc7a5(49) \ubd80\ud68c\uc7a5 \ub4f1\uc774 \ub300\ud45c\uc801\uc774\ub2e4. \ud615\uc81c\uac00 \ubaa8\ub450 \ubd80\ud68c\uc7a5 \uc9c1\uc704\ub97c \uac16\uace0 \uc788\ub294 \uacbd\uc6b0\ub3c4 \uc788\uc5c8\ub2e4. \ud55c\uc138\uc608\uc2a424\uadf8\ub8f9 \uae40\ub3d9\ub155 \ud68c\uc7a5\uc758 \uc7a5\ub0a8\uacfc \ucc28\ub0a8\uc778 \uae40\uc11d\ud658(49)\u00b7\uae40\uc775\ud658(47) \ubd80\ud68c\uc7a5\uc740 \ub450 \uc0b4 \ud130\uc6b8\ub85c \ud604\uc7ac \uac19\uc740 \ubd80\ud68c\uc7a5 \ud0c0\uc774\ud2c0\uc744 \ub2ec\uace0 \uacbd\uc601\uc5d0 \ucc38\uc5ec \uc911\uc774\ub2e4. \ud654\uc2b9\uc54c\uc564\uc5d0\uc774 \ud604\uc9c0\ud638(52), \ud654\uc2b9\uc778\ub354\uc2a4\ud2b8\ub9ac \ud604\uc11d\ud638(50) \ub450 \ud615\uc81c\ub3c4 \ub3d9\uc77c\ud55c \ubd80\ud68c\uc7a5 \uc9c1\uc704\ub97c \uac16\uace0 \uc788\ub294 \uc0c1\ud669\uc774\ub2e4. \uc5ec\uc131 \ubd80\ud68c\uc7a5\ub3c4 3\uba85 \uc788\uc5c8\ub2e4. \uc815\ud61c\uc2b9 \uc778\uc9c0\ucee8\ud2b8\ub864\uc2a4 \ubd80\ud68c\uc7a5(51), \uc784\uc138\ub839 \ub300\uc0c1\ud640\ub529\uc2a4 \ubd80\ud68c\uc7a5(46), \uc870\uc5f0\uc8fc \ud55c\uc194\ucf00\ubbf8\uce7c \ubd80\ud68c\uc7a5(44)\uc774 \uc5ec\uc131 \ubd80\ud68c\uc7a5 \ud2b8\ub85c\uc774\uce74\ub85c \ud65c\uc57d \uc911\uc774\ub2e4.   1980\ub144 \uc774\ud6c4 \ucd9c\uc0dd\ud55c MZ\uc138\ub300 \uc80a\uc740 \ubd80\ud68c\uc7a5\ub3c4 3\uba85 \uc788\uc5c8\ub2e4. \uc11c\uc900\ud601 \ub300\uba85\uc18c\ub178\uc2dc\uc98c \ubd80\ud68c\uc7a5\uacfc \ucd5c\uc131\uc6b1 \ub3d9\uc591\uace0\uc18d \ubd80\ud68c\uc7a5\uc740 \uc62c\ud574 43\uc138\uc778 \ub3d9\uac11\ub0b4\uae30\ub2e4. \ub958\uae30\uc131 \uacbd\ub3d9\uc81c\uc57d \ubd80\ud68c\uc7a5(41)\ub3c4 80\ub144\ub300\uc0dd\uc5d0 \uc18d\ud588\ub2e4. \uc774\ubc88 \uc870\uc0ac\uc5d0\uc11c \ub300\ud45c\uc774\uc0ac\ub97c \ud3ec\ud568\ud574 \uc0ac\uc7a5\uae09 CEO\ub9cc \ud574\ub3c4 147\uba85(54.4%)\uc73c\ub85c 50%\ub97c \ub118\uc5b4\uc130\ub2e4. \uc774\uc911 4\uba85 \uc911 1\uba85\uc740 1980\ub144 \uc774\ud6c4 \ucd9c\uc0dd\ud55c \uac83\uc73c\ub85c \uc870\uc0ac\ub410\ub2e4. \ub300\ud45c\uc801\uc73c\ub85c \uae40\ub3d9\uad00 \ud55c\ud654\uc194\ub8e8\uc158 \uc0ac\uc7a5(40)\uc744 \ube44\ub86f\ud574 \uc591\ud64d\uc11d \ub300\uc2e0\uc99d\uad8c \uc0ac\uc7a5(42), \ud64d\uc815\uad6d BGF \uc0ac\uc7a5(41), \uc815\uae30\uc120 HD\ud604\ub300 \uc0ac\uc7a5(41), \uc870\ud604\ubbfc \ud55c\uc9c4 \ucd1d\uad04\uc0ac\uc7a5(40), \uc774\uc6a9\uc9c4 \uacbd\ub18d \uc0ac\uc7a5(38) \uc0ac\uc7a5, \uc774\uc131\uc6d0 \uc2e0\uc601\uc640\ucf54\ub8e8 \uc0ac\uc7a5(38) \ub4f1\uc774 MZ\uc138\ub300 \u2018\uc0ac\uc7a5\u2019 \ubc18\uc5f4\uc5d0 \uc9c4\uc785\ud588\ub2e4.  \uc5ec\uc131 \uc911\uc5d0\uc11c\ub294 \uc774\ubd80\uc9c4 \ud638\ud154\uc2e0\ub77c \uc0ac\uc7a5(53)\uc744 \ud544\ub450\ub85c \uc815\uc720\uacbd \uc2e0\uc138\uacc4 \ucd1d\uad04\uc0ac\uc7a5(51), \uc784\uc8fc\ud604 \ud55c\ubbf8\uc57d\ud488 \uc0ac\uc7a5(49), \uc724\uc5ec\uc6d0 \ucf5c\ub9c8\ube44\uc564\uc5d0\uc774\uce58 \uc0ac\uc7a5(47) \ub4f1\uc774 \uacbd\uc601 \uc804\uba74\uc5d0\uc11c \ub9f9\ud65c\uc57d\ud558\uace0 \uc788\ub2e4.  \uc774\ubc88\uc5d0 \uc870\uc0ac\ub41c 270\uba85\uc774 \ub118\ub294 \uc80a\uc740 \uc624\ub108\uac00 \uc784\uc6d0 \uc911 2\uc138 \uacbd\uc601\uc790\ub294 151\uba85(55.9%)\uc73c\ub85c \uc808\ubc18\uc744 \ub118\uc5b4\uc130\ub2e4. \uc774\uc5b4 3\uc138 \uacbd\uc601\uc790\uac00 98\uba85(36.3%)\uc73c\ub85c \uadf8 \ub2e4\uc74c\uc73c\ub85c \ub9ce\uc558\uace0, 4\uc138 \uae30\uc5c5\uac00\ub3c4 14\uba85(5.2%)\uc73c\ub85c \uc870\uc0ac\ub410\ub2e4. \uc9c1\uc704\ubcc4\ub85c \ubcf4\uba74 \u2018\uc0ac\uc7a5\uae09(\ub300\ud45c\uc774\uc0ac\u00b7\uc758\uc7a5 \ud3ec\ud568)\u2019\uc774 147\uba85\uc73c\ub85c \ucd5c\ub2e4\uc600\ub2e4. \uc774\uc5b4 \ubd80\ud68c\uc7a5\uae09(29\uba85), \ubd80\uc0ac\uc7a5\uae09(23\uba85), \uc21c\uc73c\ub85c \ub9ce\uc558\ub2e4. \ud68c\uc7a5\uae09(21\uba85), \uc804\ubb34\uae09(17\uba85), \uc0c1\ubb34\uae09(17\uba85) \ub4f1\uc740 20\uba85 \ubbf8\ub9cc\uc774\uc5c8\ub2e4. \uc5f0\ub839\ub300\ubcc4\ub85c \uc0b4\ud3b4\ubcf4\uba74 1974\ub144\uc5d0\uc11c 1975\ub144\uc5d0 \ucd9c\uc0dd\ud55c \uc624\ub108\uac00 \uc80a\uc740 \uc784\uc6d0\uc774 46\uba85\uc73c\ub85c \uac00\uc7a5 \ub9ce\uc740 \uac83\uc73c\ub85c \uc870\uc0ac\ub410\ub2e4. \uc774\uc5b4 72\ub144~73\ub144\uc0dd(44\uba85), 76~77\ub144 \ubc0f 78~79\ub144(\uac01 34\uba85), 70~71\ub144(32\uba85) \uc21c\uc73c\ub85c 30\uba85\uc744 \uc0c1\ud68c\ud588\ub2e4. \ub2e8\uc77c \ucd9c\uc0dd\ub144\ub3c4 \uc911\uc5d0\uc11c\ub294 1972\ub144\uacfc 1974\ub144\uc5d0 \ud0dc\uc5b4\ub09c \uc784\uc6d0\uc774 \uac01\uac01 24\uba85\uc73c\ub85c \uac00\uc7a5 \ub9ce\uc558\ub2e4. 270\uba85 \ub418\ub294 \uc80a\uc740 \uc624\ub108\uac00 \uc784\uc6d0 \uc911 1980\ub144 \uc774\ud6c4\uc5d0 \ud0dc\uc5b4\ub09c MZ\uc138\ub300 \uc784\uc6d0\uc740 80\uba85(29.6%)\uc73c\ub85c 10\uba85 \uc911 3\uba85 \uaf34\ub85c \ub098\ud0c0\ub0ac\ub2e4.  \uc870\uc0ac \ub300\uc0c1 270\uba85 \uc911 \uc5ec\uc131 \uc624\ub108 \uc784\uc6d0\uc740 43\uba85(15.9%)\uc774\uc5c8\uace0, \ub0a8\uc131\uc740 227\uba85(84.1%)\ub85c \uc555\ub3c4\uc801\uc73c\ub85c \ub192\uc558\ub2e4. \uc624\ub108\uac00 \uc784\uc6d0 \uadf8\ub8f9 \uc911\uc5d0\uc11c\ub3c4 10\uba85 \uc911 8\uba85 \ub118\uac8c \ub0a8\uc131\uc73c\ub85c \ucc44\uc6cc\uc838 \uc131\ube44 \ucc28\uc774\uac00 \ucef8\ub2e4.  \n"}, {"market": "kospi", "sid": "000590", "codename": "CS\ud640\ub529\uc2a4", "year": 2022, "month": 3, "article_url": "https://n.news.naver.com/article/421/0005969225?sid=101", "news_company": "\ub274\uc2a41", "title": "\uc7ac\uacc4 \uc138\ub300\uad50\uccb4 \uc18d\ub3c4\u20261970\ub144 \uc774\ud6c4 \ucd9c\uc0dd '\ud68c\uc7a5\u00b7\ubd80\ud68c\uc7a5'\ub9cc 50\uba85", "headline": "\uc7ac\uacc4 \uc138\ub300\uad50\uccb4 \uc18d\ub3c4\u20261970\ub144 \uc774\ud6c4 \ucd9c\uc0dd '\ud68c\uc7a5\u00b7\ubd80\ud68c\uc7a5'\ub9cc 50\uba85", "date_str": "2022.03.15. \uc624\uc804 11:00", "writer": "\uc2e0\uac74\uc6c5 \uae30\uc790", "section": "\uacbd\uc81c", "original_article_link": "https://www.news1.kr/articles/?4615745", "article_body": "\nCXO\uc5f0\uad6c\uc18c, \uc624\ub108\uac00 \uc784\uc6d0 270\uba85 \ubd84\uc11d\uc0ac\uc7a5\uae09 \ubc18\uc5f4 \uc624\ub978 \uc80a\uc740 \uc624\ub108 \uc784\uc6d0\ub3c4 150\uba85 \uc721\ubc15\n\n\n\n1970\ub144 \uc774\ud6c4 \ucd9c\uc0dd\ud55c \uc624\ub108\uac00 \ud68c\uc7a5 \u00a9 \ub274\uc2a41(\uc11c\uc6b8=\ub274\uc2a41) \uc2e0\uac74\uc6c5 \uae30\uc790 = \uc7ac\uacc4\uc5d0 \uc138\ub300\uad50\uccb4 \ubc14\ub78c\uc774 \ubd88\uace0 \uc788\ub2e4. \uc8fc\uc694 \uc624\ub108\uac00 \uc911 1970\ub144 \uc774\ud6c4\uc5d0 \ud0dc\uc5b4\ub09c '\ud68c\uc7a5'\uc740 20\uba85\uc744 \ub118\uc5b4\uc130\uace0 \ubd80\ud68c\uc7a5\uae09\uae4c\uc9c0 \ud569\uce58\uba74 50\uba85 \uc815\ub3c4 \ud65c\uc57d\ud558\uace0 \uc788\ub294 \uac83\uc73c\ub85c \ub098\ud0c0\ub0ac\ub2e4. 1980\ub144 \uc774\ud6c4 \ud0dc\uc5b4\ub09c MZ\uc138\ub300 \uc624\ub108 \uc784\uc6d0\ub3c4 \uc624\ub108\uac00\uc758 1970\ub144 \uc774\ud6c4 \ucd9c\uc0dd\uc790 \uc911 30%\ub098 \ub410\ub2e4.\ud55c\uad6dCXO\uc5f0\uad6c\uc18c\ub294 \uc774 \uac19\uc740 \ub0b4\uc6a9\uc758 '1970\ub144 \uc774\ud6c4 \ucd9c\uc0dd\ud55c \uc624\ub108\uac00(\u5bb6) \uc784\uc6d0 \ud604\ud669 \ubd84\uc11d' \uacb0\uacfc\ub97c 15\uc77c \ubc1c\ud45c\ud588\ub2e4. \uc870\uc0ac \ub300\uc0c1\uc740 \uacf5\uc815\uac70\ub798\uc704\uc6d0\ud68c\uac00 \uc9c0\ub09c\ud574 \uc9c0\uc815\ud55c 72\uac1c \ub300\uae30\uc5c5\uc9d1\ub2e8(\uadf8\ub8f9)\uc744 \ud3ec\ud568\ud574 \uad6d\ub0b4 \uc8fc\uc694 200\ub300 \uadf8\ub8f9\uacfc \uc911\uacac\u00b7\uc911\uc18c\uae30\uc5c5 \uc911 1970\ub144 \uc774\ud6c4 \ucd9c\uc0dd\ud55c \uc624\ub108\uac00 \uc784\uc6d0\uc774\ub2e4. 1970\ub144 \uc774\ud6c4 \ucd9c\uc0dd\ud55c \uc624\ub108\uac00 \uc911 \uc784\uc6d0\uc740 \ubaa8\ub450 270\uba85\uc774\uc5c8\ub2e4. \uadf8\uc911 \uacf5\uc2dd\uc801\uc73c\ub85c \ud68c\uc7a5 \uc9c1\ud568\uc744 \uc4f0\ub294 \uc624\ub108 \uacbd\uc601\uc790\ub294 21\uba85\uc774\ub2e4. \uac00\uc7a5 \uba3c\uc800 \uc62c\ud574 53\uc138\uc778 \ud604\ub300\uc790\ub3d9\ucc28 \uc815\uc758\uc120 \ud68c\uc7a5\uc774 \uaf3d\ud78c\ub2e4. \uc815 \ud68c\uc7a5\uc740 \uc9c0\ub09c 2020\ub144 10\uc6d4 \uc911\uc21c\uc5d0 \uc218\uc11d\ubd80\ud68c\uc7a5\uc5d0\uc11c \uadf8\ub8f9 \ud68c\uc7a5\uc73c\ub85c \uc2b9\uc9c4\ud588\ub2e4. \ub610 \uc62c\ud574 51\uc138\uc778 \ud604\ub300\ubc31\ud654\uc810 \uc815\uc9c0\uc120 \ud68c\uc7a5\uc740 \uc9c0\ub09c 2007\ub144 12\uc6d4\uc5d0 \ubd80\uce5c\uc778 \uc815\ubabd\uadfc \uba85\uc608\ud68c\uc7a5\uc774 \ubb3c\ub7ec\ub098\uba74\uc11c 10\ub144 \uc774\uc0c1 \ud68c\uc7a5 \uc790\ub9ac\ub97c \uc9c0\ud0a4\uace0 \uc788\ub2e4. DB\uadf8\ub8f9 \uae40\ub0a8\ud638(48\uc138) \ud68c\uc7a5\uacfc \ud55c\uc9c4\uadf8\ub8f9 \uc870\uc6d0\ud0dc(47\uc138) \ud68c\uc7a5, LG\uadf8\ub8f9 \uad6c\uad11\ubaa8(45\uc138) \ud68c\uc7a5\ub3c4 \ub208\uc5d0 \ub748\ub2e4. \uc9c0\ub09c\ud574\uc5d0\ub294 \ud55c\uad6d\ud0c0\uc774\uc5b4\uadf8\ub8f9 \uc870\ud604\ubc94(51\uc138) \uc0ac\uc7a5\uc774 \ud55c\uad6d\uc564\ucef4\ud37c\ub2c8\uc640 \ud55c\uad6d\ud0c0\uc774\uc5b4\uc564\ud14c\ud06c\ub180\ub85c\uc9c0 \ud68c\uc7a5\uc5d0 \uc62c\ub790\ub2e4.\uc8fc\uc694 \uc911\uacac\uae30\uc5c5 \uc911\uc5d0\uc11c\ub294 \uc544\uc2a4\ucf58(\uc544\uc2a4\ud314\ud2b8 \ucf58\ud06c\ub9ac\ud2b8)\uacfc \ub808\ubbf8\ucf58 \uc0ac\uc5c5 \ub4f1\uc744 \uc601\uc704\ud558\ub294 SG \ubc15\ucc3d\ud638(51\uc138) \ud68c\uc7a5, \uc2dc\uc2a4\ud15c \uc18c\ud504\ud2b8\uc6e8\uc5b4 \ub4f1\uc744 \uac1c\ubc1c\ud558\ub294 \uc774\uc2a4\ud2b8\uc18c\ud504\ud2b8 \uc124\ub9bd\uc790 \uae40\uc7a5\uc911(51\uc138) \ud68c\uc7a5\uc774 \ud3ec\ud568\ub410\ub2e4. CS\ud640\ub529\uc2a4 \uc7a5\uc6d0\uc601(48\uc138) \ud68c\uc7a5\uc740 \uc7a5\uacbd\ud638 \ucc3d\uc5c5\uac00\uc640 2\uc138 \uc7a5\uc0c1\uc900 \ud68c\uc7a5, 3\uc138 \uc7a5\uc138\uba85 \uc0ac\uc7a5\uc758 \uacc4\ubcf4\ub97c \uc774\uc5b4\uac14\ub2e4. \uc0bc\uc544\uc81c\uc57d \ud5c8\uc900(52\uc138) \ud68c\uc7a5\uacfc \uc870\uc120\ub0b4\ud654 \uc774\uc778\uc625(52\uc138) \ud68c\uc7a5, \ub300\ub9bc\ube44\uc564\ucf54 \uc774\ud574\uc601(52\uc138) \ud68c\uc7a5, \uc131\uc2e0\uc591\ud68c \uae40\ud0dc\ud604(49\uc138) \ud68c\uc7a5\ub3c4 70\ub144 \uc774\ud6c4 \ucd9c\uc0dd\ud55c \uacbd\uc601 3\uc138 \ud68c\uc7a5\uc774\ub2e4.\uc5d0\uc774\uce58\uc640\uc774(\ud55c\uad6d\uc57c\ucfe0\ub974\ud2b8) \uc724\ud638\uc911(52\uc138) \ud68c\uc7a5\uacfc \uc1a1\uc6d0\uc0b0\uc5c5 \ubc15\uc885\ud638(50\uc138) \ud68c\uc7a5, \uc0bc\ubaa9\uc5d0\uc2a4\ud3fc \uae40\uc900\ub144(49\uc138) \ud68c\uc7a5, \ud578\uc988\ucf54\ud37c\ub808\uc774\uc158 \uc2b9\ud604\ucc3d(46\uc138) \ud68c\uc7a5, \uc774\uc9c0\ud640\ub529\uc2a4 \uc9c0\ud604\uc6b1(45\uc138) \ud68c\uc7a5, \ub3d9\uc591\uace0\uc18d \ucd5c\uc131\uc6d0(44\uc138) \ud68c\uc7a5 \ub4f1\uc740 2\uc138 \uacbd\uc601\uc790\ub2e4. 1980\ub144\ub300\uc0dd MZ\uc138\ub300\uc778 \uc0bc\uc77c\uc81c\uc57d \ud5c8\uc2b9\ubc94(42\uc138) \ud68c\uc7a5\uacfc \ud734\ucf10\uc2a4 \ubc15\uc8fc\ud658(40\uc138) \ud68c\uc7a5\ub3c4 2\uc138 \uacbd\uc601\uc790\uc5d0 \uc18d\ud55c\ub2e4. \ubd80\ud68c\uc7a5 \ud0c0\uc774\ud2c0\uc744 \ub2ec\uace0 \uc788\ub294 \uc624\ub108\uac00 \uc784\uc6d0\uc740 \uc774\ubc88 \uc870\uc0ac\uc5d0\uc11c 29\uba85\uc73c\ub85c \uc870\uc0ac\ub410\ub2e4. \uadf8\uc911 \uc678\uc544\ub4e4\uc774\uac70\ub098 \uc7a5\uc790 \ud639\uc740 \uc9c0\ubd84 \ub4f1\uc744 \ub2e4\uc218 \ud655\ubcf4\ud574 \ucc28\uae30 \ud68c\uc7a5\uc73c\ub85c \uc720\ub825\ud558\uac8c \uac70\ub860\ub418\ub294 \ubd80\ud68c\uc7a5\uae09 \uc784\uc6d0\uc73c\ub85c\ub294 \ub125\uc13c \uac15\ud638\ucc2c(52\uc138) \ubd80\ud68c\uc7a5, \uae08\ube44 \uace0\uae30\uc601(52\uc138) \ubd80\ud68c\uc7a5, \uc138\uc885\uacf5\uc5c5 \ubc15\uc815\uae38(52\uc138) \ucd1d\uad04\ubd80\ud68c\uc7a5, \ub300\ucc3d \uc870\uacbd\ud638(51\uc138) \ubd80\ud68c\uc7a5, \ub3d9\uc6d0F&B \uae40\ub0a8\uc815(50\uc138) \ubd80\ud68c\uc7a5, \ud55c\uad6d\ucf5c\ub9c8\ud640\ub529\uc2a4 \uc724\uc0c1\ud604(49\uc138) \ubd80\ud68c\uc7a5 \ub4f1\uc774\ub2e4. \ud615\uc81c\uac00 \ubaa8\ub450 \ubd80\ud68c\uc7a5 \uc9c1\uc704\ub97c \uac16\uace0 \uc788\ub294 \uacbd\uc6b0\ub3c4 \uc788\uc5c8\ub2e4. \ud55c\uc138\uc608\uc2a424\uadf8\ub8f9 \uae40\ub3d9\ub155 \ud68c\uc7a5\uc758 \uc7a5\ub0a8\uacfc \ucc28\ub0a8\uc778 \uae40\uc11d\ud658(49\uc138)\u00b7\uae40\uc775\ud658(47\uc138) \ubd80\ud68c\uc7a5\uc740 \ud568\uaed8 \uacbd\uc601\uc5d0 \ucc38\uc5ec \uc911\uc774\ub2e4. \ud654\uc2b9\uc54c\uc564\uc5d0\uc774 \ud604\uc9c0\ud638(52\uc138), \ud654\uc2b9\uc778\ub354\uc2a4\ud2b8\ub9ac \ud604\uc11d\ud638(50\uc138) \ub450 \ud615\uc81c\ub3c4 \ub3d9\uc77c\ud55c \ubd80\ud68c\uc7a5 \uc9c1\uc704\ub97c \uac16\uace0 \uc788\ub2e4. \uc870\uc0ac \ub300\uc0c1\uc790 \uc911\uc5d0\ub294 \uc5ec\uc131 \ubd80\ud68c\uc7a5\ub3c4 3\uba85 \uc788\uc5c8\ub2e4. \uc778\uc9c0\ucee8\ud2b8\ub864\uc2a4 \uc815\ud61c\uc2b9(51\uc138) \ubd80\ud68c\uc7a5, \ub300\uc0c1\ud640\ub529\uc2a4 \uc784\uc138\ub839(46\uc138) \ubd80\ud68c\uc7a5, \ud55c\uc194\ucf00\ubbf8\uce7c \uc870\uc5f0\uc8fc(44\uc138) \ubd80\ud68c\uc7a5\uc774 \uc5ec\uc131 \ubd80\ud68c\uc7a5 \ud2b8\ub85c\uc774\uce74\ub85c \ud65c\uc57d \uc911\uc774\ub2e4.   1980\ub144 \uc774\ud6c4 \ucd9c\uc0dd\ud55c MZ\uc138\ub300 \uc80a\uc740 \ubd80\ud68c\uc7a5\ub3c4 3\uba85 \uc788\uc5c8\ub2e4. \ub300\uba85\uc18c\ub178\uc2dc\uc98c \uc11c\uc900\ud601 \ubd80\ud68c\uc7a5\uacfc \ub3d9\uc591\uace0\uc18d \ucd5c\uc131\uc6b1 \ubd80\ud68c\uc7a5\uc740 \uc62c\ud574 43\uc138\uc778 \ub3d9\uac11\ub0b4\uae30\ub2e4. \uacbd\ub3d9\uc81c\uc57d \ub958\uae30\uc131(41\uc138) \ubd80\ud68c\uc7a5\ub3c4 80\ub144\ub300\uc0dd\uc5d0 \uc18d\ud588\ub2e4. \n\n\n\n1970\ub144 \uc774\ud6c4 \ucd9c\uc0dd \uc624\ub108\uac00 \uc784\uc6d0 \uc9c1\uc6d0\ubcc4 \ubd84\ud3ec  \u00a9 \ub274\uc2a41\ub300\ud45c\uc774\uc0ac\ub97c \ud3ec\ud568\ud55c \uc0ac\uc7a5\uae09 CEO\ub294 147\uba85(54.4%)\uc73c\ub85c 50%\ub97c \ub118\uc5b4\uc130\ub2e4. \uc774\uc911 4\uba85 \uc911 1\uba85\uc740 1980\ub144 \uc774\ud6c4 \ucd9c\uc0dd\ud55c \uac83\uc73c\ub85c \uc870\uc0ac\ub410\ub2e4. \ub300\ud45c\uc801\uc73c\ub85c \ud55c\ud654\uc194\ub8e8\uc158 \uae40\ub3d9\uad00(40\uc138) \ub300\ud45c\uc774\uc0ac \uc0ac\uc7a5\uc744 \ube44\ub86f\ud574 \uc640\uc774\uc9c0-\uc6d0 \uc1a1\uc2dc\ud55c(42\uc138) \uc0ac\uc7a5, \ub300\uc2e0\uc99d\uad8c \uc591\ud64d\uc11d(42\uc138) \uc0ac\uc7a5, BGF \ud64d\uc815\uad6d(41\uc138) \uc0ac\uc7a5, HD\ud604\ub300(\ud604\ub300\uc911\uacf5\uc5c5\uc9c0\uc8fc) \uc815\uae30\uc120(41\uc138) \uc0ac\uc7a5, \ud55c\uc9c4 \uc870\ud604\ubbfc(40\uc138) \ucd1d\uad04\uc0ac\uc7a5, \uacbd\ub18d \uc774\uc6a9\uc9c4(38\uc138) \uc0ac\uc7a5, \uc2e0\uc601\uc640\ucf54\ub8e8 \uc774\uc131\uc6d0(38\uc138) \uc0ac\uc7a5 \ub4f1\uc774 MZ\uc138\ub300 \uc0ac\uc7a5\uc774\ub2e4. \uc5ec\uc131 \uc911\uc5d0\uc11c\ub294 \ud638\ud154\uc2e0\ub77c \uc774\ubd80\uc9c4(53\uc138) \uc0ac\uc7a5\uc744 \ud544\ub450\ub85c \ub300\uc8fc\uc804\uc790\uc7ac\ub8cc \uc784\uc77c\uc9c0(53\uc138) \uc0ac\uc7a5, \uc2e0\uc138\uacc4 \uc815\uc720\uacbd(51\uc138) \ucd1d\uad04\uc0ac\uc7a5, \ud55c\ubbf8\uc57d\ud488 \uc784\uc8fc\ud604(49\uc138) \uc0ac\uc7a5, \ucf5c\ub9c8\ube44\uc564\uc5d0\uc774\uce58 \uc724\uc5ec\uc6d0(47\uc138) \uc0ac\uc7a5, \uae68\ub057\ud55c\ub098\ub77c \ucd5c\ud604\uc218(44\uc138) \uc0ac\uc7a5 \ub4f1\uc774 \uacbd\uc601 \uc804\uba74\uc5d0\uc11c \ud65c\uc57d \uc911\uc774\ub2e4. 1990\ub144 \uc774\ud6c4 \ucd9c\uc0dd\ud55c \uc624\ub108\uac00 \uc784\uc6d0\uc740 8\uba85\uc73c\ub85c \ud30c\uc545\ub410\ub2e4. \ub300\uc720\uc5d0\uc774\ud14d \ubc15\uc740\uc9c4(33\uc138) \uc0c1\ubb34, \ud638\ubc18\ud504\ub77c\ud37c\ud2f0 \uae40\uc724\ud61c(31\uc138) \ubd80\uc0ac\uc7a5, BYC \ud55c\uc2b9\uc6b0(31\uc138) \uc0c1\ubb34, \uc0bc\ub77c\ub9c8\uc774\ub2e4\uc2a4 \uc6b0\uae30\uc6d0(30\uc138) \uc0ac\ub0b4\uc774\uc0ac, \ud638\ubc18\uc0b0\uc5c5 \uae40\ubbfc\uc131(29\uc138) \uc0c1\ubb34(\uc0ac\ub0b4\uc774\uc0ac), \uc0bc\uc591\uc2dd\ud488 \uc804\ubcd1\uc6b0(29\uc138) \uc774\uc0ac\uac00 \uc624\ub108\uac00 90\ub144\ub300\uc0dd \uc784\uc6d0\uad70\uc5d0 \ud3ec\ud568\ub410\ub2e4. \ub18d\uc2ec \uc2e0\ub3d9\uc6d0 \ud68c\uc7a5\uc758 \uc7a5\ub0a8 \uc2e0\uc0c1\uc5f4(30\uc138) \uc0c1\ubb34\ub294 \uc9c0\ub09c\ud574 \ub9d0 \uc784\uc6d0\uc73c\ub85c \uc2b9\uc9c4\ud588\uace0, CJ\uadf8\ub8f9 \uc774\uc7ac\ud604 \ud68c\uc7a5\uc758 \uc7a5\ub0a8 \uc774\uc120\ud638(33\uc138) \uacbd\uc601\ub9ac\ub354\ub3c4 \uc62c\ud574 1\uc6d4\uc5d0 \uc784\uc6d0\uc73c\ub85c \ud569\ub958\ud588\ub2e4.  \uc870\uc0ac \ub300\uc0c1 270\uba85 \uc911 \uc5ec\uc131 \uc624\ub108 \uc784\uc6d0\uc740 43\uba85(15.9%)\uc774\uc5c8\uace0, \ub0a8\uc131\uc740 227\uba85(84.1%)\uc774\ub2e4.   \uc624\uc77c\uc120 \ud55c\uad6dCXO\uc5f0\uad6c\uc18c \uc18c\uc7a5\uc740 \"1970\ub144 \uc774\ud6c4 \ud0dc\uc5b4\ub09c \uc80a\uc740 \uc624\ub108\ub4e4\uc774 \uacbd\uc601 \uc804\uba74\uc5d0 \ub098\uc11c\ub294 \ubd90\uc774 \uc77c\uace0 \uc788\ub2e4\"\uba70 \"\uc62c \uc5f0\ub9d0 \uc784\uc6d0 \uc778\uc0ac\uc5d0\uc11c\ub294 70\ub144\ub300 \ud6c4\ubc18 \ubc0f 80\ub144\ub300 \ucd08\ubc18 \ucd9c\uc0dd \uc784\uc6d0\ub4e4\uc774 \ub2e4\uc218 \ubc1c\ud0c1\ub420 \uac83\"\uc774\ub77c\uace0 \ub9d0\ud588\ub2e4.\n\t\t"}, {"market": "kospi", "sid": "000590", "codename": "CS\ud640\ub529\uc2a4", "year": 2022, "month": 3, "article_url": "http://m.newspim.com/news/view/20220315000118", "news_company": "\ub274\uc2a4\ud54c", "title": "40~50\ub300 \ud68c\uc7a5\u00b7\ubd80\ud68c\uc7a5\ub9cc 50\uba85...\uc7ac\uacc4 '\uc138\ub300\uad50\uccb4' \uac00\uc18d", "headline": null, "date_str": null, "writer": null, "section": null, "original_article_link": null, "article_body": null}, {"market": "kospi", "sid": "000590", "codename": "CS\ud640\ub529\uc2a4", "year": 2022, "month": 3, "article_url": "http://www.newsquest.co.kr/news/articleView.html?idxno=94342", "news_company": "\ub274\uc2a4\ud018\uc2a4\ud2b8", "title": "\uc7ac\uacc4\uc5d0 \ubd80\ub294 \uc138\ub300\uad50\uccb4 \ubc14\ub78c...1970\ub144 \uc774\ud6c4 \ud0dc\uc5b4\ub09c '\ud68c\uc7a5\ub2d8'\ub9cc 21\uba85", "headline": null, "date_str": null, "writer": null, "section": null, "original_article_link": null, "article_body": null}]}