{"data": [{"market": "kospi", "sid": "000300", "codename": "\ub300\uc720\ud50c\ub7ec\uc2a4", "year": 2022, "month": 5, "article_url": "https://m.news.naver.com/read?mode=LSD&mid=sec&sid1=101&oid=009&aid=0004958346", "news_company": "\ub9e4\uc77c\uacbd\uc81c", "title": "[\uc720\uac00\uc99d\uad8c\uc2dc\uc7a5 \uacf5\uc2dc] \ud604\ub300\uac74\uc124 / \ub300\uc720\ud50c\ub7ec\uc2a4 / \ud55c\ubbf8\ubc18\ub3c4\uccb4", "headline": "[\uc720\uac00\uc99d\uad8c\uc2dc\uc7a5 \uacf5\uc2dc] \ud604\ub300\uac74\uc124 / \ub300\uc720\ud50c\ub7ec\uc2a4 / \ud55c\ubbf8\ubc18\ub3c4\uccb4", "date_str": "2022.05.02. \uc624\ud6c4 5:36", "writer": null, "section": "\uacbd\uc81c", "original_article_link": "http://news.mk.co.kr/newsRead.php?no=390144&year=2022", "article_body": "\n\t\t\t\u25c7\ud604\ub300\uac74\uc124=5500\uc5b5\uc6d0 \uaddc\ubaa8 \uc120\uc0ac\ud604\ub300\uc544\ud30c\ud2b8 \ub9ac\ubaa8\ub378\ub9c1 \uc2dc\uacf5\uc790\ub85c \uc120\uc815.\u25c7\ub300\uc720\ud50c\ub7ec\uc2a4=\uc804\ud658\uc0ac\ucc44 \uc804\ud658\uac00\uc561 1307\uc6d0\uc5d0\uc11c 1250\uc6d0\uc73c\ub85c \uc870\uc815.\u25c7\ud55c\ubbf8\ubc18\ub3c4\uccb4=35\uc5b5\uc6d0 \uaddc\ubaa8 \ubc18\ub3c4\uccb4 \uc81c\uc870\uc6a9 \uc7a5\ube44 \uc218\uc8fc \uacc4\uc57d.\n"}, {"market": "kospi", "sid": "000300", "codename": "\ub300\uc720\ud50c\ub7ec\uc2a4", "year": 2022, "month": 5, "article_url": "http://www.skyedaily.com/news/news_view.html?ID=156358", "news_company": "\uc2a4\uce74\uc774\ub370\uc77c\ub9ac", "title": "\uc8fc\uc2dd \ub2ec\ub9b4\uae4c \ub9d0\uae4c(5. 2. \uc8fc\uc694 \uacf5\uc2dc)", "headline": null, "date_str": null, "writer": null, "section": null, "original_article_link": null, "article_body": null}, {"market": "kospi", "sid": "000300", "codename": "\ub300\uc720\ud50c\ub7ec\uc2a4", "year": 2022, "month": 5, "article_url": "http://www.thebell.co.kr/front/free/contents/news/article_view.asp?key=202204260920342880107238", "news_company": "\ub354\ubca8", "title": "[\ub354\ubca8]\uc704\ub2c8\uc544\uc5d0\uc774\ub4dc, '\ud0c4\ud0c4\ud55c \ub0b4\ubd80\ud1b5\uc81c' \ud0c8\ubc14\uafc8 \ud6c4 IPO \uc21c\ud56d", "headline": null, "date_str": null, "writer": null, "section": null, "original_article_link": null, "article_body": null}]}