{"data": [{"market": "kospi", "sid": "000540", "codename": "\ud765\uad6d\ud654\uc7ac", "year": 2021, "month": 5, "article_url": "https://m.etoday.co.kr/view.php?idxno=2027142", "news_company": "\uc774\ud22c\ub370\uc774", "title": "\ud558\ub098\uc740\ud589, \ud558\ub098\uc6d0\ud050 \u2018\uc2e4\uc190\ubcf4\ud5d8 \ube60\ub978\uccad\uad6c\u2019 \uc11c\ube44\uc2a4 \uc2dc\ud589", "headline": null, "date_str": null, "writer": null, "section": null, "original_article_link": null, "article_body": null}, {"market": "kospi", "sid": "000540", "codename": "\ud765\uad6d\ud654\uc7ac", "year": 2021, "month": 5, "article_url": "http://www.ekoreanews.co.kr/news/articleView.html?idxno=50723", "news_company": "\uc774\ucf54\ub9ac\uc544", "title": "\ud558\ub098\uc740\ud589, \ud558\ub098\uc6d0\ud050 '\uc2e4\uc190\ubcf4\ud5d8 \ube60\ub978\uccad\uad6c' \uc11c\ube44\uc2a4", "headline": null, "date_str": null, "writer": null, "section": null, "original_article_link": null, "article_body": null}, {"market": "kospi", "sid": "000540", "codename": "\ud765\uad6d\ud654\uc7ac", "year": 2021, "month": 5, "article_url": "http://m.cnbnews.com/m/m_article.html?no=492191", "news_company": "CNB\ub274\uc2a4", "title": "\ud558\ub098\uc740\ud589, \ud558\ub098\uc6d0\ud050 \u2018\uc2e4\uc190\ubcf4\ud5d8 \ube60\ub978\uccad\uad6c\u2019 \uc11c\ube44\uc2a4 \uc120\ubd2c", "headline": null, "date_str": null, "writer": null, "section": null, "original_article_link": null, "article_body": null}, {"market": "kospi", "sid": "000540", "codename": "\ud765\uad6d\ud654\uc7ac", "year": 2021, "month": 5, "article_url": "http://www.seoulfn.com/news/articleView.html?idxno=419973", "news_company": "\uc11c\uc6b8\ud30c\uc774\ub0b8\uc2a4", "title": "\ud0dc\uad11, ESG \uacbd\uc601 \uc2e4\ucc9c '\uce5c\ud658\uacbd \uc0ac\ud68c\uacf5\ud5cc' \ud65c\ub3d9", "headline": null, "date_str": null, "writer": null, "section": null, "original_article_link": null, "article_body": null}, {"market": "kospi", "sid": "000540", "codename": "\ud765\uad6d\ud654\uc7ac", "year": 2021, "month": 5, "article_url": "http://www.digitaltoday.co.kr/news/articleView.html?idxno=402807", "news_company": "\ub514\uc9c0\ud138\ud22c\ub370\uc774", "title": "\ud558\ub098\uc740\ud589, \ud558\ub098\uc6d0\ud050 \uc571\uc5d0\uc11c \uc2e4\uc190\ubcf4\ud5d8 \uccad\uad6c \uc11c\ube44\uc2a4 \uc81c\uacf5", "headline": null, "date_str": null, "writer": null, "section": null, "original_article_link": null, "article_body": null}, {"market": "kospi", "sid": "000540", "codename": "\ud765\uad6d\ud654\uc7ac", "year": 2021, "month": 5, "article_url": "http://www.paxetv.com/news/articleView.html?idxno=117395", "news_company": "\ud30d\uc2a4\uacbd\uc81cTV", "title": "[\uac1c\uc7a5\uc2dc\ud669] \ucf54\uc2a4\ud53c 0.03% \uc624\ub978 3135.38...\ucf54\uc2a4\ub2e5 \uc0c1\uc2b9 \ucd9c\ubc1c", "headline": null, "date_str": null, "writer": null, "section": null, "original_article_link": null, "article_body": null}, {"market": "kospi", "sid": "000540", "codename": "\ud765\uad6d\ud654\uc7ac", "year": 2021, "month": 5, "article_url": "https://n.news.naver.com/article/003/0010503547?sid=101", "news_company": "\ub274\uc2dc\uc2a4", "title": "\ud558\ub098\uc6d0\ud050, '\uc2e4\uc190\ube60\ub978\uccad\uad6c' \uc11c\ube44\uc2a4 \uc2dc\ud589\u2026\ubcd1\uc6d0\ub3c4 \uc81c\ud734", "headline": "\ud558\ub098\uc6d0\ud050, '\uc2e4\uc190\ube60\ub978\uccad\uad6c' \uc11c\ube44\uc2a4 \uc2dc\ud589\u2026\ubcd1\uc6d0\ub3c4 \uc81c\ud734", "date_str": "2021.05.18. \uc624\uc804 9:33", "writer": "\ubc15\uc740\ube44 \uae30\uc790", "section": "\uacbd\uc81c", "original_article_link": "http://www.newsis.com/view/?id=NISX20210518_0001444925&cID=10401&pID=10400", "article_body": "\n12\uac1c \ubcf4\ud5d8\uc0ac \uac00\uc785\uc790 \ubcf4\ud5d8\uae08 \uccad\uad6c\uc81c\ud734 \ubcd1\uc6d0 \uc774\uc6a9\uc2dc \uc99d\ube59 \uc5c6\uc774 \uac00\ub2a5\n\n\n\n[\uc11c\uc6b8=\ub274\uc2dc\uc2a4] \ubc15\uc740\ube44 \uae30\uc790 = \ud558\ub098\uc740\ud589\uc740 \ubaa8\ubc14\uc77c\ubc45\ud0b9 \uc560\ud50c\ub9ac\ucf00\uc774\uc158(\uc571) \ud558\ub098\uc6d0\ud050\uc5d0\uc11c '\uc2e4\uc190\ubcf4\ud5d8 \ube60\ub978\uccad\uad6c' \uc11c\ube44\uc2a4\ub97c \uc2dc\ud589\ud55c\ub2e4\uace0 18\uc77c \ubc1d\ud614\ub2e4.\uc774\ubc88 \uc11c\ube44\uc2a4\ub85c \uc0bc\uc131\ud654\uc7ac, KB\uc190\ud574, NH\ub18d\ud611\uc190\ud574, \ud765\uad6d\ud654\uc7ac, DB\uc190\ud574, \ub86f\ub370\uc190\ud574, \uba54\ub9ac\uce20\ud654\uc7ac, \ud55c\ud654\uc190\ud574, \ud604\ub300\ud574\uc0c1, \uc0bc\uc131\uc0dd\uba85, NH\uc0dd\uba85, \uc6b0\uccb4\uad6d\ubcf4\ud5d8 \ub4f1 12\uac1c \ubcf4\ud5d8\uc0ac \uc2e4\uc190\ubcf4\ud5d8\u00b7\uce58\uc544\ubcf4\ud5d8 \uac00\uc785\uc790\ub4e4\uc774 \ubcc4\ub3c4 \ubcf4\ud5d8\uc0ac \ud648\ud398\uc774\uc9c0\ub098 \uc571 \uc811\uc18d \uc5c6\uc774 \ud558\ub098\uc6d0\ud050\uc5d0\uc11c \ubcf4\ud5d8\uae08\uc744 \uccad\uad6c\ud560 \uc218 \uc788\ub2e4.\ub610 \ubd80\uc0b0\ub300\ubcd1\uc6d0, \uc11c\uc6b8\uc131\ubaa8\ubcd1\uc6d0 \ub4f1 \uc81c\ud734 \ubcd1\uc6d0\uc744 \uc774\uc6a9\ud55c \uacbd\uc6b0 \uc9c4\ub8cc\ub370\uc774\ud130\uac00 \uc5f0\ub3d9\ub3fc \ubcc4\ub3c4 \uc99d\ube59 \uc11c\ub958 \uc5c6\uc774 \uccad\uad6c \uac00\ub2a5\ud558\ub2e4. \ube44\uc81c\ud734 \ubcd1\uc6d0\uc740 \uc99d\ube59\uc11c\ub958\ub97c \ud734\ub300\ud3f0\uc73c\ub85c \ucd2c\uc601\ud558\ub294 \ubc29\uc2dd\uc73c\ub85c \uc774\uc6a9\ud560 \uc218 \uc788\ub2e4.\ud558\ub098\uc740\ud589 \uad00\uacc4\uc790\ub294 \"\ud5a5\ud6c4 \uc11c\ube44\uc2a4 \uac00\ub2a5\ud55c \ubcf4\ud5d8\uc0ac\uc640 \uc81c\ud734 \ubcd1\uc6d0\uc744 \ud655\ub300\ud574 \uc18c\ube44\uc790 \ud3b8\uc775\uc744 \ub354\uc6b1 \uc99d\ub300\uc2dc\ud0ac \uc218 \uc788\ub3c4\ub85d \ub178\ub825\ud558\uaca0\ub2e4\"\uace0 \ub9d0\ud588\ub2e4.\u261e\uacf5\uac10\uc5b8\ub860 \ub274\uc2dc\uc2a4 silverline@newsis.com\u25b6 \ub124\uc774\ubc84\uc5d0\uc11c \ub274\uc2dc\uc2a4 \uad6c\ub3c5\ud558\uae30\u25b6 K-Artprice, \uc720\uba85 \ubbf8\uc220\uc791\ud488 \uac00\uaca9 \uacf5\uac1c\u25b6 \ub274\uc2dc\uc2a4 \ube45\ub370\uc774\ud130 MSI \uc8fc\uac00\uc2dc\uc138\ud45c \ubc14\ub85c\uac00\uae30<\u24d2 \uacf5\uac10\uc5b8\ub860 \ub274\uc2dc\uc2a4\ud1b5\uc2e0\uc0ac. \ubb34\ub2e8\uc804\uc7ac-\uc7ac\ubc30\ud3ec \uae08\uc9c0>\n\t\t"}, {"market": "kospi", "sid": "000540", "codename": "\ud765\uad6d\ud654\uc7ac", "year": 2021, "month": 5, "article_url": "http://www.businesskorea.co.kr/news/articleView.html?idxno=67340", "news_company": "\ube44\uc9c0\ub2c8\uc2a4\ucf54\ub9ac\uc544", "title": "\ud558\ub098\uc740\ud589, \ud558\ub098\uc6d0\ud050 '\uc2e4\uc190\ubcf4\ud5d8 \ube60\ub978\uccad\uad6c' \uc11c\ube44\uc2a4", "headline": null, "date_str": null, "writer": null, "section": null, "original_article_link": null, "article_body": null}, {"market": "kospi", "sid": "000540", "codename": "\ud765\uad6d\ud654\uc7ac", "year": 2021, "month": 5, "article_url": "http://news.einfomax.co.kr/news/articleView.html?idxno=4148013", "news_company": "\uc5f0\ud569\uc778\ud3ec\ub9e5\uc2a4", "title": "\ud558\ub098\uc740\ud589, 12\uac1c \ubcf4\ud5d8\uc0ac '\uc2e4\uc190\ubcf4\ud5d8 \ube60\ub978\uccad\uad6c' \uc11c\ube44\uc2a4", "headline": null, "date_str": null, "writer": null, "section": null, "original_article_link": null, "article_body": null}, {"market": "kospi", "sid": "000540", "codename": "\ud765\uad6d\ud654\uc7ac", "year": 2021, "month": 5, "article_url": "http://theviewers.co.kr/View.aspx?No=1634824", "news_company": "\ubdf0\uc5b4\uc2a4", "title": "\ud0dc\uad11\uadf8\ub8f9, ESG \uacbd\uc601 \ud2b8\ub80c\ub4dc \ub9de\ucd98 \uce5c\ud658\uacbd \uc0ac\ud68c\uacf5\ud5cc \ud65c\ub3d9 \uc804\uac1c", "headline": null, "date_str": null, "writer": null, "section": null, "original_article_link": null, "article_body": null}, {"market": "kospi", "sid": "000540", "codename": "\ud765\uad6d\ud654\uc7ac", "year": 2021, "month": 5, "article_url": "http://m.kr.ajunews.com/view/20210518091258130", "news_company": "\uc544\uc8fc\uacbd\uc81c", "title": "\ud0dc\uad11\uadf8\ub8f9, \uc0ac\ud68c\uacf5\ud5cc \ud65c\ub3d9\uc73c\ub85c ESG\uacbd\uc601 \uac15\ud654...\uc804 \uacc4\uc5f4\uc0ac \ub3d9\ucc38", "headline": null, "date_str": null, "writer": null, "section": null, "original_article_link": null, "article_body": null}, {"market": "kospi", "sid": "000540", "codename": "\ud765\uad6d\ud654\uc7ac", "year": 2021, "month": 5, "article_url": "http://www.opinionnews.co.kr/news/articleView.html?idxno=50127", "news_company": "\uc624\ud53c\ub2c8\uc5b8\ub274\uc2a4", "title": "\ud558\ub098\uc740\ud589, \ud558\ub098\uc6d0\ud050 '\uc2e4\uc190\ubcf4\ud5d8 \ube60\ub978\uccad\uad6c' \uc11c\ube44\uc2a4 \uc2dc\ud589", "headline": null, "date_str": null, "writer": null, "section": null, "original_article_link": null, "article_body": null}, {"market": "kospi", "sid": "000540", "codename": "\ud765\uad6d\ud654\uc7ac", "year": 2021, "month": 5, "article_url": "https://m.ekn.kr/view.php?key=20210518010003450", "news_company": "\uc5d0\ub108\uc9c0\uacbd\uc81c", "title": "\ud558\ub098\uc740\ud589, \ud558\ub098\uc6d0\ud050 \u2018\uc2e4\uc190\ubcf4\ud5d8 \ube60\ub978\uccad\uad6c\u2019 \uc11c\ube44\uc2a4", "headline": null, "date_str": null, "writer": null, "section": null, "original_article_link": null, "article_body": null}, {"market": "kospi", "sid": "000540", "codename": "\ud765\uad6d\ud654\uc7ac", "year": 2021, "month": 5, "article_url": "https://n.news.naver.com/article/014/0004640828?sid=101", "news_company": "\ud30c\uc774\ub0b8\uc15c\ub274\uc2a4", "title": "\ud0dc\uad11\uadf8\ub8f9, \uc911\uace0\ud734\ub300\ud3f0\u00b7\uac78\uc74c \uae30\ubd80 \ucea0\ud398\uc778 \uc9c4\ud589", "headline": "\ud0dc\uad11\uadf8\ub8f9, \uc911\uace0\ud734\ub300\ud3f0\u00b7\uac78\uc74c \uae30\ubd80 \ucea0\ud398\uc778 \uc9c4\ud589", "date_str": "2021.05.18. \uc624\uc804 9:23", "writer": null, "section": "\uacbd\uc81c", "original_article_link": "http://www.fnnews.com/news/202105180915018562", "article_body": "\n\t\t\t  [\ud30c\uc774\ub0b8\uc15c\ub274\uc2a4]  \n\n\n\n\ud0dc\uad11\uadf8\ub8f9\uc774 \uc9c0\ub09c 17\uc77c \ud55c\uad6d\ucf00\uc774\ube14\ud154\ub808\ucf64(kct) \uc11c\uc6b8 \ubcf8\uc0ac\uc5d0\uc11c \ubbf8\uc0ac\uc6a9 \ud734\ub300\ud3f0\uc744 \uc7ac\ud65c\uc6a9 \uc0ac\ud68c\uc801\uae30\uc5c5\uc778 \uc5d0\ucf54\ud2f0\uc564\uc5d8\uc5d0 \uc804\ub2ec\ud558\ub294 \ud589\uc0ac\ub97c \uc9c4\ud589\ud588\ub2e4. \uc774\uc900\uc6b0 \ud55c\uad6d\ucf00\uc774\ube14\ud154\ub808\ucf64 \ub300\ud45c\uc774\uc0ac(\uc67c\ucabd)\uc640 \ud55c\uc0c1\ubb34 \uc5d0\ucf54\ud2f0\uc5d4\uc5d8 \ub300\ud45c\uc774\uc0ac\uac00 \uae30\ub150\ucd2c\uc601\uc744 \ud558\uace0 \uc788\ub2e4. \ud0dc\uad11\uadf8\ub8f9 \uc81c\uacf5\ud0dc\uad11\uadf8\ub8f9\uc774 \uc804 \uc784\uc9c1\uc6d0\ub4e4\uc744 \ub300\uc0c1\uc73c\ub85c \uce5c\ud658\uacbd \uc0ac\ud68c\uacf5\ud5cc \ud65c\ub3d9\uc778 \ubbf8\uc0ac\uc6a9 \ud734\ub300\ud3f0 \uae30\ubd80\ucea0\ud398\uc778\uacfc \uac78\uc74c \uae30\ubd80\ub97c \ud1b5\ud55c \uc232 \uc870\uc131 \ud65c\ub3d9\uc744 \uc9c4\ud589\ud588\ub2e4\uace0 18\uc77c \ubc1d\ud614\ub2e4.   \ud589\uc0ac\ub97c \ud1b5\ud574 \uc804\ub2ec\ub41c \uae30\ubd80\uae08\uc740 \ud76c\ub9dd\ube0c\ub9bf\uc9c0 \uc804\uad6d\uc7ac\ud574\uad6c\ud638\ud611\ud68c\uc5d0 \ubb18\ubaa9\uc73c\ub85c \uae30\ubd80\ub420 \uc608\uc815\uc774\ub2e4. \ud0dc\uad11\uadf8\ub8f9\uc740 \uc9c0\ub09c 2019\ub144 4\uc6d4 \uac15\uc6d0\ub3c4 \uc0b0\ubd88 \ud53c\ud574\uc9c0\uc5ed\uc5d0 2\uc5b5\uc6d0\uc758 \ud6c4\uc6d0\uae08\uc744 \uc804\ub2ec\ud55c \uc774\ud6c4 \uc5f0\uc18d\uc131 \uc788\ub294 \uc9c1\uc6d0 \ucc38\uc5ec\ub97c \uc704\ud574 \ucea0\ud398\uc778\uc744 \ub9c8\ub828\ud588\ub2e4.   \ud0dc\uad11\uadf8\ub8f9\uc740 4\uc6d4 \ud55c\ub2ec \uac04 \ubbf8\uc0ac\uc6a9 \ud734\ub300\ud3f0 \uae30\ubd80\ucea0\ud398\uc778\uc744 \uc9c4\ud589\ud588\ub2e4. \uc774 \ud589\uc0ac\ub294 \ub178\ud6c4, \ud30c\uc190, \uce68\uc218 \ub4f1 \uc815\uc0c1 \uc0ac\uc6a9\uc774 \ubd88\uac00\ud55c \ud734\ub300\uc804\ud654 \uae30\uae30\ub97c \uc7ac\ud65c\uc6a9\ud574 \uc790\uc6d0\uc73c\ub85c \ub2e4\uc2dc \uc218\uac70\ud558\ub294 \ub9ac\uc0ac\uc774\ud074\ub9c1 \ucea0\ud398\uc778\uc774\ub2e4.   \ucea0\ud398\uc778\uc740 \ubbf8\ub514\uc5b4\uacc4\uc5f4\uc0ac\uc778 \ud55c\uad6d\ucf00\uc774\ube14\ud154\ub808\ucf64(kct)\uc744 \uc911\uc2ec\uc73c\ub85c 10\uac1c \uacc4\uc5f4\uc0ac \uc784\uc9c1\uc6d0 \ub4e4\uc774 \ucc38\uc5ec\ud574 \uc57d 2000\ub300\ub97c \ubaa8\uc558\ub2e4. \ud0dc\uad11\uadf8\ub8f9\uc740 \uc218\uac70\ud55c \ubbf8\uc0ac\uc6a9 \ud734\ub300\ud3f0\uc744 \uc7ac\ud65c\uc6a9 \uc0ac\ud68c\uc801\uae30\uc5c5\uc778 \uc5d0\ucf54\ud2f0\uc564\uc5d8\uc5d0 \uc804\ub2ec\ud558\ub294 \ud589\uc0ac\ub97c \uc9c0\ub09c 17\uc77c \ud55c\uad6d\ucf00\uc774\ube14\ud154\ub808\ucf64(kct) \uc11c\uc6b8 \ubcf8\uc0ac\uc5d0\uc11c \uc9c4\ud589\ud588\ub2e4.   \uc0ac\ud68c\uc801\uae30\uc5c5 \uc5d0\ucf54\ud2f0\uc564\uc5d8\uc740 \uc804\ub2ec\ub41c \ubbf8\uc0ac\uc6a9 \ud734\ub300\ud3f0\uc744 \uc790\uc6d0 \uc21c\ud658\uc2dc\ucf1c \ubc1c\uc0dd\ud558\ub294 \uc218\uc775\uae08\uc744 \ud76c\ub9dd\ube0c\ub9bf\uc9c0 \uc804\uad6d\uc7ac\ud574\uad6c\ud638\ud611\ud68c\uc5d0 \uc804\ub2ec\ud55c\ub2e4.   \uae08\uc735\uacc4\uc5f4\uc0ac\uc778 \ud765\uad6d\ud654\uc7ac\ub294 4\uc6d4 \ud55c \ub2ec\uac04, \uc0ac\ud68c\uc801 \uae30\uc5c5 \u2018\ube45\uc6cc\ud06c(Big Walk)\u2019\uc640 \ud568\uaed8 \ubaa8\ubc14\uc77c \uc5b4\ud50c\ub9ac\ucf00\uc774\uc158\uc744 \ud65c\uc6a9\ud55c \ube44\ub300\uba74 \uc0ac\ud68c\uacf5\ud5cc\ud65c\ub3d9 \u2018\ud070 \ube5b \ud55c\uac78\uc74c\u2019\uc744 \uc9c4\ud589\ud588\ub2e4. \ubaa8\ubc14\uc77c \uc5b4\ud50c\ub9ac\ucf00\uc774\uc158\uc744 \ud1b5\ud574 \uc784\uc9c1\uc6d0\ub4e4\uc774 \ub9e4\uc77c \uac78\uc74c \uc218\ub97c \uae30\ubd80\ud558\ub294 \ubc29\uc2dd\uc73c\ub85c 5\uc5b5 \uac78\uc74c \ub2ec\uc131\uc744 \ubaa9\ud45c\ub85c \uc9c4\ud589\ud588\ub2e4. \ubaa9\ud45c\uc561\uc758 132%\uc778 6\uc5b53000\ub9cc \uac78\uc74c\uc744 \uae30\ub85d\ud588\ub2e4.   \ud0dc\uad11\uadf8\ub8f9 \uc0ac\ud68c\uacf5\ud5cc \uad00\uacc4\uc790\ub294 \"\uc77c\uc0c1 \uc18d\uc5d0\uc11c \uc2e4\ucc9c\ud560 \uc218 \uc788\ub294 \uc791\uc9c0\ub9cc \uc758\ubbf8 \uc788\ub294 \uce5c\ud658\uacbd \ud65c\ub3d9\uc744 \uc9c0\uc18d\uc801\uc73c\ub85c \ucd94\uc9c4\ud558\uaca0\ub2e4\"\uace0 \ub9d0\ud588\ub2e4.    eco@fnnews.com \uc548\ud0dc\ud638 \uae30\uc790   \u25b6 \ub0a0\ub85c\uba39\uace0 \uad6c\uc6cc\uba39\ub294 \uae08\uc735\uc774\uc288 [\ud30c\uc778\uc560\ud50c]\u25b6 \ubaa8(\u6bdb)\uc544 \ubaa8\uc544 [\ubaa8\uc544\uc2dc\uc2a4]\u25b6 \ud5c9! \uc18c\ub9ac\ub098\ub294 \uc2a4!\ud1a0\ub9ac \ub274\uc2a4 [\ud5c9\uc2a4]  \u203b \uc800\uc791\uad8c\uc790 \u24d2 \ud30c\uc774\ub0b8\uc15c\ub274\uc2a4. \ubb34\ub2e8 \uc804\uc7ac-\uc7ac\ubc30\ud3ec \uae08\uc9c0\n\t\t"}, {"market": "kospi", "sid": "000540", "codename": "\ud765\uad6d\ud654\uc7ac", "year": 2021, "month": 5, "article_url": "https://n.news.naver.com/article/123/0002246446?sid=101", "news_company": "\uc870\uc138\uc77c\ubcf4", "title": "\ud558\ub098\uc740\ud589, \ud558\ub098\uc6d0\ud050 \uc2e4\uc190\ubcf4\ud5d8 \ube60\ub978\uccad\uad6c \uc11c\ube44\uc2a4 \uc2dc\ud589", "headline": "\ud558\ub098\uc740\ud589, \ud558\ub098\uc6d0\ud050 \uc2e4\uc190\ubcf4\ud5d8 \ube60\ub978\uccad\uad6c \uc11c\ube44\uc2a4 \uc2dc\ud589", "date_str": "2021.05.18. \uc624\uc804 9:23", "writer": null, "section": "\uacbd\uc81c", "original_article_link": "http://www.joseilbo.com/news/news_read.php?uid=423910&class=51&grp=", "article_body": "\n\n\n\n\n\u25c6\u2026\ud558\ub098\uc740\ud589\uc774 \ud558\ub098\uc6d0\ud050 \uc2e4\uc190\ubcf4\ud5d8 \ube60\ub978\uccad\uad6c \uc11c\ube44\uc2a4\ub97c \uc2dc\ud589\ud55c\ub2e4. \uc0ac\uc9c4=\ud558\ub098\uc740\ud589\ud558\ub098\uc740\ud589\uc740 \ubaa8\ubc14\uc77c \ubc45\ud0b9 \uc571 \ud558\ub098\uc6d0\ud050 \uc774\uc6a9 \uace0\uac1d\uc758 \ud3b8\uc758\uc131 \uc99d\ub300\ub97c \uc704\ud574 \ud558\ub098\uc6d0\ud050\ub97c \ud1b5\ud574 \uc27d\uace0 \uac04\ud3b8\ud558\uac8c \ubcf4\ud5d8\uae08\uc744 \uccad\uad6c\ud560 \uc218 \uc788\ub294 \uc2e4\uc190\ubcf4\ud5d8 \ube60\ub978\uccad\uad6c \uc11c\ube44\uc2a4\ub97c \uc2dc\ud589\ud55c\ub2e4\uace0 18\uc77c \ubc1d\ud614\ub2e4.\uc774\ubc88 \uc11c\ube44\uc2a4\ub97c \ud1b5\ud574 \ud558\ub098\uc6d0\ud050 \uc774\uc6a9 \uc190\ub2d8 \uc911 \uc0bc\uc131\ud654\uc7ac, KB\uc190\ud574, NH\ub18d\ud611\uc190\ud574, \ud765\uad6d\ud654\uc7ac, DB\uc190\ud574, \ub86f\ub370\uc190\ud574, \uba54\ub9ac\uce20\ud654\uc7ac, \ud55c\ud654\uc190\ud574, \ud604\ub300\ud574\uc0c1, \uc0bc\uc131\uc0dd\uba85, NH\uc0dd\uba85, \uc6b0\uccb4\uad6d\ubcf4\ud5d8 \ub4f1 12\uac1c \ubcf4\ud5d8\uc0ac\uc758 \uc2e4\uc190\ubcf4\ud5d8 \ubc0f \uce58\uc544\ubcf4\ud5d8 \uac00\uc785\uc790\ub4e4\uc774 \ubcc4\ub3c4\uc758 \ubcf4\ud5d8\uc0ac \ud648\ud398\uc774\uc9c0\ub098 \uc571\uc758 \uc811\uc18d\uc5c6\uc774 \ud558\ub098\uc6d0\ud050 \uc571\uc5d0\uc11c \uc27d\uace0 \ube60\ub974\uac8c \ubcf4\ud5d8\uae08\uc744 \uccad\uad6c\ud560 \uc218 \uc788\uac8c \ub410\ub2e4.\uc544\uc6b8\ub7ec \uc2e4\uc190\ubcf4\ud5d8 \ube60\ub978\uccad\uad6c \uc11c\ube44\uc2a4\ub294 \ubd80\uc0b0\ub300\ud559\uad50\ubcd1\uc6d0, \uc11c\uc6b8\uc131\ubaa8\ubcd1\uc6d0 \ub4f1 \uc81c\ud734 \ubcd1\uc6d0\uc744 \uc774\uc6a9\ud55c \uacbd\uc6b0 \uc9c4\ub8cc\ub370\uc774\ud130\uac00 \uc5f0\ub3d9\ub418\uc5b4 \ubcc4\ub3c4\uc758 \uc99d\ube59 \uc11c\ub958 \uc5c6\uc774 \uccad\uad6c \uac00\ub2a5\ud558\ub2e4.\ube44\uc81c\ud734 \ubcd1\uc6d0\uc758 \uacbd\uc6b0\uc5d0\ub3c4 \uc99d\ube59\uc11c\ub958\ub97c \ud734\ub300\ud3f0\uc73c\ub85c \ucd2c\uc601\ud574 \uac04\ub2e8\ud788 \ubcf4\ud5d8\uae08\uc744 \uccad\uad6c \ud560 \uc218 \uc788\uc5b4 \uc0ac\uc6a9\uc790\uc758 \ud3b8\ub9ac\ud568\uc744 \uadf9\ub300\ud654\ud588\ub2e4.\ud558\ub098\uc740\ud589 \uad00\uacc4\uc790\ub294 \u201c\uc774\ubc88 \uc2e4\uc190\ubcf4\ud5d8 \ube60\ub978\uccad\uad6c \uc11c\ube44\uc2a4\ub97c \ud1b5\ud574 \ubcf4\ud5d8\uae08\uc744 \uccad\uad6c\ud558\ub294\ub370 \uc5b4\ub824\uc6c0\uc744 \uacaa\uace0 \uc788\ub294 \ud558\ub098\uc6d0\ud050 \uc774\uc6a9\uc790\ub4e4\uc774 \uc27d\uace0 \ube60\ub974\uac8c \ubcf4\ud5d8\uc744 \uccad\uad6c\ud560 \uc218 \uc788\uae30\ub97c \uae30\ub300\ud55c\ub2e4\u201d\uba70 \u201c\ud5a5\ud6c4 \uc11c\ube44\uc2a4 \uac00\ub2a5 \ubcf4\ud5d8\uc0ac\uc640 \uc81c\ud734 \ubcd1\uc6d0\uc744 \ud655\ub300\ud558\uc5ec \uc18c\ube44\uc790 \ud3b8\uc775\uc744 \ub354\uc6b1 \uc99d\ub300\uc2dc\ud0ac \uc218 \uc788\ub3c4\ub85d \ub178\ub825\ud558\uaca0\ub2e4\u201d\uace0 \ub9d0\ud588\ub2e4.\u25b6 \uc870\uc138\uc77c\ubcf4 \ud648\ud398\uc774\uc9c0\u25b6 \uc870\uc138\uc77c\ubcf4 \ub124\uc774\ubc84 \ub274\uc2a4\uc2a4\ud0e0\ub4dc \uad6c\ub3c5(\uc885\ud569/\uacbd\uc81c)\uae40\ub300\uc131(kimds@joseilbo.com)\uc800\uc791\uad8c\uc790 \u24d2 \uc870\uc138\uc77c\ubcf4(http://www.joseilbo.com). \ubb34\ub2e8\uc804\uc7ac \ubc0f \uc7ac\ubc30\ud3ec \uae08\uc9c0\n\t\t"}, {"market": "kospi", "sid": "000540", "codename": "\ud765\uad6d\ud654\uc7ac", "year": 2021, "month": 5, "article_url": "http://m.kr.ajunews.com/view/20210518091258130", "news_company": "\uc544\uc8fc\uacbd\uc81c", "title": "\ud0dc\uad11\uadf8\ub8f9, \uc0ac\ud68c\uacf5\ud5cc \ud65c\ub3d9\uc73c\ub85c ESG\uacbd\uc601 \uac15\ud654...\uc804 \uacc4\uc5f4\uc0ac \ub3d9\ucc38", "headline": null, "date_str": null, "writer": null, "section": null, "original_article_link": null, "article_body": null}, {"market": "kospi", "sid": "000540", "codename": "\ud765\uad6d\ud654\uc7ac", "year": 2021, "month": 5, "article_url": "http://www.opinionnews.co.kr/news/articleView.html?idxno=50127", "news_company": "\uc624\ud53c\ub2c8\uc5b8\ub274\uc2a4", "title": "\ud558\ub098\uc740\ud589, \ud558\ub098\uc6d0\ud050 '\uc2e4\uc190\ubcf4\ud5d8 \ube60\ub978\uccad\uad6c' \uc11c\ube44\uc2a4 \uc2dc\ud589", "headline": null, "date_str": null, "writer": null, "section": null, "original_article_link": null, "article_body": null}, {"market": "kospi", "sid": "000540", "codename": "\ud765\uad6d\ud654\uc7ac", "year": 2021, "month": 5, "article_url": "https://m.ekn.kr/view.php?key=20210518010003450", "news_company": "\uc5d0\ub108\uc9c0\uacbd\uc81c", "title": "\ud558\ub098\uc740\ud589, \ud558\ub098\uc6d0\ud050 \u2018\uc2e4\uc190\ubcf4\ud5d8 \ube60\ub978\uccad\uad6c\u2019 \uc11c\ube44\uc2a4", "headline": null, "date_str": null, "writer": null, "section": null, "original_article_link": null, "article_body": null}, {"market": "kospi", "sid": "000540", "codename": "\ud765\uad6d\ud654\uc7ac", "year": 2021, "month": 5, "article_url": "https://n.news.naver.com/article/014/0004640828?sid=101", "news_company": "\ud30c\uc774\ub0b8\uc15c\ub274\uc2a4", "title": "\ud0dc\uad11\uadf8\ub8f9, \uc911\uace0\ud734\ub300\ud3f0\u00b7\uac78\uc74c \uae30\ubd80 \ucea0\ud398\uc778 \uc9c4\ud589", "headline": "\ud0dc\uad11\uadf8\ub8f9, \uc911\uace0\ud734\ub300\ud3f0\u00b7\uac78\uc74c \uae30\ubd80 \ucea0\ud398\uc778 \uc9c4\ud589", "date_str": "2021.05.18. \uc624\uc804 9:23", "writer": null, "section": "\uacbd\uc81c", "original_article_link": "http://www.fnnews.com/news/202105180915018562", "article_body": "\n\t\t\t  [\ud30c\uc774\ub0b8\uc15c\ub274\uc2a4]  \n\n\n\n\ud0dc\uad11\uadf8\ub8f9\uc774 \uc9c0\ub09c 17\uc77c \ud55c\uad6d\ucf00\uc774\ube14\ud154\ub808\ucf64(kct) \uc11c\uc6b8 \ubcf8\uc0ac\uc5d0\uc11c \ubbf8\uc0ac\uc6a9 \ud734\ub300\ud3f0\uc744 \uc7ac\ud65c\uc6a9 \uc0ac\ud68c\uc801\uae30\uc5c5\uc778 \uc5d0\ucf54\ud2f0\uc564\uc5d8\uc5d0 \uc804\ub2ec\ud558\ub294 \ud589\uc0ac\ub97c \uc9c4\ud589\ud588\ub2e4. \uc774\uc900\uc6b0 \ud55c\uad6d\ucf00\uc774\ube14\ud154\ub808\ucf64 \ub300\ud45c\uc774\uc0ac(\uc67c\ucabd)\uc640 \ud55c\uc0c1\ubb34 \uc5d0\ucf54\ud2f0\uc5d4\uc5d8 \ub300\ud45c\uc774\uc0ac\uac00 \uae30\ub150\ucd2c\uc601\uc744 \ud558\uace0 \uc788\ub2e4. \ud0dc\uad11\uadf8\ub8f9 \uc81c\uacf5\ud0dc\uad11\uadf8\ub8f9\uc774 \uc804 \uc784\uc9c1\uc6d0\ub4e4\uc744 \ub300\uc0c1\uc73c\ub85c \uce5c\ud658\uacbd \uc0ac\ud68c\uacf5\ud5cc \ud65c\ub3d9\uc778 \ubbf8\uc0ac\uc6a9 \ud734\ub300\ud3f0 \uae30\ubd80\ucea0\ud398\uc778\uacfc \uac78\uc74c \uae30\ubd80\ub97c \ud1b5\ud55c \uc232 \uc870\uc131 \ud65c\ub3d9\uc744 \uc9c4\ud589\ud588\ub2e4\uace0 18\uc77c \ubc1d\ud614\ub2e4.   \ud589\uc0ac\ub97c \ud1b5\ud574 \uc804\ub2ec\ub41c \uae30\ubd80\uae08\uc740 \ud76c\ub9dd\ube0c\ub9bf\uc9c0 \uc804\uad6d\uc7ac\ud574\uad6c\ud638\ud611\ud68c\uc5d0 \ubb18\ubaa9\uc73c\ub85c \uae30\ubd80\ub420 \uc608\uc815\uc774\ub2e4. \ud0dc\uad11\uadf8\ub8f9\uc740 \uc9c0\ub09c 2019\ub144 4\uc6d4 \uac15\uc6d0\ub3c4 \uc0b0\ubd88 \ud53c\ud574\uc9c0\uc5ed\uc5d0 2\uc5b5\uc6d0\uc758 \ud6c4\uc6d0\uae08\uc744 \uc804\ub2ec\ud55c \uc774\ud6c4 \uc5f0\uc18d\uc131 \uc788\ub294 \uc9c1\uc6d0 \ucc38\uc5ec\ub97c \uc704\ud574 \ucea0\ud398\uc778\uc744 \ub9c8\ub828\ud588\ub2e4.   \ud0dc\uad11\uadf8\ub8f9\uc740 4\uc6d4 \ud55c\ub2ec \uac04 \ubbf8\uc0ac\uc6a9 \ud734\ub300\ud3f0 \uae30\ubd80\ucea0\ud398\uc778\uc744 \uc9c4\ud589\ud588\ub2e4. \uc774 \ud589\uc0ac\ub294 \ub178\ud6c4, \ud30c\uc190, \uce68\uc218 \ub4f1 \uc815\uc0c1 \uc0ac\uc6a9\uc774 \ubd88\uac00\ud55c \ud734\ub300\uc804\ud654 \uae30\uae30\ub97c \uc7ac\ud65c\uc6a9\ud574 \uc790\uc6d0\uc73c\ub85c \ub2e4\uc2dc \uc218\uac70\ud558\ub294 \ub9ac\uc0ac\uc774\ud074\ub9c1 \ucea0\ud398\uc778\uc774\ub2e4.   \ucea0\ud398\uc778\uc740 \ubbf8\ub514\uc5b4\uacc4\uc5f4\uc0ac\uc778 \ud55c\uad6d\ucf00\uc774\ube14\ud154\ub808\ucf64(kct)\uc744 \uc911\uc2ec\uc73c\ub85c 10\uac1c \uacc4\uc5f4\uc0ac \uc784\uc9c1\uc6d0 \ub4e4\uc774 \ucc38\uc5ec\ud574 \uc57d 2000\ub300\ub97c \ubaa8\uc558\ub2e4. \ud0dc\uad11\uadf8\ub8f9\uc740 \uc218\uac70\ud55c \ubbf8\uc0ac\uc6a9 \ud734\ub300\ud3f0\uc744 \uc7ac\ud65c\uc6a9 \uc0ac\ud68c\uc801\uae30\uc5c5\uc778 \uc5d0\ucf54\ud2f0\uc564\uc5d8\uc5d0 \uc804\ub2ec\ud558\ub294 \ud589\uc0ac\ub97c \uc9c0\ub09c 17\uc77c \ud55c\uad6d\ucf00\uc774\ube14\ud154\ub808\ucf64(kct) \uc11c\uc6b8 \ubcf8\uc0ac\uc5d0\uc11c \uc9c4\ud589\ud588\ub2e4.   \uc0ac\ud68c\uc801\uae30\uc5c5 \uc5d0\ucf54\ud2f0\uc564\uc5d8\uc740 \uc804\ub2ec\ub41c \ubbf8\uc0ac\uc6a9 \ud734\ub300\ud3f0\uc744 \uc790\uc6d0 \uc21c\ud658\uc2dc\ucf1c \ubc1c\uc0dd\ud558\ub294 \uc218\uc775\uae08\uc744 \ud76c\ub9dd\ube0c\ub9bf\uc9c0 \uc804\uad6d\uc7ac\ud574\uad6c\ud638\ud611\ud68c\uc5d0 \uc804\ub2ec\ud55c\ub2e4.   \uae08\uc735\uacc4\uc5f4\uc0ac\uc778 \ud765\uad6d\ud654\uc7ac\ub294 4\uc6d4 \ud55c \ub2ec\uac04, \uc0ac\ud68c\uc801 \uae30\uc5c5 \u2018\ube45\uc6cc\ud06c(Big Walk)\u2019\uc640 \ud568\uaed8 \ubaa8\ubc14\uc77c \uc5b4\ud50c\ub9ac\ucf00\uc774\uc158\uc744 \ud65c\uc6a9\ud55c \ube44\ub300\uba74 \uc0ac\ud68c\uacf5\ud5cc\ud65c\ub3d9 \u2018\ud070 \ube5b \ud55c\uac78\uc74c\u2019\uc744 \uc9c4\ud589\ud588\ub2e4. \ubaa8\ubc14\uc77c \uc5b4\ud50c\ub9ac\ucf00\uc774\uc158\uc744 \ud1b5\ud574 \uc784\uc9c1\uc6d0\ub4e4\uc774 \ub9e4\uc77c \uac78\uc74c \uc218\ub97c \uae30\ubd80\ud558\ub294 \ubc29\uc2dd\uc73c\ub85c 5\uc5b5 \uac78\uc74c \ub2ec\uc131\uc744 \ubaa9\ud45c\ub85c \uc9c4\ud589\ud588\ub2e4. \ubaa9\ud45c\uc561\uc758 132%\uc778 6\uc5b53000\ub9cc \uac78\uc74c\uc744 \uae30\ub85d\ud588\ub2e4.   \ud0dc\uad11\uadf8\ub8f9 \uc0ac\ud68c\uacf5\ud5cc \uad00\uacc4\uc790\ub294 \"\uc77c\uc0c1 \uc18d\uc5d0\uc11c \uc2e4\ucc9c\ud560 \uc218 \uc788\ub294 \uc791\uc9c0\ub9cc \uc758\ubbf8 \uc788\ub294 \uce5c\ud658\uacbd \ud65c\ub3d9\uc744 \uc9c0\uc18d\uc801\uc73c\ub85c \ucd94\uc9c4\ud558\uaca0\ub2e4\"\uace0 \ub9d0\ud588\ub2e4.    eco@fnnews.com \uc548\ud0dc\ud638 \uae30\uc790   \u25b6 \ub0a0\ub85c\uba39\uace0 \uad6c\uc6cc\uba39\ub294 \uae08\uc735\uc774\uc288 [\ud30c\uc778\uc560\ud50c]\u25b6 \ubaa8(\u6bdb)\uc544 \ubaa8\uc544 [\ubaa8\uc544\uc2dc\uc2a4]\u25b6 \ud5c9! \uc18c\ub9ac\ub098\ub294 \uc2a4!\ud1a0\ub9ac \ub274\uc2a4 [\ud5c9\uc2a4]  \u203b \uc800\uc791\uad8c\uc790 \u24d2 \ud30c\uc774\ub0b8\uc15c\ub274\uc2a4. \ubb34\ub2e8 \uc804\uc7ac-\uc7ac\ubc30\ud3ec \uae08\uc9c0\n\t\t"}, {"market": "kospi", "sid": "000540", "codename": "\ud765\uad6d\ud654\uc7ac", "year": 2021, "month": 5, "article_url": "https://n.news.naver.com/article/123/0002246446?sid=101", "news_company": "\uc870\uc138\uc77c\ubcf4", "title": "\ud558\ub098\uc740\ud589, \ud558\ub098\uc6d0\ud050 \uc2e4\uc190\ubcf4\ud5d8 \ube60\ub978\uccad\uad6c \uc11c\ube44\uc2a4 \uc2dc\ud589", "headline": "\ud558\ub098\uc740\ud589, \ud558\ub098\uc6d0\ud050 \uc2e4\uc190\ubcf4\ud5d8 \ube60\ub978\uccad\uad6c \uc11c\ube44\uc2a4 \uc2dc\ud589", "date_str": "2021.05.18. \uc624\uc804 9:23", "writer": null, "section": "\uacbd\uc81c", "original_article_link": "http://www.joseilbo.com/news/news_read.php?uid=423910&class=51&grp=", "article_body": "\n\n\n\n\n\u25c6\u2026\ud558\ub098\uc740\ud589\uc774 \ud558\ub098\uc6d0\ud050 \uc2e4\uc190\ubcf4\ud5d8 \ube60\ub978\uccad\uad6c \uc11c\ube44\uc2a4\ub97c \uc2dc\ud589\ud55c\ub2e4. \uc0ac\uc9c4=\ud558\ub098\uc740\ud589\ud558\ub098\uc740\ud589\uc740 \ubaa8\ubc14\uc77c \ubc45\ud0b9 \uc571 \ud558\ub098\uc6d0\ud050 \uc774\uc6a9 \uace0\uac1d\uc758 \ud3b8\uc758\uc131 \uc99d\ub300\ub97c \uc704\ud574 \ud558\ub098\uc6d0\ud050\ub97c \ud1b5\ud574 \uc27d\uace0 \uac04\ud3b8\ud558\uac8c \ubcf4\ud5d8\uae08\uc744 \uccad\uad6c\ud560 \uc218 \uc788\ub294 \uc2e4\uc190\ubcf4\ud5d8 \ube60\ub978\uccad\uad6c \uc11c\ube44\uc2a4\ub97c \uc2dc\ud589\ud55c\ub2e4\uace0 18\uc77c \ubc1d\ud614\ub2e4.\uc774\ubc88 \uc11c\ube44\uc2a4\ub97c \ud1b5\ud574 \ud558\ub098\uc6d0\ud050 \uc774\uc6a9 \uc190\ub2d8 \uc911 \uc0bc\uc131\ud654\uc7ac, KB\uc190\ud574, NH\ub18d\ud611\uc190\ud574, \ud765\uad6d\ud654\uc7ac, DB\uc190\ud574, \ub86f\ub370\uc190\ud574, \uba54\ub9ac\uce20\ud654\uc7ac, \ud55c\ud654\uc190\ud574, \ud604\ub300\ud574\uc0c1, \uc0bc\uc131\uc0dd\uba85, NH\uc0dd\uba85, \uc6b0\uccb4\uad6d\ubcf4\ud5d8 \ub4f1 12\uac1c \ubcf4\ud5d8\uc0ac\uc758 \uc2e4\uc190\ubcf4\ud5d8 \ubc0f \uce58\uc544\ubcf4\ud5d8 \uac00\uc785\uc790\ub4e4\uc774 \ubcc4\ub3c4\uc758 \ubcf4\ud5d8\uc0ac \ud648\ud398\uc774\uc9c0\ub098 \uc571\uc758 \uc811\uc18d\uc5c6\uc774 \ud558\ub098\uc6d0\ud050 \uc571\uc5d0\uc11c \uc27d\uace0 \ube60\ub974\uac8c \ubcf4\ud5d8\uae08\uc744 \uccad\uad6c\ud560 \uc218 \uc788\uac8c \ub410\ub2e4.\uc544\uc6b8\ub7ec \uc2e4\uc190\ubcf4\ud5d8 \ube60\ub978\uccad\uad6c \uc11c\ube44\uc2a4\ub294 \ubd80\uc0b0\ub300\ud559\uad50\ubcd1\uc6d0, \uc11c\uc6b8\uc131\ubaa8\ubcd1\uc6d0 \ub4f1 \uc81c\ud734 \ubcd1\uc6d0\uc744 \uc774\uc6a9\ud55c \uacbd\uc6b0 \uc9c4\ub8cc\ub370\uc774\ud130\uac00 \uc5f0\ub3d9\ub418\uc5b4 \ubcc4\ub3c4\uc758 \uc99d\ube59 \uc11c\ub958 \uc5c6\uc774 \uccad\uad6c \uac00\ub2a5\ud558\ub2e4.\ube44\uc81c\ud734 \ubcd1\uc6d0\uc758 \uacbd\uc6b0\uc5d0\ub3c4 \uc99d\ube59\uc11c\ub958\ub97c \ud734\ub300\ud3f0\uc73c\ub85c \ucd2c\uc601\ud574 \uac04\ub2e8\ud788 \ubcf4\ud5d8\uae08\uc744 \uccad\uad6c \ud560 \uc218 \uc788\uc5b4 \uc0ac\uc6a9\uc790\uc758 \ud3b8\ub9ac\ud568\uc744 \uadf9\ub300\ud654\ud588\ub2e4.\ud558\ub098\uc740\ud589 \uad00\uacc4\uc790\ub294 \u201c\uc774\ubc88 \uc2e4\uc190\ubcf4\ud5d8 \ube60\ub978\uccad\uad6c \uc11c\ube44\uc2a4\ub97c \ud1b5\ud574 \ubcf4\ud5d8\uae08\uc744 \uccad\uad6c\ud558\ub294\ub370 \uc5b4\ub824\uc6c0\uc744 \uacaa\uace0 \uc788\ub294 \ud558\ub098\uc6d0\ud050 \uc774\uc6a9\uc790\ub4e4\uc774 \uc27d\uace0 \ube60\ub974\uac8c \ubcf4\ud5d8\uc744 \uccad\uad6c\ud560 \uc218 \uc788\uae30\ub97c \uae30\ub300\ud55c\ub2e4\u201d\uba70 \u201c\ud5a5\ud6c4 \uc11c\ube44\uc2a4 \uac00\ub2a5 \ubcf4\ud5d8\uc0ac\uc640 \uc81c\ud734 \ubcd1\uc6d0\uc744 \ud655\ub300\ud558\uc5ec \uc18c\ube44\uc790 \ud3b8\uc775\uc744 \ub354\uc6b1 \uc99d\ub300\uc2dc\ud0ac \uc218 \uc788\ub3c4\ub85d \ub178\ub825\ud558\uaca0\ub2e4\u201d\uace0 \ub9d0\ud588\ub2e4.\u25b6 \uc870\uc138\uc77c\ubcf4 \ud648\ud398\uc774\uc9c0\u25b6 \uc870\uc138\uc77c\ubcf4 \ub124\uc774\ubc84 \ub274\uc2a4\uc2a4\ud0e0\ub4dc \uad6c\ub3c5(\uc885\ud569/\uacbd\uc81c)\uae40\ub300\uc131(kimds@joseilbo.com)\uc800\uc791\uad8c\uc790 \u24d2 \uc870\uc138\uc77c\ubcf4(http://www.joseilbo.com). \ubb34\ub2e8\uc804\uc7ac \ubc0f \uc7ac\ubc30\ud3ec \uae08\uc9c0\n\t\t"}, {"market": "kospi", "sid": "000540", "codename": "\ud765\uad6d\ud654\uc7ac", "year": 2021, "month": 5, "article_url": "http://www.cstimes.com/news/articleView.html?idxno=461189", "news_company": "\ucee8\uc288\uba38\ud0c0\uc784\uc2a4", "title": "\ud558\ub098\uc740\ud589, \ud558\ub098\uc6d0\ud050 '\uc2e4\uc190\ubcf4\ud5d8 \ube60\ub978\uccad\uad6c' \uc2dc\ud589", "headline": null, "date_str": null, "writer": null, "section": null, "original_article_link": null, "article_body": null}, {"market": "kospi", "sid": "000540", "codename": "\ud765\uad6d\ud654\uc7ac", "year": 2021, "month": 5, "article_url": "http://m.datanews.co.kr/m/m_article.html?no=112788", "news_company": "\ub370\uc774\ud130\ub274\uc2a4", "title": "\ud558\ub098\uc740\ud589, \ud558\ub098\uc6d0\ud050 \u300e\uc2e4\uc190\ubcf4\ud5d8 \ube60\ub978\uccad\uad6c\u300f \uc11c\ube44\uc2a4 \uc2dc\ud589", "headline": null, "date_str": null, "writer": null, "section": null, "original_article_link": null, "article_body": null}, {"market": "kospi", "sid": "000540", "codename": "\ud765\uad6d\ud654\uc7ac", "year": 2021, "month": 5, "article_url": "http://m.srtimes.kr/news/articleView.html?idxno=93573", "news_company": "SR\ud0c0\uc784\uc2a4", "title": "[SR\uc0ac\ud68c\uacf5\ud5cc] \ud0dc\uad11\uadf8\ub8f9, \uce5c\ud658\uacbd \uc0ac\ud68c\uacf5\ud5cc \ud65c\ub3d9 \uc804\uac1c", "headline": null, "date_str": null, "writer": null, "section": null, "original_article_link": null, "article_body": null}, {"market": "kospi", "sid": "000540", "codename": "\ud765\uad6d\ud654\uc7ac", "year": 2021, "month": 5, "article_url": "http://m.hankooki.com/m_dh_view.php?m=&WM=dh&WEB_GSNO=6856465&s_ref=nv", "news_company": "\ub370\uc77c\ub9ac\ud55c\uad6d", "title": "\ud0dc\uad11\uadf8\ub8f9, \uce5c\ud658\uacbd \uc0ac\ud68c\uacf5\ud5cc \ud65c\ub3d9 \uc804\uac1c\u2026\ud3d0\ud734\ub300\uc804\ud654 2\ucc9c\ub300 \uae30\ubd80", "headline": null, "date_str": null, "writer": null, "section": null, "original_article_link": null, "article_body": null}, {"market": "kospi", "sid": "000540", "codename": "\ud765\uad6d\ud654\uc7ac", "year": 2021, "month": 5, "article_url": "http://m.newsprime.co.kr/section_view.html?no=544187", "news_company": "\ud504\ub77c\uc784\uacbd\uc81c", "title": "\ud558\ub098\uc740\ud589, \ud558\ub098\uc6d0\ud050 '\uc2e4\uc190\ubcf4\ud5d8 \ube60\ub978 \uccad\uad6c' \uc11c\ube44\uc2a4 \uc2dc\ud589", "headline": null, "date_str": null, "writer": null, "section": null, "original_article_link": null, "article_body": null}, {"market": "kospi", "sid": "000540", "codename": "\ud765\uad6d\ud654\uc7ac", "year": 2021, "month": 5, "article_url": "http://m.thebigdata.co.kr/view.php?ud=202105180911363878d0a8833aad_23", "news_company": "\ube45\ub370\uc774\ud130\ub274\uc2a4", "title": "\ud0dc\uad11\uadf8\ub8f9, ESG \uacbd\uc601 \ud2b8\ub80c\ub4dc \ub9de\ucd98 \uce5c\ud658\uacbd \uc0ac\ud68c\uacf5\ud5cc \ud65c\ub3d9 \uc804\uac1c", "headline": null, "date_str": null, "writer": null, "section": null, "original_article_link": null, "article_body": null}, {"market": "kospi", "sid": "000540", "codename": "\ud765\uad6d\ud654\uc7ac", "year": 2021, "month": 5, "article_url": "https://n.news.naver.com/article/001/0012400115?sid=101", "news_company": "\uc5f0\ud569\ub274\uc2a4", "title": "\ud558\ub098\uc740\ud589, \ubaa8\ubc14\uc77c\ubc45\ud0b9 \uc571 '\uc2e4\uc190\ubcf4\ud5d8 \ube60\ub978\uccad\uad6c' \uc11c\ube44\uc2a4 \uc2dc\ud589", "headline": "\ud558\ub098\uc740\ud589, \ubaa8\ubc14\uc77c\ubc45\ud0b9 \uc571 '\uc2e4\uc190\ubcf4\ud5d8 \ube60\ub978\uccad\uad6c' \uc11c\ube44\uc2a4 \uc2dc\ud589", "date_str": "2021.05.18. \uc624\uc804 9:15", "writer": "\uae40\uc5f0\uc815 \uae30\uc790", "section": "\uacbd\uc81c", "original_article_link": "http://yna.kr/AKR20210518038400002?did=1195m", "article_body": "\n\t\t\t(\uc11c\uc6b8=\uc5f0\ud569\ub274\uc2a4) \uae40\uc5f0\uc815 \uae30\uc790 = \ud558\ub098\uc740\ud589\uc740 \ubaa8\ubc14\uc77c \ubc45\ud0b9 \uc571 '\ud558\ub098\uc6d0\ud050'\ub97c \ud1b5\ud574 \uc27d\uace0 \uac04\ud3b8\ud558\uac8c \ubcf4\ud5d8\uae08\uc744 \uccad\uad6c\ud560 \uc218 \uc788\ub294 '\uc2e4\uc190\ubcf4\ud5d8 \ube60\ub978\uccad\uad6c' \uc11c\ube44\uc2a4\ub97c \uc2dc\ud589\ud55c\ub2e4\uace0 18\uc77c \ubc1d\ud614\ub2e4.    \uc774\ubc88 \uc11c\ube44\uc2a4\ub97c \ud1b5\ud574 '\ud558\ub098\uc6d0\ud050' \uc774\uc6a9 \uace0\uac1d \uc911 \uc0bc\uc131\ud654\uc7ac, KB\uc190\ud574, NH\ub18d\ud611\uc190\ud574, \ud765\uad6d\ud654\uc7ac, DB\uc190\ud574, \ub86f\ub370\uc190\ud574, \uba54\ub9ac\uce20\ud654\uc7ac, \ud55c\ud654\uc190\ud574, \ud604\ub300\ud574\uc0c1, \uc0bc\uc131\uc0dd\uba85, NH\uc0dd\uba85, \uc6b0\uccb4\uad6d\ubcf4\ud5d8 \ub4f1 12\uac1c \ubcf4\ud5d8\uc0ac\uc758 \uc2e4\uc190\ubcf4\ud5d8 \ubc0f \uce58\uc544\ubcf4\ud5d8 \uac00\uc785\uc790\ub4e4\uc774 \ubcc4\ub3c4\uc758 \ubcf4\ud5d8\uc0ac \ud648\ud398\uc774\uc9c0\ub098 \uc571\uc5d0 \uc811\uc18d\ud560 \ud544\uc694 \uc5c6\uc774 '\ud558\ub098\uc6d0\ud050' \uc571\uc5d0\uc11c \ubcf4\ud5d8\uae08\uc744 \uccad\uad6c\ud560 \uc218 \uc788\uac8c \ub410\ub2e4.    \ub610\ud55c \uc774 \uc11c\ube44\uc2a4\ub294 \ubd80\uc0b0\ub300\ud559\uad50\ubcd1\uc6d0, \uc11c\uc6b8\uc131\ubaa8\ubcd1\uc6d0 \ub4f1 \uc81c\ud734 \ubcd1\uc6d0\uc744 \uc774\uc6a9\ud55c \uacbd\uc6b0 \uc9c4\ub8cc\ub370\uc774\ud130\uac00 \uc5f0\ub3d9\ub3fc \ubcc4\ub3c4\uc758 \uc99d\ube59 \uc11c\ub958 \uc5c6\uc774 \uccad\uad6c\uac00 \uac00\ub2a5\ud558\uba70, \ube44\uc81c\ud734 \ubcd1\uc6d0\uc758 \uacbd\uc6b0\uc5d0\ub3c4 \uc99d\ube59\uc11c\ub958\ub97c \ud734\ub300\ud3f0\uc73c\ub85c \ucd2c\uc601\ud574 \uac04\ub2e8\ud788 \ubcf4\ud5d8\uae08\uc744 \uccad\uad6c\ud560 \uc218 \uc788\ub2e4.    \ud558\ub098\uc740\ud589 \uad00\uacc4\uc790\ub294 \"\ud5a5\ud6c4 \uc11c\ube44\uc2a4 \uac00\ub2a5 \ubcf4\ud5d8\uc0ac\uc640 \uc81c\ud734 \ubcd1\uc6d0\uc744 \ud655\ub300\ud558\uaca0\ub2e4\"\uace0 \ubc1d\ud614\ub2e4.\n\n\n\nyjkim84@yna.co.kr\u25b6\ub124\uc774\ubc84\uc5d0\uc11c\ub3c4 \ub274\uc2a4\ub294 \uc5f0\ud569\ub274\uc2a4[\uad6c\ub3c5 \ud074\ub9ad]\u25b6[\ud329\ud2b8\uccb4\ud06c] SNS \ub2ec\uad70 \ubc31\uc2e0\uac00\uaca9 \ube44\uad50 \uae00? \u25b6\uc81c\ubcf4\ud558\uae30<\uc800\uc791\uad8c\uc790(c) \uc5f0\ud569\ub274\uc2a4(https://www.yna.co.kr/), \ubb34\ub2e8 \uc804\uc7ac-\uc7ac\ubc30\ud3ec \uae08\uc9c0>\n\t\t"}, {"market": "kospi", "sid": "000540", "codename": "\ud765\uad6d\ud654\uc7ac", "year": 2021, "month": 5, "article_url": "https://n.news.naver.com/article/119/0002493935?sid=101", "news_company": "\ub370\uc77c\ub9ac\uc548", "title": "\ud558\ub098\uc740\ud589, \ud558\ub098\uc6d0\ud050 \u2019\uc2e4\uc190\ubcf4\ud5d8 \ube60\ub978\uccad\uad6c\u2018 \uc11c\ube44\uc2a4 \uc2dc\ud589", "headline": "\ud558\ub098\uc740\ud589, \ud558\ub098\uc6d0\ud050 \u2019\uc2e4\uc190\ubcf4\ud5d8 \ube60\ub978\uccad\uad6c\u2018 \uc11c\ube44\uc2a4 \uc2dc\ud589", "date_str": "2021.05.18. \uc624\uc804 9:15", "writer": "\uc774\ud638\uc5f0 \uae30\uc790", "section": "\uacbd\uc81c", "original_article_link": "https://www.dailian.co.kr/news/view/992340/?sc=Naver", "article_body": "\n12\uac1c\uc0ac \uc2e4\uc190\ubcf4\ud5d8 \ubc0f \uce58\uc544\ubcf4\ud5d8 \ubcf4\ud5d8\uae08 \uccad\uad6c\n\n\n\n\ud558\ub098\uc740\ud589\uc774 '\ud558\ub098\uc6d0\ud050'\uc5d0\uc11c \uc2e4\uc190\ubcf4\ud5d8 \ube60\ub978 \uccad\uad6c \uc11c\ube44\uc2a4\ub97c \uc2dc\ud589\ud55c\ub2e4. \u24d2 \ud558\ub098\uc740\ud589\ud558\ub098\uc740\ud589\uc740 \ubaa8\ubc14\uc77c \ubc45\ud0b9 \uc571 \u2018\ud558\ub098\uc6d0\ud050\u2019 \uc774\uc6a9 \uc190\ub2d8\uc758 \ud3b8\uc758\uc131 \uc99d\ub300\ub97c \uc704\ud574 \u2018\ud558\ub098\uc6d0\ud050\u2019\ub97c \ud1b5\ud574 \uc27d\uace0 \uac04\ud3b8\ud558\uac8c \ubcf4\ud5d8\uae08\uc744 \uccad\uad6c\ud560 \uc218 \uc788\ub294 \u2018\uc2e4\uc190\ubcf4\ud5d8 \ube60\ub978\uccad\uad6c\u2019 \uc11c\ube44\uc2a4\ub97c \uc2dc\ud589\ud55c\ub2e4\uace0 18\uc77c \ubc1d\ud614\ub2e4.\uc774\ub97c \ud1b5\ud574 \uc0bc\uc131\ud654\uc7ac, KB\uc190\ud574, NH\ub18d\ud611\uc190\ud574, \ud765\uad6d\ud654\uc7ac, DB\uc190\ud574, \ub86f\ub370\uc190\ud574, \uba54\ub9ac\uce20\ud654\uc7ac, \ud55c\ud654\uc190\ud574, \ud604\ub300\ud574\uc0c1, \uc0bc\uc131\uc0dd\uba85, NH\uc0dd\uba85, \uc6b0\uccb4\uad6d\ubcf4\ud5d8 \ub4f1 12\uac1c \ubcf4\ud5d8\uc0ac\uc758 \uc2e4\uc190\ubcf4\ud5d8 \ubc0f \uce58\uc544\ubcf4\ud5d8 \uac00\uc785\uc790\ub4e4\uc774 \ud61c\ud0dd\uc744 \ubc1b\uac8c \ub410\ub2e4. \ubcc4\ub3c4\uc758 \ubcf4\ud5d8\uc0ac \ud648\ud398\uc774\uc9c0\ub098 \uc571\uc758 \uc811\uc18d\uc5c6\uc774 \u2018\ud558\ub098\uc6d0\ud050\u2019 \uc571\uc5d0\uc11c \uc27d\uace0 \ube60\ub974\uac8c \ubcf4\ud5d8\uae08\uc744 \uccad\uad6c\ud560 \uc218 \uc788\uac8c \ub410\ub2e4.\uc2e4\uc190\ubcf4\ud5d8 \ube60\ub978\uccad\uad6c \uc11c\ube44\uc2a4\ub294 \ubd80\uc0b0\ub300\ud559\uad50\ubcd1\uc6d0, \uc11c\uc6b8\uc131\ubaa8\ubcd1\uc6d0 \ub4f1 \uc81c\ud734 \ubcd1\uc6d0\uc744 \uc774\uc6a9\ud55c \uacbd\uc6b0 \uc9c4\ub8cc\ub370\uc774\ud130\uac00 \uc5f0\ub3d9\ub418\uc5b4 \ubcc4\ub3c4\uc758 \uc99d\ube59 \uc11c\ub958 \uc5c6\uc774 \uccad\uad6c \uac00\ub2a5\ud558\ub2e4. \ube44\uc81c\ud734 \ubcd1\uc6d0\uc758 \uacbd\uc6b0\uc5d0\ub3c4 \uc99d\ube59\uc11c\ub958\ub97c \ud734\ub300\ud3f0\uc73c\ub85c \ucd2c\uc601\ud574 \uac04\ub2e8\ud788 \ubcf4\ud5d8\uae08\uc744 \uccad\uad6c \ud560 \uc218 \uc788\uc5b4 \uc0ac\uc6a9\uc790\uc758 \ud3b8\ub9ac\ud568\uc744 \uadf9\ub300\ud654\ud588\ub2e4.\ud558\ub098\uc740\ud589 \uad00\uacc4\uc790\ub294 \u201c\uc2e4\uc190\ubcf4\ud5d8 \ube60\ub978\uccad\uad6c \uc11c\ube44\uc2a4\ub97c \ud1b5\ud574 \ubcf4\ud5d8\uae08\uc744 \uccad\uad6c\ud558\ub294\ub370 \uc5b4\ub824\uc6c0\uc744 \uacaa\uace0 \uc788\ub294 \u2018\ud558\ub098\uc6d0\ud050\u2019 \uc774\uc6a9\uc790\ub4e4\uc774 \uc27d\uace0 \ube60\ub974\uac8c \ubcf4\ud5d8\uc744 \uccad\uad6c\ud560 \uc218 \uc788\uae30\ub97c \uae30\ub300\ud55c\ub2e4\u201d\uba70 \u201c\ud5a5\ud6c4 \uc11c\ube44\uc2a4 \uac00\ub2a5 \ubcf4\ud5d8\uc0ac\uc640 \uc81c\ud734 \ubcd1\uc6d0\uc744 \ud655\ub300\ud558\uc5ec \uc18c\ube44\uc790 \ud3b8\uc775\uc744 \ub354\uc6b1 \uc99d\ub300\uc2dc\ud0ac \uc218 \uc788\ub3c4\ub85d \ub178\ub825\ud558\uaca0\ub2e4\u201d\uace0 \ub9d0\ud588\ub2e4.\ub370\uc77c\ub9ac\uc548 \uc774\ud638\uc5f0 \uae30\uc790 (mico911@dailian.co.kr)\u25b6 \ub370\uc77c\ub9ac\uc548 \ub124\uc774\ubc84 \uad6c\ub3c5\ud558\uae30\u2605 \uad6c\ub3c5\ub9cc \ud574\ub3c4 \uc2a4\ud0c0\ubc85\uc2a4\ucfe0\ud3f0\uc774 \uc3df\uc544\uc9c4\ub2e4!\u25b6 \uc81c\ubcf4\ud558\uae30\u24d2 (\uc8fc)\ub370\uc77c\ub9ac\uc548 - \ubb34\ub2e8\uc804\uc7ac, \ubcc0\ud615, \ubb34\ub2e8\ubc30\ud3ec \uae08\uc9c0\n\t\t"}, {"market": "kospi", "sid": "000540", "codename": "\ud765\uad6d\ud654\uc7ac", "year": 2021, "month": 5, "article_url": "http://m.fins.co.kr/news/articleView.html?idxno=85882", "news_company": "\ubcf4\ud5d8\ub9e4\uc77c", "title": "\uc5ed\ub300\uae09 \uc2e4\uc801\uc5d0\ub3c4 \ubcf4\ud5d8\uc8fc '\ub69d' \ud558\ub77d \ubc30\uacbd\uc5d0\ub294", "headline": null, "date_str": null, "writer": null, "section": null, "original_article_link": null, "article_body": null}, {"market": "kospi", "sid": "000540", "codename": "\ud765\uad6d\ud654\uc7ac", "year": 2021, "month": 5, "article_url": "https://n.news.naver.com/article/014/0004640815?sid=101", "news_company": "\ud30c\uc774\ub0b8\uc15c\ub274\uc2a4", "title": "\ud558\ub098\uc740\ud589 \"\uc2e4\uc190\ubcf4\ud5d8\uae08, \ud558\ub098\uc6d0\ud050\uc5d0\uc11c \uac04\ud3b8\ud558\uac8c \uccad\uad6c\ud558\uc138\uc694\"", "headline": "\ud558\ub098\uc740\ud589 \"\uc2e4\uc190\ubcf4\ud5d8\uae08, \ud558\ub098\uc6d0\ud050\uc5d0\uc11c \uac04\ud3b8\ud558\uac8c \uccad\uad6c\ud558\uc138\uc694\"", "date_str": "2021.05.18. \uc624\uc804 9:11", "writer": null, "section": "\uacbd\uc81c", "original_article_link": "http://www.fnnews.com/news/202105180906553581", "article_body": "\n\n\n\n\n\ud558\ub098\uc740\ud589 \uc2e4\uc190\ubcf4\ud5d8 \ube60\ub978\uccad\uad6c \uc11c\ube44\uc2a4. \uc0ac\uc9c4=\ud558\ub098\uc740\ud589 [\ud30c\uc774\ub0b8\uc15c\ub274\uc2a4] \ud558\ub098\uc740\ud589\uc740 \uace0\uac1d\uc758 \ud3b8\uc758\uc131 \uc99d\ub300\ub97c \uc704\ud574 \ubaa8\ubc14\uc77c \uc571 \ud558\ub098\uc6d0\ud050\ub85c \uc27d\uace0 \uac04\ud3b8\ud558\uac8c \ubcf4\ud5d8\uae08\uc744 \uccad\uad6c\ud560 \uc218 \uc788\ub294 '\uc2e4\uc190\ubcf4\ud5d8 \ube60\ub978\uccad\uad6c' \uc11c\ube44\uc2a4\ub97c \uc2dc\ud589\ud55c\ub2e4\uace0 18\uc77c \ubc1d\ud614\ub2e4.   \uc774\ubc88 \uc11c\ube44\uc2a4\ub97c \ud1b5\ud574 \ud558\ub098\uc6d0\ud050 \uc774\uc6a9 \uace0\uac1d \uc911 \uc0bc\uc131\ud654\uc7ac, KB\uc190\ud574, NH\ub18d\ud611\uc190\ud574, \ud765\uad6d\ud654\uc7ac, DB\uc190\ud574, \ub86f\ub370\uc190\ud574, \uba54\ub9ac\uce20\ud654\uc7ac, \ud55c\ud654\uc190\ud574, \ud604\ub300\ud574\uc0c1, \uc0bc\uc131\uc0dd\uba85, NH\uc0dd\uba85, \uc6b0\uccb4\uad6d\ubcf4\ud5d8 \ub4f1 12\uac1c \ubcf4\ud5d8\uc0ac\uc758 \uc2e4\uc190\ubcf4\ud5d8\uacfc \uce58\uc544\ubcf4\ud5d8 \uac00\uc785\uc790\ub4e4\uc774 \ubcc4\ub3c4\uc758 \ubcf4\ud5d8\uc0ac \ud648\ud398\uc774\uc9c0\ub098 \uc571 \uc811\uc18d\uc5c6\uc774 \ud558\ub098\uc6d0\ud050 \uc571\uc5d0\uc11c \uc27d\uace0 \ube60\ub974\uac8c \ubcf4\ud5d8\uae08\uc744 \uccad\uad6c\ud560 \uc218 \uc788\uac8c \ub410\ub2e4.   \uc544\uc6b8\ub7ec \uc2e4\uc190\ubcf4\ud5d8 \ube60\ub978\uccad\uad6c \uc11c\ube44\uc2a4\ub294 \ubd80\uc0b0\ub300\ud559\uad50\ubcd1\uc6d0, \uc11c\uc6b8\uc131\ubaa8\ubcd1\uc6d0 \ub4f1 \uc81c\ud734 \ubcd1\uc6d0\uc744 \uc774\uc6a9\ud55c \uacbd\uc6b0 \uc9c4\ub8cc\ub370\uc774\ud130\uac00 \uc5f0\ub3d9\ub3fc \ubcc4\ub3c4\uc758 \uc99d\ube59 \uc11c\ub958 \uc5c6\uc774 \uccad\uad6c \uac00\ub2a5\ud558\ub2e4. \ube44\uc81c\ud734 \ubcd1\uc6d0\uc758 \uacbd\uc6b0\uc5d0\ub3c4 \uc99d\ube59\uc11c\ub958\ub97c \ud734\ub300\ud3f0\uc73c\ub85c \ucd2c\uc601\ud574 \uac04\ub2e8\ud788 \ubcf4\ud5d8\uae08\uc744 \uccad\uad6c \ud560 \uc218 \uc788\ub2e4.  king@fnnews.com \uc774\uc6a9\uc548 \uae30\uc790   \u25b6 \ub0a0\ub85c\uba39\uace0 \uad6c\uc6cc\uba39\ub294 \uae08\uc735\uc774\uc288 [\ud30c\uc778\uc560\ud50c]\u25b6 \ubaa8(\u6bdb)\uc544 \ubaa8\uc544 [\ubaa8\uc544\uc2dc\uc2a4]\u25b6 \ud5c9! \uc18c\ub9ac\ub098\ub294 \uc2a4!\ud1a0\ub9ac \ub274\uc2a4 [\ud5c9\uc2a4]  \u203b \uc800\uc791\uad8c\uc790 \u24d2 \ud30c\uc774\ub0b8\uc15c\ub274\uc2a4. \ubb34\ub2e8 \uc804\uc7ac-\uc7ac\ubc30\ud3ec \uae08\uc9c0\n\t\t"}, {"market": "kospi", "sid": "000540", "codename": "\ud765\uad6d\ud654\uc7ac", "year": 2021, "month": 5, "article_url": "http://m.thebigdata.co.kr/view.php?ud=202105180911363878d0a8833aad_23", "news_company": "\ube45\ub370\uc774\ud130\ub274\uc2a4", "title": "\ud0dc\uad11\uadf8\ub8f9, ESG \uacbd\uc601 \ud2b8\ub80c\ub4dc \ub9de\ucd98 \uce5c\ud658\uacbd \uc0ac\ud68c\uacf5\ud5cc \ud65c\ub3d9 \uc804\uac1c", "headline": null, "date_str": null, "writer": null, "section": null, "original_article_link": null, "article_body": null}, {"market": "kospi", "sid": "000540", "codename": "\ud765\uad6d\ud654\uc7ac", "year": 2021, "month": 5, "article_url": "https://n.news.naver.com/article/001/0012400115?sid=101", "news_company": "\uc5f0\ud569\ub274\uc2a4", "title": "\ud558\ub098\uc740\ud589, \ubaa8\ubc14\uc77c\ubc45\ud0b9 \uc571 '\uc2e4\uc190\ubcf4\ud5d8 \ube60\ub978\uccad\uad6c' \uc11c\ube44\uc2a4 \uc2dc\ud589", "headline": "\ud558\ub098\uc740\ud589, \ubaa8\ubc14\uc77c\ubc45\ud0b9 \uc571 '\uc2e4\uc190\ubcf4\ud5d8 \ube60\ub978\uccad\uad6c' \uc11c\ube44\uc2a4 \uc2dc\ud589", "date_str": "2021.05.18. \uc624\uc804 9:15", "writer": "\uae40\uc5f0\uc815 \uae30\uc790", "section": "\uacbd\uc81c", "original_article_link": "http://yna.kr/AKR20210518038400002?did=1195m", "article_body": "\n\t\t\t(\uc11c\uc6b8=\uc5f0\ud569\ub274\uc2a4) \uae40\uc5f0\uc815 \uae30\uc790 = \ud558\ub098\uc740\ud589\uc740 \ubaa8\ubc14\uc77c \ubc45\ud0b9 \uc571 '\ud558\ub098\uc6d0\ud050'\ub97c \ud1b5\ud574 \uc27d\uace0 \uac04\ud3b8\ud558\uac8c \ubcf4\ud5d8\uae08\uc744 \uccad\uad6c\ud560 \uc218 \uc788\ub294 '\uc2e4\uc190\ubcf4\ud5d8 \ube60\ub978\uccad\uad6c' \uc11c\ube44\uc2a4\ub97c \uc2dc\ud589\ud55c\ub2e4\uace0 18\uc77c \ubc1d\ud614\ub2e4.    \uc774\ubc88 \uc11c\ube44\uc2a4\ub97c \ud1b5\ud574 '\ud558\ub098\uc6d0\ud050' \uc774\uc6a9 \uace0\uac1d \uc911 \uc0bc\uc131\ud654\uc7ac, KB\uc190\ud574, NH\ub18d\ud611\uc190\ud574, \ud765\uad6d\ud654\uc7ac, DB\uc190\ud574, \ub86f\ub370\uc190\ud574, \uba54\ub9ac\uce20\ud654\uc7ac, \ud55c\ud654\uc190\ud574, \ud604\ub300\ud574\uc0c1, \uc0bc\uc131\uc0dd\uba85, NH\uc0dd\uba85, \uc6b0\uccb4\uad6d\ubcf4\ud5d8 \ub4f1 12\uac1c \ubcf4\ud5d8\uc0ac\uc758 \uc2e4\uc190\ubcf4\ud5d8 \ubc0f \uce58\uc544\ubcf4\ud5d8 \uac00\uc785\uc790\ub4e4\uc774 \ubcc4\ub3c4\uc758 \ubcf4\ud5d8\uc0ac \ud648\ud398\uc774\uc9c0\ub098 \uc571\uc5d0 \uc811\uc18d\ud560 \ud544\uc694 \uc5c6\uc774 '\ud558\ub098\uc6d0\ud050' \uc571\uc5d0\uc11c \ubcf4\ud5d8\uae08\uc744 \uccad\uad6c\ud560 \uc218 \uc788\uac8c \ub410\ub2e4.    \ub610\ud55c \uc774 \uc11c\ube44\uc2a4\ub294 \ubd80\uc0b0\ub300\ud559\uad50\ubcd1\uc6d0, \uc11c\uc6b8\uc131\ubaa8\ubcd1\uc6d0 \ub4f1 \uc81c\ud734 \ubcd1\uc6d0\uc744 \uc774\uc6a9\ud55c \uacbd\uc6b0 \uc9c4\ub8cc\ub370\uc774\ud130\uac00 \uc5f0\ub3d9\ub3fc \ubcc4\ub3c4\uc758 \uc99d\ube59 \uc11c\ub958 \uc5c6\uc774 \uccad\uad6c\uac00 \uac00\ub2a5\ud558\uba70, \ube44\uc81c\ud734 \ubcd1\uc6d0\uc758 \uacbd\uc6b0\uc5d0\ub3c4 \uc99d\ube59\uc11c\ub958\ub97c \ud734\ub300\ud3f0\uc73c\ub85c \ucd2c\uc601\ud574 \uac04\ub2e8\ud788 \ubcf4\ud5d8\uae08\uc744 \uccad\uad6c\ud560 \uc218 \uc788\ub2e4.    \ud558\ub098\uc740\ud589 \uad00\uacc4\uc790\ub294 \"\ud5a5\ud6c4 \uc11c\ube44\uc2a4 \uac00\ub2a5 \ubcf4\ud5d8\uc0ac\uc640 \uc81c\ud734 \ubcd1\uc6d0\uc744 \ud655\ub300\ud558\uaca0\ub2e4\"\uace0 \ubc1d\ud614\ub2e4.\n\n\n\nyjkim84@yna.co.kr\u25b6\ub124\uc774\ubc84\uc5d0\uc11c\ub3c4 \ub274\uc2a4\ub294 \uc5f0\ud569\ub274\uc2a4[\uad6c\ub3c5 \ud074\ub9ad]\u25b6[\ud329\ud2b8\uccb4\ud06c] SNS \ub2ec\uad70 \ubc31\uc2e0\uac00\uaca9 \ube44\uad50 \uae00? \u25b6\uc81c\ubcf4\ud558\uae30<\uc800\uc791\uad8c\uc790(c) \uc5f0\ud569\ub274\uc2a4(https://www.yna.co.kr/), \ubb34\ub2e8 \uc804\uc7ac-\uc7ac\ubc30\ud3ec \uae08\uc9c0>\n\t\t"}, {"market": "kospi", "sid": "000540", "codename": "\ud765\uad6d\ud654\uc7ac", "year": 2021, "month": 5, "article_url": "https://n.news.naver.com/article/119/0002493935?sid=101", "news_company": "\ub370\uc77c\ub9ac\uc548", "title": "\ud558\ub098\uc740\ud589, \ud558\ub098\uc6d0\ud050 \u2019\uc2e4\uc190\ubcf4\ud5d8 \ube60\ub978\uccad\uad6c\u2018 \uc11c\ube44\uc2a4 \uc2dc\ud589", "headline": "\ud558\ub098\uc740\ud589, \ud558\ub098\uc6d0\ud050 \u2019\uc2e4\uc190\ubcf4\ud5d8 \ube60\ub978\uccad\uad6c\u2018 \uc11c\ube44\uc2a4 \uc2dc\ud589", "date_str": "2021.05.18. \uc624\uc804 9:15", "writer": "\uc774\ud638\uc5f0 \uae30\uc790", "section": "\uacbd\uc81c", "original_article_link": "https://www.dailian.co.kr/news/view/992340/?sc=Naver", "article_body": "\n12\uac1c\uc0ac \uc2e4\uc190\ubcf4\ud5d8 \ubc0f \uce58\uc544\ubcf4\ud5d8 \ubcf4\ud5d8\uae08 \uccad\uad6c\n\n\n\n\ud558\ub098\uc740\ud589\uc774 '\ud558\ub098\uc6d0\ud050'\uc5d0\uc11c \uc2e4\uc190\ubcf4\ud5d8 \ube60\ub978 \uccad\uad6c \uc11c\ube44\uc2a4\ub97c \uc2dc\ud589\ud55c\ub2e4. \u24d2 \ud558\ub098\uc740\ud589\ud558\ub098\uc740\ud589\uc740 \ubaa8\ubc14\uc77c \ubc45\ud0b9 \uc571 \u2018\ud558\ub098\uc6d0\ud050\u2019 \uc774\uc6a9 \uc190\ub2d8\uc758 \ud3b8\uc758\uc131 \uc99d\ub300\ub97c \uc704\ud574 \u2018\ud558\ub098\uc6d0\ud050\u2019\ub97c \ud1b5\ud574 \uc27d\uace0 \uac04\ud3b8\ud558\uac8c \ubcf4\ud5d8\uae08\uc744 \uccad\uad6c\ud560 \uc218 \uc788\ub294 \u2018\uc2e4\uc190\ubcf4\ud5d8 \ube60\ub978\uccad\uad6c\u2019 \uc11c\ube44\uc2a4\ub97c \uc2dc\ud589\ud55c\ub2e4\uace0 18\uc77c \ubc1d\ud614\ub2e4.\uc774\ub97c \ud1b5\ud574 \uc0bc\uc131\ud654\uc7ac, KB\uc190\ud574, NH\ub18d\ud611\uc190\ud574, \ud765\uad6d\ud654\uc7ac, DB\uc190\ud574, \ub86f\ub370\uc190\ud574, \uba54\ub9ac\uce20\ud654\uc7ac, \ud55c\ud654\uc190\ud574, \ud604\ub300\ud574\uc0c1, \uc0bc\uc131\uc0dd\uba85, NH\uc0dd\uba85, \uc6b0\uccb4\uad6d\ubcf4\ud5d8 \ub4f1 12\uac1c \ubcf4\ud5d8\uc0ac\uc758 \uc2e4\uc190\ubcf4\ud5d8 \ubc0f \uce58\uc544\ubcf4\ud5d8 \uac00\uc785\uc790\ub4e4\uc774 \ud61c\ud0dd\uc744 \ubc1b\uac8c \ub410\ub2e4. \ubcc4\ub3c4\uc758 \ubcf4\ud5d8\uc0ac \ud648\ud398\uc774\uc9c0\ub098 \uc571\uc758 \uc811\uc18d\uc5c6\uc774 \u2018\ud558\ub098\uc6d0\ud050\u2019 \uc571\uc5d0\uc11c \uc27d\uace0 \ube60\ub974\uac8c \ubcf4\ud5d8\uae08\uc744 \uccad\uad6c\ud560 \uc218 \uc788\uac8c \ub410\ub2e4.\uc2e4\uc190\ubcf4\ud5d8 \ube60\ub978\uccad\uad6c \uc11c\ube44\uc2a4\ub294 \ubd80\uc0b0\ub300\ud559\uad50\ubcd1\uc6d0, \uc11c\uc6b8\uc131\ubaa8\ubcd1\uc6d0 \ub4f1 \uc81c\ud734 \ubcd1\uc6d0\uc744 \uc774\uc6a9\ud55c \uacbd\uc6b0 \uc9c4\ub8cc\ub370\uc774\ud130\uac00 \uc5f0\ub3d9\ub418\uc5b4 \ubcc4\ub3c4\uc758 \uc99d\ube59 \uc11c\ub958 \uc5c6\uc774 \uccad\uad6c \uac00\ub2a5\ud558\ub2e4. \ube44\uc81c\ud734 \ubcd1\uc6d0\uc758 \uacbd\uc6b0\uc5d0\ub3c4 \uc99d\ube59\uc11c\ub958\ub97c \ud734\ub300\ud3f0\uc73c\ub85c \ucd2c\uc601\ud574 \uac04\ub2e8\ud788 \ubcf4\ud5d8\uae08\uc744 \uccad\uad6c \ud560 \uc218 \uc788\uc5b4 \uc0ac\uc6a9\uc790\uc758 \ud3b8\ub9ac\ud568\uc744 \uadf9\ub300\ud654\ud588\ub2e4.\ud558\ub098\uc740\ud589 \uad00\uacc4\uc790\ub294 \u201c\uc2e4\uc190\ubcf4\ud5d8 \ube60\ub978\uccad\uad6c \uc11c\ube44\uc2a4\ub97c \ud1b5\ud574 \ubcf4\ud5d8\uae08\uc744 \uccad\uad6c\ud558\ub294\ub370 \uc5b4\ub824\uc6c0\uc744 \uacaa\uace0 \uc788\ub294 \u2018\ud558\ub098\uc6d0\ud050\u2019 \uc774\uc6a9\uc790\ub4e4\uc774 \uc27d\uace0 \ube60\ub974\uac8c \ubcf4\ud5d8\uc744 \uccad\uad6c\ud560 \uc218 \uc788\uae30\ub97c \uae30\ub300\ud55c\ub2e4\u201d\uba70 \u201c\ud5a5\ud6c4 \uc11c\ube44\uc2a4 \uac00\ub2a5 \ubcf4\ud5d8\uc0ac\uc640 \uc81c\ud734 \ubcd1\uc6d0\uc744 \ud655\ub300\ud558\uc5ec \uc18c\ube44\uc790 \ud3b8\uc775\uc744 \ub354\uc6b1 \uc99d\ub300\uc2dc\ud0ac \uc218 \uc788\ub3c4\ub85d \ub178\ub825\ud558\uaca0\ub2e4\u201d\uace0 \ub9d0\ud588\ub2e4.\ub370\uc77c\ub9ac\uc548 \uc774\ud638\uc5f0 \uae30\uc790 (mico911@dailian.co.kr)\u25b6 \ub370\uc77c\ub9ac\uc548 \ub124\uc774\ubc84 \uad6c\ub3c5\ud558\uae30\u2605 \uad6c\ub3c5\ub9cc \ud574\ub3c4 \uc2a4\ud0c0\ubc85\uc2a4\ucfe0\ud3f0\uc774 \uc3df\uc544\uc9c4\ub2e4!\u25b6 \uc81c\ubcf4\ud558\uae30\u24d2 (\uc8fc)\ub370\uc77c\ub9ac\uc548 - \ubb34\ub2e8\uc804\uc7ac, \ubcc0\ud615, \ubb34\ub2e8\ubc30\ud3ec \uae08\uc9c0\n\t\t"}, {"market": "kospi", "sid": "000540", "codename": "\ud765\uad6d\ud654\uc7ac", "year": 2021, "month": 5, "article_url": "http://m.fins.co.kr/news/articleView.html?idxno=85882", "news_company": "\ubcf4\ud5d8\ub9e4\uc77c", "title": "\uc5ed\ub300\uae09 \uc2e4\uc801\uc5d0\ub3c4 \ubcf4\ud5d8\uc8fc '\ub69d' \ud558\ub77d \ubc30\uacbd\uc5d0\ub294", "headline": null, "date_str": null, "writer": null, "section": null, "original_article_link": null, "article_body": null}, {"market": "kospi", "sid": "000540", "codename": "\ud765\uad6d\ud654\uc7ac", "year": 2021, "month": 5, "article_url": "https://n.news.naver.com/article/014/0004640815?sid=101", "news_company": "\ud30c\uc774\ub0b8\uc15c\ub274\uc2a4", "title": "\ud558\ub098\uc740\ud589 \"\uc2e4\uc190\ubcf4\ud5d8\uae08, \ud558\ub098\uc6d0\ud050\uc5d0\uc11c \uac04\ud3b8\ud558\uac8c \uccad\uad6c\ud558\uc138\uc694\"", "headline": "\ud558\ub098\uc740\ud589 \"\uc2e4\uc190\ubcf4\ud5d8\uae08, \ud558\ub098\uc6d0\ud050\uc5d0\uc11c \uac04\ud3b8\ud558\uac8c \uccad\uad6c\ud558\uc138\uc694\"", "date_str": "2021.05.18. \uc624\uc804 9:11", "writer": null, "section": "\uacbd\uc81c", "original_article_link": "http://www.fnnews.com/news/202105180906553581", "article_body": "\n\n\n\n\n\ud558\ub098\uc740\ud589 \uc2e4\uc190\ubcf4\ud5d8 \ube60\ub978\uccad\uad6c \uc11c\ube44\uc2a4. \uc0ac\uc9c4=\ud558\ub098\uc740\ud589 [\ud30c\uc774\ub0b8\uc15c\ub274\uc2a4] \ud558\ub098\uc740\ud589\uc740 \uace0\uac1d\uc758 \ud3b8\uc758\uc131 \uc99d\ub300\ub97c \uc704\ud574 \ubaa8\ubc14\uc77c \uc571 \ud558\ub098\uc6d0\ud050\ub85c \uc27d\uace0 \uac04\ud3b8\ud558\uac8c \ubcf4\ud5d8\uae08\uc744 \uccad\uad6c\ud560 \uc218 \uc788\ub294 '\uc2e4\uc190\ubcf4\ud5d8 \ube60\ub978\uccad\uad6c' \uc11c\ube44\uc2a4\ub97c \uc2dc\ud589\ud55c\ub2e4\uace0 18\uc77c \ubc1d\ud614\ub2e4.   \uc774\ubc88 \uc11c\ube44\uc2a4\ub97c \ud1b5\ud574 \ud558\ub098\uc6d0\ud050 \uc774\uc6a9 \uace0\uac1d \uc911 \uc0bc\uc131\ud654\uc7ac, KB\uc190\ud574, NH\ub18d\ud611\uc190\ud574, \ud765\uad6d\ud654\uc7ac, DB\uc190\ud574, \ub86f\ub370\uc190\ud574, \uba54\ub9ac\uce20\ud654\uc7ac, \ud55c\ud654\uc190\ud574, \ud604\ub300\ud574\uc0c1, \uc0bc\uc131\uc0dd\uba85, NH\uc0dd\uba85, \uc6b0\uccb4\uad6d\ubcf4\ud5d8 \ub4f1 12\uac1c \ubcf4\ud5d8\uc0ac\uc758 \uc2e4\uc190\ubcf4\ud5d8\uacfc \uce58\uc544\ubcf4\ud5d8 \uac00\uc785\uc790\ub4e4\uc774 \ubcc4\ub3c4\uc758 \ubcf4\ud5d8\uc0ac \ud648\ud398\uc774\uc9c0\ub098 \uc571 \uc811\uc18d\uc5c6\uc774 \ud558\ub098\uc6d0\ud050 \uc571\uc5d0\uc11c \uc27d\uace0 \ube60\ub974\uac8c \ubcf4\ud5d8\uae08\uc744 \uccad\uad6c\ud560 \uc218 \uc788\uac8c \ub410\ub2e4.   \uc544\uc6b8\ub7ec \uc2e4\uc190\ubcf4\ud5d8 \ube60\ub978\uccad\uad6c \uc11c\ube44\uc2a4\ub294 \ubd80\uc0b0\ub300\ud559\uad50\ubcd1\uc6d0, \uc11c\uc6b8\uc131\ubaa8\ubcd1\uc6d0 \ub4f1 \uc81c\ud734 \ubcd1\uc6d0\uc744 \uc774\uc6a9\ud55c \uacbd\uc6b0 \uc9c4\ub8cc\ub370\uc774\ud130\uac00 \uc5f0\ub3d9\ub3fc \ubcc4\ub3c4\uc758 \uc99d\ube59 \uc11c\ub958 \uc5c6\uc774 \uccad\uad6c \uac00\ub2a5\ud558\ub2e4. \ube44\uc81c\ud734 \ubcd1\uc6d0\uc758 \uacbd\uc6b0\uc5d0\ub3c4 \uc99d\ube59\uc11c\ub958\ub97c \ud734\ub300\ud3f0\uc73c\ub85c \ucd2c\uc601\ud574 \uac04\ub2e8\ud788 \ubcf4\ud5d8\uae08\uc744 \uccad\uad6c \ud560 \uc218 \uc788\ub2e4.  king@fnnews.com \uc774\uc6a9\uc548 \uae30\uc790   \u25b6 \ub0a0\ub85c\uba39\uace0 \uad6c\uc6cc\uba39\ub294 \uae08\uc735\uc774\uc288 [\ud30c\uc778\uc560\ud50c]\u25b6 \ubaa8(\u6bdb)\uc544 \ubaa8\uc544 [\ubaa8\uc544\uc2dc\uc2a4]\u25b6 \ud5c9! \uc18c\ub9ac\ub098\ub294 \uc2a4!\ud1a0\ub9ac \ub274\uc2a4 [\ud5c9\uc2a4]  \u203b \uc800\uc791\uad8c\uc790 \u24d2 \ud30c\uc774\ub0b8\uc15c\ub274\uc2a4. \ubb34\ub2e8 \uc804\uc7ac-\uc7ac\ubc30\ud3ec \uae08\uc9c0\n\t\t"}, {"market": "kospi", "sid": "000540", "codename": "\ud765\uad6d\ud654\uc7ac", "year": 2021, "month": 5, "article_url": "http://www.segyebiz.com/newsView/20210518503234?OutUrl=naver", "news_company": "\uc138\uacc4\ube44\uc988", "title": "\ud558\ub098\uc740\ud589, \ud558\ub098\uc6d0\ud050 \u2018\uc2e4\uc190\ubcf4\ud5d8 \ube60\ub978\uccad\uad6c\u2019 \uc11c\ube44\uc2a4 \uc2dc\ud589", "headline": null, "date_str": null, "writer": null, "section": null, "original_article_link": null, "article_body": null}, {"market": "kospi", "sid": "000540", "codename": "\ud765\uad6d\ud654\uc7ac", "year": 2021, "month": 5, "article_url": "http://www.newsbrite.net/news/articleView.html?idxno=150406", "news_company": "\ub274\uc2a4\ube0c\ub77c\uc774\ud2b8", "title": "\ud558\ub098\uc740\ud589, \ud558\ub098\uc6d0\ud050 \u300e\uc2e4\uc190\ubcf4\ud5d8 \ube60\ub978\uccad\uad6c\u300f \uc11c\ube44\uc2a4 \uc2dc\ud589", "headline": null, "date_str": null, "writer": null, "section": null, "original_article_link": null, "article_body": null}, {"market": "kospi", "sid": "000540", "codename": "\ud765\uad6d\ud654\uc7ac", "year": 2021, "month": 5, "article_url": "http://m.srtimes.kr/news/articleView.html?idxno=93571", "news_company": "SR\ud0c0\uc784\uc2a4", "title": "[SR\uacbd\uc81c&\ub77c\uc774\ud504] \ud558\ub098\uc740\ud589, \ud558\ub098\uc6d0\ud050 '\uc2e4\uc190\ubcf4\ud5d8 \ube60\ub978\uccad\uad6c' \uc11c\ube44\uc2a4 \uc2dc\uc791", "headline": null, "date_str": null, "writer": null, "section": null, "original_article_link": null, "article_body": null}, {"market": "kospi", "sid": "000540", "codename": "\ud765\uad6d\ud654\uc7ac", "year": 2021, "month": 5, "article_url": "http://m.newsway.co.kr/news/view?tp=1&ud=2021051808593447803", "news_company": "\ub274\uc2a4\uc6e8\uc774", "title": "\ud558\ub098\uc740\ud589, \ud558\ub098\uc6d0\ud050 \u2018\uc2e4\uc190\ubcf4\ud5d8 \ube60\ub978\uccad\uad6c\u2019 \uc11c\ube44\uc2a4 \uc2dc\ud589", "headline": null, "date_str": null, "writer": null, "section": null, "original_article_link": null, "article_body": null}, {"market": "kospi", "sid": "000540", "codename": "\ud765\uad6d\ud654\uc7ac", "year": 2021, "month": 5, "article_url": "http://www.newsworks.co.kr/news/articleView.html?idxno=549025", "news_company": "\ub274\uc2a4\uc6cd\uc2a4", "title": "\ud558\ub098\uc740\ud589, \"\ud558\ub098\uc6d0\ud050\ub85c \uc190\uc27d\uac8c \uc2e4\uc190\ubcf4\ud5d8 \uccad\uad6c\ud558\uc138\uc694\"", "headline": null, "date_str": null, "writer": null, "section": null, "original_article_link": null, "article_body": null}, {"market": "kospi", "sid": "000540", "codename": "\ud765\uad6d\ud654\uc7ac", "year": 2021, "month": 5, "article_url": "http://www.intn.co.kr/news/articleView.html?idxno=2016793", "news_company": "\uc77c\uac04NTN", "title": "\ud558\ub098\uc740\ud589, \ud558\ub098\uc6d0\ud050\ub85c \uc2e4\uc190\ubcf4\ud5d8 \uc27d\uace0 \ube68\ub9ac \uccad\uad6c", "headline": null, "date_str": null, "writer": null, "section": null, "original_article_link": null, "article_body": null}, {"market": "kospi", "sid": "000540", "codename": "\ud765\uad6d\ud654\uc7ac", "year": 2021, "month": 5, "article_url": "http://m.slist.kr/news/articleView.html?idxno=252048", "news_company": "\uc2f1\uae00\ub9ac\uc2a4\ud2b8", "title": "\ud558\ub098\uc740\ud589, \ud558\ub098\uc6d0\ud050 '\uc2e4\uc190\ubcf4\ud5d8 \ube60\ub978\uccad\uad6c' \uc11c\ube44\uc2a4", "headline": null, "date_str": null, "writer": null, "section": null, "original_article_link": null, "article_body": null}, {"market": "kospi", "sid": "000540", "codename": "\ud765\uad6d\ud654\uc7ac", "year": 2021, "month": 5, "article_url": "http://www.smedaily.co.kr/news/articleView.html?idxno=203849", "news_company": "\uc911\uc18c\uae30\uc5c5\uc2e0\ubb38", "title": "\ud558\ub098\uc740\ud589 '\ud558\ub098\uc6d0\ud050'\ub85c \uc2e4\uc190\ubcf4\ud5d8 \uac04\ud3b8\uccad\uad6c \uac00\ub2a5\ud574\uc838", "headline": null, "date_str": null, "writer": null, "section": null, "original_article_link": null, "article_body": null}, {"market": "kospi", "sid": "000540", "codename": "\ud765\uad6d\ud654\uc7ac", "year": 2021, "month": 5, "article_url": "https://n.news.naver.com/article/277/0004904575?sid=101", "news_company": "\uc544\uc2dc\uc544\uacbd\uc81c", "title": "\ud558\ub098\uc740\ud589 \"\ud558\ub098\uc6d0\ud050\uc5d0\uc11c '\uc2e4\uc190\ubcf4\ud5d8 \ube60\ub978\uccad\uad6c' \ub9cc\ub098\ubcf4\uc138\uc694\"", "headline": "\ud558\ub098\uc740\ud589 \"\ud558\ub098\uc6d0\ud050\uc5d0\uc11c '\uc2e4\uc190\ubcf4\ud5d8 \ube60\ub978\uccad\uad6c' \ub9cc\ub098\ubcf4\uc138\uc694\"", "date_str": "2021.05.18. \uc624\uc804 8:52", "writer": "\uc131\uae30\ud638 \uae30\uc790", "section": "\uacbd\uc81c", "original_article_link": "https://view.asiae.co.kr/article/2021051808530003463", "article_body": "\n\n\n\n\n[\uc544\uc2dc\uc544\uacbd\uc81c \uc131\uae30\ud638 \uae30\uc790] \ud558\ub098\uc740\ud589\uc774 \ubaa8\ubc14\uc77c \ubc45\ud0b9 \uc560\ud50c\ub9ac\ucf00\uc774\uc158(\uc571) \u2018\ud558\ub098\uc6d0\ud050\u2019 \uc774\uc6a9 \uace0\uac1d\uc758 \ud3b8\uc758\uc131 \uc99d\ub300\ub97c \uc704\ud574 \uc27d\uace0 \uac04\ud3b8\ud558\uac8c \ubcf4\ud5d8\uae08\uc744 \uccad\uad6c\ud560 \uc218 \uc788\ub294 '\uc2e4\uc190\ubcf4\ud5d8 \ube60\ub978\uccad\uad6c' \uc11c\ube44\uc2a4\ub97c \uc2dc\ud589\ud55c\ub2e4\uace0 18\uc77c \ubc1d\ud614\ub2e4.\uc774\ubc88 \uc11c\ube44\uc2a4 \ub300\uc0c1 \ubcf4\ud5d8\uc0ac\ub294 \uc0bc\uc131\ud654\uc7ac\u00b7KB\uc190\ud574\ubcf4\ud5d8\u00b7NH\ub18d\ud611\uc190\ud574\ubcf4\ud5d8\u00b7\ud765\uad6d\ud654\uc7ac\u00b7DB\uc190\ud574\ubcf4\ud5d8\u00b7\ub86f\ub370\uc190\ud574\ubcf4\ud5d8\u00b7\uba54\ub9ac\uce20\ud654\uc7ac\u00b7\ud55c\ud654\uc190\ud574\ubcf4\ud5d8\u00b7\ud604\ub300\ud574\uc0c1\u00b7\uc0bc\uc131\uc0dd\uba85\u00b7NH\uc0dd\uba85\u00b7\uc6b0\uccb4\uad6d\ubcf4\ud5d8 \ub4f1 12\uac1c\uc0ac\ub2e4. \ud558\ub098\uc6d0\ud050 \uc774\uc6a9 \uace0\uac1d \uc911 \ud574\ub2f9 \ubcf4\ud5d8\uc0ac\uc758 \uc2e4\uc190\ubcf4\ud5d8 \ubc0f \uce58\uc544\ubcf4\ud5d8 \uac00\uc785\uc790\ub4e4\uc774 \ubcc4\ub3c4\uc758 \ubcf4\ud5d8\uc0ac \ud648\ud398\uc774\uc9c0\ub098 \uc571 \uc811\uc18d\uc5c6\uc774 \u2018\ud558\ub098\uc6d0\ud050\u2019 \uc571\uc5d0\uc11c \uc27d\uace0 \ube60\ub974\uac8c \ubcf4\ud5d8\uae08\uc744 \uccad\uad6c\ud560 \uc218 \uc788\uac8c \ub410\ub2e4.\uc2e4\uc190\ubcf4\ud5d8 \ube60\ub978\uccad\uad6c \uc11c\ube44\uc2a4\ub294 \ubd80\uc0b0\ub300\ud559\uad50\ubcd1\uc6d0, \uc11c\uc6b8\uc131\ubaa8\ubcd1\uc6d0 \ub4f1 \uc81c\ud734 \ubcd1\uc6d0\uc744 \uc774\uc6a9\ud55c \uacbd\uc6b0 \uc9c4\ub8cc\ub370\uc774\ud130\uac00 \uc5f0\ub3d9\ub3fc \ubcc4\ub3c4\uc758 \uc99d\ube59 \uc11c\ub958 \uc5c6\uc774 \uccad\uad6c \uac00\ub2a5\ud558\ub2e4. \ube44\uc81c\ud734 \ubcd1\uc6d0\uc758 \uacbd\uc6b0\uc5d0\ub3c4 \uc99d\ube59\uc11c\ub958\ub97c \ud734\ub300\ud3f0\uc73c\ub85c \ucd2c\uc601\ud574 \uac04\ub2e8\ud788 \ubcf4\ud5d8\uae08\uc744 \uccad\uad6c \ud560 \uc218 \uc788\uc5b4 \uc0ac\uc6a9\uc790\uc758 \ud3b8\ub9ac\ud568\uc744 \uadf9\ub300\ud654\ud588\ub2e4.\ud558\ub098\uc740\ud589 \uad00\uacc4\uc790\ub294 \u201c\uc774\ubc88 \uc11c\ube44\uc2a4\ub97c \ud1b5\ud574 \ubcf4\ud5d8\uae08\uc744 \uccad\uad6c\ud558\ub294\ub370 \uc5b4\ub824\uc6c0\uc744 \uacaa\uace0 \uc788\ub294 \ud558\ub098\uc6d0\ud050 \uc774\uc6a9\uc790\ub4e4\uc774 \uc27d\uace0 \ube60\ub974\uac8c \ubcf4\ud5d8\uc744 \uccad\uad6c\ud560 \uc218 \uc788\uae30\ub97c \uae30\ub300\ud55c\ub2e4\u201d\uba70 \u201c\ud5a5\ud6c4 \uc11c\ube44\uc2a4 \uac00\ub2a5 \ubcf4\ud5d8\uc0ac\uc640 \uc81c\ud734 \ubcd1\uc6d0\uc744 \ud655\ub300\ud574 \uc18c\ube44\uc790 \ud3b8\uc775\uc744 \ub354\uc6b1 \uc99d\ub300\uc2dc\ud0ac \uc218 \uc788\ub3c4\ub85d \ub178\ub825\ud558\uaca0\ub2e4\u201d\uace0 \ubc1d\ud614\ub2e4.\uc131\uae30\ud638 \uae30\uc790 kihoyeyo@asiae.co.kr\u25b6 \uc18d \uc2dc\uc6d0\ud55c \ud480\uc774! 2021\ub144 \uc815\ud1b5\uc0ac\uc8fc\u00b7\uc6b4\uc138\u00b7\ud1a0\uc815\ube44\uacb0\u25b6 \uc9c1\uc7a5\uc778\uc744 \uc704\ud55c '\ube45\ub370\uc774\ud130 \ubd84\uc11d' \uad6d\ube44 \ud2b9\ud654\uacfc\uc815 \ubaa8\uc9d1\u25b6 \ud22c\uc790 \uc131\uacf5\uc758 \ud575\uc2ec\uc740 \uae30\uc5c5\ubd84\uc11d! 'CORE' \ubc14\ub85c\uac00\uae30<\u24d2\uacbd\uc81c\ub97c \ubcf4\ub294 \ub208, \uc138\uacc4\ub97c \ubcf4\ub294 \ucc3d \uc544\uc2dc\uc544\uacbd\uc81c \ubb34\ub2e8\uc804\uc7ac \ubc30\ud3ec\uae08\uc9c0>\n\t\t"}, {"market": "kospi", "sid": "000540", "codename": "\ud765\uad6d\ud654\uc7ac", "year": 2021, "month": 5, "article_url": "http://m.newspim.com/news/view/20210518000097", "news_company": "\ub274\uc2a4\ud54c", "title": "\ud558\ub098\uc740\ud589, \ud558\ub098\uc6d0\ud050 '\uc2e4\uc190\ubcf4\ud5d8 \ube60\ub978\uccad\uad6c' \uc11c\ube44\uc2a4 \ucd9c\uc2dc", "headline": null, "date_str": null, "writer": null, "section": null, "original_article_link": null, "article_body": null}, {"market": "kospi", "sid": "000540", "codename": "\ud765\uad6d\ud654\uc7ac", "year": 2021, "month": 5, "article_url": "http://www.newsworks.co.kr/news/articleView.html?idxno=549025", "news_company": "\ub274\uc2a4\uc6cd\uc2a4", "title": "\ud558\ub098\uc740\ud589, \"\ud558\ub098\uc6d0\ud050\ub85c \uc190\uc27d\uac8c \uc2e4\uc190\ubcf4\ud5d8 \uccad\uad6c\ud558\uc138\uc694\"", "headline": null, "date_str": null, "writer": null, "section": null, "original_article_link": null, "article_body": null}, {"market": "kospi", "sid": "000540", "codename": "\ud765\uad6d\ud654\uc7ac", "year": 2021, "month": 5, "article_url": "http://www.smedaily.co.kr/news/articleView.html?idxno=203849", "news_company": "\uc911\uc18c\uae30\uc5c5\uc2e0\ubb38", "title": "\ud558\ub098\uc740\ud589 '\ud558\ub098\uc6d0\ud050'\ub85c \uc2e4\uc190\ubcf4\ud5d8 \uac04\ud3b8\uccad\uad6c \uac00\ub2a5\ud574\uc838", "headline": null, "date_str": null, "writer": null, "section": null, "original_article_link": null, "article_body": null}, {"market": "kospi", "sid": "000540", "codename": "\ud765\uad6d\ud654\uc7ac", "year": 2021, "month": 5, "article_url": "http://m.slist.kr/news/articleView.html?idxno=252048", "news_company": "\uc2f1\uae00\ub9ac\uc2a4\ud2b8", "title": "\ud558\ub098\uc740\ud589, \ud558\ub098\uc6d0\ud050 '\uc2e4\uc190\ubcf4\ud5d8 \ube60\ub978\uccad\uad6c' \uc11c\ube44\uc2a4", "headline": null, "date_str": null, "writer": null, "section": null, "original_article_link": null, "article_body": null}, {"market": "kospi", "sid": "000540", "codename": "\ud765\uad6d\ud654\uc7ac", "year": 2021, "month": 5, "article_url": "https://n.news.naver.com/article/277/0004904575?sid=101", "news_company": "\uc544\uc2dc\uc544\uacbd\uc81c", "title": "\ud558\ub098\uc740\ud589 \"\ud558\ub098\uc6d0\ud050\uc5d0\uc11c '\uc2e4\uc190\ubcf4\ud5d8 \ube60\ub978\uccad\uad6c' \ub9cc\ub098\ubcf4\uc138\uc694\"", "headline": "\ud558\ub098\uc740\ud589 \"\ud558\ub098\uc6d0\ud050\uc5d0\uc11c '\uc2e4\uc190\ubcf4\ud5d8 \ube60\ub978\uccad\uad6c' \ub9cc\ub098\ubcf4\uc138\uc694\"", "date_str": "2021.05.18. \uc624\uc804 8:52", "writer": "\uc131\uae30\ud638 \uae30\uc790", "section": "\uacbd\uc81c", "original_article_link": "https://view.asiae.co.kr/article/2021051808530003463", "article_body": "\n\n\n\n\n[\uc544\uc2dc\uc544\uacbd\uc81c \uc131\uae30\ud638 \uae30\uc790] \ud558\ub098\uc740\ud589\uc774 \ubaa8\ubc14\uc77c \ubc45\ud0b9 \uc560\ud50c\ub9ac\ucf00\uc774\uc158(\uc571) \u2018\ud558\ub098\uc6d0\ud050\u2019 \uc774\uc6a9 \uace0\uac1d\uc758 \ud3b8\uc758\uc131 \uc99d\ub300\ub97c \uc704\ud574 \uc27d\uace0 \uac04\ud3b8\ud558\uac8c \ubcf4\ud5d8\uae08\uc744 \uccad\uad6c\ud560 \uc218 \uc788\ub294 '\uc2e4\uc190\ubcf4\ud5d8 \ube60\ub978\uccad\uad6c' \uc11c\ube44\uc2a4\ub97c \uc2dc\ud589\ud55c\ub2e4\uace0 18\uc77c \ubc1d\ud614\ub2e4.\uc774\ubc88 \uc11c\ube44\uc2a4 \ub300\uc0c1 \ubcf4\ud5d8\uc0ac\ub294 \uc0bc\uc131\ud654\uc7ac\u00b7KB\uc190\ud574\ubcf4\ud5d8\u00b7NH\ub18d\ud611\uc190\ud574\ubcf4\ud5d8\u00b7\ud765\uad6d\ud654\uc7ac\u00b7DB\uc190\ud574\ubcf4\ud5d8\u00b7\ub86f\ub370\uc190\ud574\ubcf4\ud5d8\u00b7\uba54\ub9ac\uce20\ud654\uc7ac\u00b7\ud55c\ud654\uc190\ud574\ubcf4\ud5d8\u00b7\ud604\ub300\ud574\uc0c1\u00b7\uc0bc\uc131\uc0dd\uba85\u00b7NH\uc0dd\uba85\u00b7\uc6b0\uccb4\uad6d\ubcf4\ud5d8 \ub4f1 12\uac1c\uc0ac\ub2e4. \ud558\ub098\uc6d0\ud050 \uc774\uc6a9 \uace0\uac1d \uc911 \ud574\ub2f9 \ubcf4\ud5d8\uc0ac\uc758 \uc2e4\uc190\ubcf4\ud5d8 \ubc0f \uce58\uc544\ubcf4\ud5d8 \uac00\uc785\uc790\ub4e4\uc774 \ubcc4\ub3c4\uc758 \ubcf4\ud5d8\uc0ac \ud648\ud398\uc774\uc9c0\ub098 \uc571 \uc811\uc18d\uc5c6\uc774 \u2018\ud558\ub098\uc6d0\ud050\u2019 \uc571\uc5d0\uc11c \uc27d\uace0 \ube60\ub974\uac8c \ubcf4\ud5d8\uae08\uc744 \uccad\uad6c\ud560 \uc218 \uc788\uac8c \ub410\ub2e4.\uc2e4\uc190\ubcf4\ud5d8 \ube60\ub978\uccad\uad6c \uc11c\ube44\uc2a4\ub294 \ubd80\uc0b0\ub300\ud559\uad50\ubcd1\uc6d0, \uc11c\uc6b8\uc131\ubaa8\ubcd1\uc6d0 \ub4f1 \uc81c\ud734 \ubcd1\uc6d0\uc744 \uc774\uc6a9\ud55c \uacbd\uc6b0 \uc9c4\ub8cc\ub370\uc774\ud130\uac00 \uc5f0\ub3d9\ub3fc \ubcc4\ub3c4\uc758 \uc99d\ube59 \uc11c\ub958 \uc5c6\uc774 \uccad\uad6c \uac00\ub2a5\ud558\ub2e4. \ube44\uc81c\ud734 \ubcd1\uc6d0\uc758 \uacbd\uc6b0\uc5d0\ub3c4 \uc99d\ube59\uc11c\ub958\ub97c \ud734\ub300\ud3f0\uc73c\ub85c \ucd2c\uc601\ud574 \uac04\ub2e8\ud788 \ubcf4\ud5d8\uae08\uc744 \uccad\uad6c \ud560 \uc218 \uc788\uc5b4 \uc0ac\uc6a9\uc790\uc758 \ud3b8\ub9ac\ud568\uc744 \uadf9\ub300\ud654\ud588\ub2e4.\ud558\ub098\uc740\ud589 \uad00\uacc4\uc790\ub294 \u201c\uc774\ubc88 \uc11c\ube44\uc2a4\ub97c \ud1b5\ud574 \ubcf4\ud5d8\uae08\uc744 \uccad\uad6c\ud558\ub294\ub370 \uc5b4\ub824\uc6c0\uc744 \uacaa\uace0 \uc788\ub294 \ud558\ub098\uc6d0\ud050 \uc774\uc6a9\uc790\ub4e4\uc774 \uc27d\uace0 \ube60\ub974\uac8c \ubcf4\ud5d8\uc744 \uccad\uad6c\ud560 \uc218 \uc788\uae30\ub97c \uae30\ub300\ud55c\ub2e4\u201d\uba70 \u201c\ud5a5\ud6c4 \uc11c\ube44\uc2a4 \uac00\ub2a5 \ubcf4\ud5d8\uc0ac\uc640 \uc81c\ud734 \ubcd1\uc6d0\uc744 \ud655\ub300\ud574 \uc18c\ube44\uc790 \ud3b8\uc775\uc744 \ub354\uc6b1 \uc99d\ub300\uc2dc\ud0ac \uc218 \uc788\ub3c4\ub85d \ub178\ub825\ud558\uaca0\ub2e4\u201d\uace0 \ubc1d\ud614\ub2e4.\uc131\uae30\ud638 \uae30\uc790 kihoyeyo@asiae.co.kr\u25b6 \uc18d \uc2dc\uc6d0\ud55c \ud480\uc774! 2021\ub144 \uc815\ud1b5\uc0ac\uc8fc\u00b7\uc6b4\uc138\u00b7\ud1a0\uc815\ube44\uacb0\u25b6 \uc9c1\uc7a5\uc778\uc744 \uc704\ud55c '\ube45\ub370\uc774\ud130 \ubd84\uc11d' \uad6d\ube44 \ud2b9\ud654\uacfc\uc815 \ubaa8\uc9d1\u25b6 \ud22c\uc790 \uc131\uacf5\uc758 \ud575\uc2ec\uc740 \uae30\uc5c5\ubd84\uc11d! 'CORE' \ubc14\ub85c\uac00\uae30<\u24d2\uacbd\uc81c\ub97c \ubcf4\ub294 \ub208, \uc138\uacc4\ub97c \ubcf4\ub294 \ucc3d \uc544\uc2dc\uc544\uacbd\uc81c \ubb34\ub2e8\uc804\uc7ac \ubc30\ud3ec\uae08\uc9c0>\n\t\t"}, {"market": "kospi", "sid": "000540", "codename": "\ud765\uad6d\ud654\uc7ac", "year": 2021, "month": 5, "article_url": "http://m.newspim.com/news/view/20210518000097", "news_company": "\ub274\uc2a4\ud54c", "title": "\ud558\ub098\uc740\ud589, \ud558\ub098\uc6d0\ud050 '\uc2e4\uc190\ubcf4\ud5d8 \ube60\ub978\uccad\uad6c' \uc11c\ube44\uc2a4 \ucd9c\uc2dc", "headline": null, "date_str": null, "writer": null, "section": null, "original_article_link": null, "article_body": null}, {"market": "kospi", "sid": "000540", "codename": "\ud765\uad6d\ud654\uc7ac", "year": 2021, "month": 5, "article_url": "https://www.fetv.co.kr/mobile/article.html?no=85143", "news_company": "FETV", "title": "\ud558\ub098\uc740\ud589, \ud558\ub098\uc6d0\ud050 '\uc2e4\uc190\ubcf4\ud5d8 \ube60\ub978\uccad\uad6c' \uc11c\ube44\uc2a4 \uc2dc\ud589", "headline": null, "date_str": null, "writer": null, "section": null, "original_article_link": null, "article_body": null}, {"market": "kospi", "sid": "000540", "codename": "\ud765\uad6d\ud654\uc7ac", "year": 2021, "month": 5, "article_url": "https://www.ebn.co.kr/news/view/1484022/?sc=Naver", "news_company": "EBN", "title": "\ud0dc\uad11\uadf8\ub8f9,\uce5c\ud658\uacbd \uc0ac\ud68c\uacf5\ud5cc \ud65c\ub3d9 \uc804\uac1c", "headline": null, "date_str": null, "writer": null, "section": null, "original_article_link": null, "article_body": null}, {"market": "kospi", "sid": "000540", "codename": "\ud765\uad6d\ud654\uc7ac", "year": 2021, "month": 5, "article_url": "https://n.news.naver.com/article/366/0000718759?sid=101", "news_company": "\uc870\uc120\ube44\uc988", "title": "\ud558\ub098\uc740\ud589, \ud558\ub098\uc6d0\ud050 \u2018\uc2e4\uc190\ubcf4\ud5d8 \ube60\ub978\uccad\uad6c\u2019 \uc11c\ube44\uc2a4 \uc2dc\uc791", "headline": "\ud558\ub098\uc740\ud589, \ud558\ub098\uc6d0\ud050 \u2018\uc2e4\uc190\ubcf4\ud5d8 \ube60\ub978\uccad\uad6c\u2019 \uc11c\ube44\uc2a4 \uc2dc\uc791", "date_str": "2021.05.18. \uc624\uc804 8:50", "writer": "\uc774\uacbd\ud0c1 \uae30\uc790", "section": "\uacbd\uc81c", "original_article_link": "https://biz.chosun.com/stock/finance/2021/05/18/72O2GTKWXBHDHM3BEGWGB3HVUI/?utm_source=naver&utm_medium=original&utm_campaign=biz", "article_body": "\n12\uac1c \ubcf4\ud5d8\uc0ac\uc758 \uc2e4\uc190\ubcf4\ud5d8 \ubc0f \uce58\uc544\ubcf4\ud5d8 \ubcf4\ud5d8\uae08 \uccad\uad6c \uac00\ub2a5\n\n\n\n\ud558\ub098\uc740\ud589\uc740 \ubaa8\ubc14\uc77c \ubc45\ud0b9 \u2018\ud558\ub098\uc6d0\ud050\u2019\ub97c \ud1b5\ud574 \uc27d\uace0 \uac04\ud3b8\ud558\uac8c \ubcf4\ud5d8\uae08\uc744 \uccad\uad6c\ud560 \uc218 \uc788\ub294 '\uc2e4\uc190\ubcf4\ud5d8 \ube60\ub978\uccad\uad6c' \uc11c\ube44\uc2a4\ub97c \uc2dc\uc791\ud55c\ub2e4. /\ud558\ub098\uc740\ud589 \uc81c\uacf5        \ud558\ub098\uc740\ud589\uc740 \ubaa8\ubc14\uc77c \ubc45\ud0b9 \uc571 \u2018\ud558\ub098\uc6d0\ud050\u2019\ub97c \ud1b5\ud574 \ubcf4\ud5d8\uae08\uc744 \uccad\uad6c\ud560 \uc218 \uc788\ub294 \u2018\uc2e4\uc190\ubcf4\ud5d8 \ube60\ub978\uccad\uad6c' \uc11c\ube44\uc2a4\ub97c \uc2dc\uc791\ud55c\ub2e4\uace0 18\uc77c \ubc1d\ud614\ub2e4.\uc774 \uc11c\ube44\uc2a4\ub97c \ud1b5\ud574 \ud558\ub098\uc6d0\ud050 \uc774\uc6a9 \uc190\ub2d8 \uc911 \uc0bc\uc131\ud654\uc7ac, KB\uc190\ud574, NH\ub18d\ud611\uc190\ud574, \ud765\uad6d\ud654\uc7ac, DB\uc190\ud574, \ub86f\ub370\uc190\ud574, \uba54\ub9ac\uce20\ud654\uc7ac, \ud55c\ud654\uc190\ud574, \ud604\ub300\ud574\uc0c1, \uc0bc\uc131\uc0dd\uba85, NH\uc0dd\uba85, \uc6b0\uccb4\uad6d\ubcf4\ud5d8 \ub4f1 12\uac1c \ubcf4\ud5d8\uc0ac\uc758 \uc2e4\uc190\ubcf4\ud5d8 \ubc0f \uce58\uc544\ubcf4\ud5d8 \uac00\uc785\uc790\ub4e4\uc774 \ubcc4\ub3c4\uc758 \ubcf4\ud5d8\uc0ac \ud648\ud398\uc774\uc9c0\ub098 \uc571\uc758 \uc811\uc18d\uc5c6\uc774 \ubcf4\ud5d8\uae08\uc744 \uccad\uad6c\ud560 \uc218 \uc788\ub2e4.\uc544\uc6b8\ub7ec \u2018\uc2e4\uc190\ubcf4\ud5d8 \ube60\ub978\uccad\uad6c' \uc11c\ube44\uc2a4\ub294 \ubd80\uc0b0\ub300\ud559\uad50\ubcd1\uc6d0, \uc11c\uc6b8\uc131\ubaa8\ubcd1\uc6d0 \ub4f1 \uc81c\ud734 \ubcd1\uc6d0\uc744 \uc774\uc6a9\ud55c \uacbd\uc6b0 \uc9c4\ub8cc\ub370\uc774\ud130\uac00 \uc5f0\ub3d9\ub418\uc5b4 \ubcc4\ub3c4\uc758 \uc99d\ube59 \uc11c\ub958 \uc5c6\uc774 \uccad\uad6c \uac00\ub2a5\ud558\ub2e4. \ube44\uc81c\ud734 \ubcd1\uc6d0\uc758 \uacbd\uc6b0\uc5d0\ub3c4 \uc99d\ube59\uc11c\ub958\ub97c \ud734\ub300\ud3f0\uc73c\ub85c \ucd2c\uc601\ud574 \ubcf4\ud5d8\uae08\uc744 \uccad\uad6c \ud560 \uc218 \uc788\ub2e4.\ud558\ub098\uc740\ud589 \uad00\uacc4\uc790\ub294 \u201c\ubcf4\ud5d8\uae08\uc744 \uccad\uad6c\ud558\ub294\ub370 \uc5b4\ub824\uc6c0\uc744 \uacaa\uace0 \uc788\ub294 \uc774\uc6a9\uc790\ub4e4\uc774 \uc27d\uace0 \ube60\ub974\uac8c \ubcf4\ud5d8\uc744 \uccad\uad6c\ud560 \uc218 \uc788\uae30\ub97c \uae30\ub300\ud55c\ub2e4\u201d\uba70 \u201c\ud5a5\ud6c4 \uc11c\ube44\uc2a4 \uac00\ub2a5 \ubcf4\ud5d8\uc0ac\uc640 \uc81c\ud734 \ubcd1\uc6d0\uc744 \ud655\ub300\ud558\uaca0\ub2e4\u201d\ub77c\uace0 \ub9d0\ud588\ub2e4.[\uc774\uacbd\ud0c1 \uae30\uc790 kt87@chosunbiz.com] \u25b6\ub124\uc774\ubc84\uc5d0\uc11c '\uba85\ud488 \uacbd\uc81c\ub274\uc2a4' \uc870\uc120\ube44\uc988\ub97c \uad6c\ub3c5\ud558\uc138\uc694\u25b6\uc544\ud06c\uc564\ubd81 \uc2dc\uccad\uc810, 2\ub144\ubc18\ub9cc\uc5d0 \ud3d0\uc810\u25b6\uc804\uae30\uc694\uae08 \ub3d9\uacb0\ud55c \ud55c\uc804, 2\ubd84\uae30 \uc801\uc790 \uc804\ub9dd\t\uc800\uc791\uad8c\uc790 \u24d2 \uc870\uc120\ube44\uc988, \ubb34\ub2e8 \uc804\uc7ac \ubc0f \uc7ac\ubc30\ud3ec \uae08\uc9c0\n"}, {"market": "kospi", "sid": "000540", "codename": "\ud765\uad6d\ud654\uc7ac", "year": 2021, "month": 5, "article_url": "http://m.mhj21.com/142680", "news_company": "\ubb38\ud654\uc800\ub11021", "title": "\ud558\ub098\uc6d0\ud050, 12\uac1c \ubcf4\ud568\uc0ac '\uc2e4\uc190\ubcf4\ud5d8 \ube60\ub978\uccad\uad6c' \ud3b8\uc758\uc131 \ub192\uc778\ub2e4", "headline": null, "date_str": null, "writer": null, "section": null, "original_article_link": null, "article_body": null}, {"market": "kospi", "sid": "000540", "codename": "\ud765\uad6d\ud654\uc7ac", "year": 2021, "month": 5, "article_url": "http://kpenews.com/View.aspx?No=1634706", "news_company": "\ud55c\uad6d\uc815\uacbd\uc2e0\ubb38", "title": "\ud558\ub098\uc740\ud589, \ud558\ub098\uc6d0\ud050 \u2018\uc2e4\uc190\ubcf4\ud5d8 \ube60\ub978\uccad\uad6c\u2019 \uc11c\ube44\uc2a4 \uc2dc\ud589..12\uac1c \ubcf4\ud5d8\uc0ac \uccad\uad6c \uac00\ub2a5", "headline": null, "date_str": null, "writer": null, "section": null, "original_article_link": null, "article_body": null}, {"market": "kospi", "sid": "000540", "codename": "\ud765\uad6d\ud654\uc7ac", "year": 2021, "month": 5, "article_url": "https://n.news.naver.com/article/018/0004932360?sid=101", "news_company": "\uc774\ub370\uc77c\ub9ac", "title": "\ud0dc\uad11\uadf8\ub8f9, \ud734\ub300\ud3f0\u00b7\uac78\uc74c \uae30\ubd80 \uce5c\ud658\uacbd \ucea0\ud398\uc778 \uc9c4\ud589", "headline": "\ud0dc\uad11\uadf8\ub8f9, \ud734\ub300\ud3f0\u00b7\uac78\uc74c \uae30\ubd80 \uce5c\ud658\uacbd \ucea0\ud398\uc778 \uc9c4\ud589", "date_str": "2021.05.18. \uc624\uc804 8:40", "writer": "\uae40\uc815\uc720 \uae30\uc790", "section": "\uacbd\uc81c", "original_article_link": "http://www.edaily.co.kr/news/newspath.asp?newsid=01443206629050232", "article_body": "\n\t\t\t[\uc774\ub370\uc77c\ub9ac \uae40\uc815\uc720 \uae30\uc790] \ud0dc\uad11\uadf8\ub8f9\uc740 \uc804 \uc784\uc9c1\uc6d0\ub4e4\uc744 \ub300\uc0c1\uc73c\ub85c \ubbf8\uc0ac\uc6a9 \ud734\ub300\ud3f0 \uae30\ubd80 \ucea0\ud398\uc778\uacfc \uac78\uc74c \uae30\ubd80\ub97c \ud1b5\ud55c \uc232 \uc870\uc131 \ud65c\ub3d9\uc744 \uc9c4\ud589\ud588\ub2e4\uace0 18\uc77c \ubc1d\ud614\ub2e4.\uae30\ubd80\uae08\uc740 \ud76c\ub9dd\ube0c\ub9bf\uc9c0 \uc804\uad6d\uc7ac\ud574\uad6c\ud638\ud611\ud68c\uc5d0 \ubb18\ubaa9\uc73c\ub85c \uae30\ubd80\ub420 \uc608\uc815\uc774\ub2e4. \ud0dc\uad11\uadf8\ub8f9\uc740 \u2018\uc9c0\uad6c\uc758 \ub0a0\u2019(4\uc6d4 22\uc77c)\uc774 \uc788\ub294 \uc9c0\ub09c \ud55c \ub2ec\uac04 \ubbf8\uc0ac\uc6a9 \ud734\ub300\ud3f0 \uae30\ubd80\ucea0\ud398\uc778\uc744 \uc9c4\ud589\ud588\ub2e4. \uc815\uc0c1 \uc0ac\uc6a9\uc774 \ubd88\uac00\ud55c \ud734\ub300\ud3f0\uc744 \uc7ac\ud65c\uc6a9\ud558\ub294 \ucea0\ud398\uc778\uc73c\ub85c, \ud0dc\uad11\uadf8\ub8f9 \ubbf8\ub514\uc5b4\uacc4\uc5f4\uc0ac\uc778 \ud55c\uad6d\ucf00\uc774\ube14\ud154\ub808\ucf64(kct)\uc744 \uc911\uc2ec\uc73c\ub85c 10\uac1c \uacc4\uc5f4\uc0ac \uc784\uc9c1\uc6d0 \ub4e4\uc774 \ucc38\uc5ec\ud574 \uc57d 2000\ub300\ub97c \ubaa8\uc558\ub2e4. \uc0ac\ud68c\uc801 \uae30\uc5c5 \uc5d0\ucf54\ud2f0\uc564\uc5d8\uc774 \ud574\ub2f9 \ud734\ub300\ud3f0\uc744 \ubc1b\uc544 \uc790\uc6d0 \uc21c\ud658\uc2dc\ud0a4\uace0 \uc774\ub97c \ud1b5\ud574 \ubc1c\uc0dd\ud558\ub294 \uc218\uc775\uae08\uc744 \ud76c\ub9dd\ube0c\ub9bf\uc9c0 \uc804\uad6d\uc7ac\ud574\uad6c\ud638\ud611\ud68c\uc5d0 \uc804\ub2ec\ud588\ub2e4.\uae08\uc735\uacc4\uc5f4\uc0ac\uc778 \ud765\uad6d\ud654\uc7ac\ub294 \uc9c0\ub09c\ud574\uc5d0 \uc774\uc5b4 \uc9c0\ub09c \ud55c \ub2ec\uac04 \uc0ac\ud68c\uc801 \uae30\uc5c5 \ube45\uc6cc\ud06c\uc640 \ud568\uaed8 \ubaa8\ubc14\uc77c \uc571\uc744 \ud65c\uc6a9\ud55c \ube44\ub300\uba74 \uc0ac\ud68c\uacf5\ud5cc\ud65c\ub3d9 \u2018\ud070 \ube5b \ud55c\uac78\uc74c\u2019\uc744 \uc9c4\ud589\ud588\ub2e4. \uc774 \ucea0\ud398\uc778\uc740 \ubaa8\ubc14\uc77c \uc571\uc744 \ud1b5\ud574 \uc784\uc9c1\uc6d0\ub4e4\uc774 \ub9e4\uc77c \uac78\uc74c \uc218\ub97c \uae30\ubd80\ud558\ub294 \ubc29\uc2dd\uc73c\ub85c 5\uc5b5 \uac78\uc74c \ub2ec\uc131\uc744 \ubaa9\ud45c\ub85c \uc9c4\ud589\ud588\ub2e4. \uadf8 \uacb0\uacfc \ubaa9\ud45c\uce58\uc778 132%\uc778 6.3\uc5b5 \uac78\uc74c\uc744 \uae30\ub85d\ud588\ub2e4. \ud765\uad6d\ud654\uc7ac\ub97c \ube44\ub86f\ud574 \ud0dc\uad11\uc0b0\uc5c5, \ud2f0\uc2dc\uc2a4, \ud2f0\uce90\uc2a4\ud2b8, \ud2f0\uc54c\uc5d4, \uc608\uac00\ub78c\uc800\ucd95\uc740\ud589, \uace0\ub824\uc800\ucd95\uc740\ud589 \ub4f1 \uacc4\uc5f4\uc0ac \uc784\uc9c1\uc6d0\ub4e4\uc774 \ub3d9\ucc38\ud588\ub2e4.\ud0dc\uad11\uadf8\ub8f9 \uad00\uacc4\uc790\ub294 \u201c\uc77c\uc0c1 \uc18d\uc5d0\uc11c \uc2e4\ucc9c\ud560 \uc218 \uc788\ub294 \uc791\uc9c0\ub9cc \uc758\ubbf8 \uc788\ub294 \uce5c\ud658\uacbd \ud65c\ub3d9\uc744 \uc9c0\uc18d\uc801\uc73c\ub85c \ucd94\uc9c4\ud560 \uac83\u201d\uc774\ub77c\uace0 \ub9d0\ud588\ub2e4.\n\n\n\n\uc774\uc900\uc6b0 \ud55c\uad6d\ucf00\uc774\ube14\ud154\ub808\ucf64 \ub300\ud45c(\uc67c\ucabd) , \ud55c\uc0c1\ubb34 \uc5d0\ucf54\ud2f0\uc5d4\uc5d8 \ub300\ud45c\uac00 \uae30\ub150\ucd2c\uc601\ud558\uace0 \uc788\ub2e4. (\uc0ac\uc9c4=\ud0dc\uad11\uadf8\ub8f9)\uae40\uc815\uc720 (thec98@edaily.co.kr)\u25b6 #24\uc2dc\uac04 \ube60\ub978 #\ubbf8\ub9ac\ubcf4\ub294 \ub274\uc2a4 #eNews+\u25b6 \ub124\uc774\ubc84\uc5d0\uc11c '\uc774\ub370\uc77c\ub9ac \ub274\uc2a4'\ub97c \ub9cc\ub098\ubcf4\uc138\uc694\u25b6 \ube61\uce68\ud574\uc18c, \uccad\ucd98\ub258\uc6b0\uc2a4 '\uc2a4\ub0c5\ud0c0\uc784'\uff1c\u24d2\uc885\ud569 \uacbd\uc81c\uc815\ubcf4 \ubbf8\ub514\uc5b4 \uc774\ub370\uc77c\ub9ac - \ubb34\ub2e8\uc804\uc7ac & \uc7ac\ubc30\ud3ec \uae08\uc9c0\uff1e\n"}, {"market": "kospi", "sid": "000540", "codename": "\ud765\uad6d\ud654\uc7ac", "year": 2021, "month": 5, "article_url": "http://www.getnews.co.kr/news/articleView.html?idxno=530882", "news_company": "\uae00\ub85c\ubc8c\uacbd\uc81c", "title": "\ud0dc\uad11\uadf8\ub8f9, \uce5c\ud658\uacbd \uc0ac\ud68c\uacf5\ud5cc \ud65c\ub3d9\uc73c\ub85c ESG\uacbd\uc601 \ubc15\ucc28", "headline": null, "date_str": null, "writer": null, "section": null, "original_article_link": null, "article_body": null}, {"market": "kospi", "sid": "000540", "codename": "\ud765\uad6d\ud654\uc7ac", "year": 2021, "month": 5, "article_url": "http://m.g-enews.com/view.php?ud=2021051808233949041aef83fcde_1", "news_company": "\uae00\ub85c\ubc8c\uc774\ucf54\ub178\ubbf9", "title": "\ud0dc\uad11\uadf8\ub8f9, \uce5c\ud658\uacbd \uc0ac\ud68c\uacf5\ud5cc \ud65c\ub3d9 \uc804\uac1c", "headline": null, "date_str": null, "writer": null, "section": null, "original_article_link": null, "article_body": null}, {"market": "kospi", "sid": "000540", "codename": "\ud765\uad6d\ud654\uc7ac", "year": 2021, "month": 5, "article_url": "http://www.newstomato.com/ReadNews.aspx?no=1045140&inflow=N", "news_company": "\ub274\uc2a4\ud1a0\ub9c8\ud1a0", "title": "\ubbf8\uc0ac\uc6a9 \ud734\ub300\ud3f0 \uae30\ubd80\u2026\ud0dc\uad11, '\uc0dd\ud65c \uc18d \uc2e4\ucc9c' \uc0ac\ud68c\uacf5\ud5cc \ud65c\ub3d9", "headline": null, "date_str": null, "writer": null, "section": null, "original_article_link": null, "article_body": null}, {"market": "kospi", "sid": "000540", "codename": "\ud765\uad6d\ud654\uc7ac", "year": 2021, "month": 5, "article_url": "http://m.newsway.co.kr/news/view?tp=1&ud=2021051808121618322", "news_company": "\ub274\uc2a4\uc6e8\uc774", "title": "\ud0dc\uad11\uadf8\ub8f9, \uce5c\ud658\uacbd \uc0ac\ud68c\uacf5\ud5cc \ud65c\ub3d9\uc73c\ub85c ESG\uacbd\uc601 \ub3d9\ucc38", "headline": null, "date_str": null, "writer": null, "section": null, "original_article_link": null, "article_body": null}, {"market": "kospi", "sid": "000540", "codename": "\ud765\uad6d\ud654\uc7ac", "year": 2021, "month": 5, "article_url": "https://n.news.naver.com/article/018/0004932360?sid=101", "news_company": "\uc774\ub370\uc77c\ub9ac", "title": "\ud0dc\uad11\uadf8\ub8f9, \ud734\ub300\ud3f0\u00b7\uac78\uc74c \uae30\ubd80 \uce5c\ud658\uacbd \ucea0\ud398\uc778 \uc9c4\ud589", "headline": "\ud0dc\uad11\uadf8\ub8f9, \ud734\ub300\ud3f0\u00b7\uac78\uc74c \uae30\ubd80 \uce5c\ud658\uacbd \ucea0\ud398\uc778 \uc9c4\ud589", "date_str": "2021.05.18. \uc624\uc804 8:40", "writer": "\uae40\uc815\uc720 \uae30\uc790", "section": "\uacbd\uc81c", "original_article_link": "http://www.edaily.co.kr/news/newspath.asp?newsid=01443206629050232", "article_body": "\n\t\t\t[\uc774\ub370\uc77c\ub9ac \uae40\uc815\uc720 \uae30\uc790] \ud0dc\uad11\uadf8\ub8f9\uc740 \uc804 \uc784\uc9c1\uc6d0\ub4e4\uc744 \ub300\uc0c1\uc73c\ub85c \ubbf8\uc0ac\uc6a9 \ud734\ub300\ud3f0 \uae30\ubd80 \ucea0\ud398\uc778\uacfc \uac78\uc74c \uae30\ubd80\ub97c \ud1b5\ud55c \uc232 \uc870\uc131 \ud65c\ub3d9\uc744 \uc9c4\ud589\ud588\ub2e4\uace0 18\uc77c \ubc1d\ud614\ub2e4.\uae30\ubd80\uae08\uc740 \ud76c\ub9dd\ube0c\ub9bf\uc9c0 \uc804\uad6d\uc7ac\ud574\uad6c\ud638\ud611\ud68c\uc5d0 \ubb18\ubaa9\uc73c\ub85c \uae30\ubd80\ub420 \uc608\uc815\uc774\ub2e4. \ud0dc\uad11\uadf8\ub8f9\uc740 \u2018\uc9c0\uad6c\uc758 \ub0a0\u2019(4\uc6d4 22\uc77c)\uc774 \uc788\ub294 \uc9c0\ub09c \ud55c \ub2ec\uac04 \ubbf8\uc0ac\uc6a9 \ud734\ub300\ud3f0 \uae30\ubd80\ucea0\ud398\uc778\uc744 \uc9c4\ud589\ud588\ub2e4. \uc815\uc0c1 \uc0ac\uc6a9\uc774 \ubd88\uac00\ud55c \ud734\ub300\ud3f0\uc744 \uc7ac\ud65c\uc6a9\ud558\ub294 \ucea0\ud398\uc778\uc73c\ub85c, \ud0dc\uad11\uadf8\ub8f9 \ubbf8\ub514\uc5b4\uacc4\uc5f4\uc0ac\uc778 \ud55c\uad6d\ucf00\uc774\ube14\ud154\ub808\ucf64(kct)\uc744 \uc911\uc2ec\uc73c\ub85c 10\uac1c \uacc4\uc5f4\uc0ac \uc784\uc9c1\uc6d0 \ub4e4\uc774 \ucc38\uc5ec\ud574 \uc57d 2000\ub300\ub97c \ubaa8\uc558\ub2e4. \uc0ac\ud68c\uc801 \uae30\uc5c5 \uc5d0\ucf54\ud2f0\uc564\uc5d8\uc774 \ud574\ub2f9 \ud734\ub300\ud3f0\uc744 \ubc1b\uc544 \uc790\uc6d0 \uc21c\ud658\uc2dc\ud0a4\uace0 \uc774\ub97c \ud1b5\ud574 \ubc1c\uc0dd\ud558\ub294 \uc218\uc775\uae08\uc744 \ud76c\ub9dd\ube0c\ub9bf\uc9c0 \uc804\uad6d\uc7ac\ud574\uad6c\ud638\ud611\ud68c\uc5d0 \uc804\ub2ec\ud588\ub2e4.\uae08\uc735\uacc4\uc5f4\uc0ac\uc778 \ud765\uad6d\ud654\uc7ac\ub294 \uc9c0\ub09c\ud574\uc5d0 \uc774\uc5b4 \uc9c0\ub09c \ud55c \ub2ec\uac04 \uc0ac\ud68c\uc801 \uae30\uc5c5 \ube45\uc6cc\ud06c\uc640 \ud568\uaed8 \ubaa8\ubc14\uc77c \uc571\uc744 \ud65c\uc6a9\ud55c \ube44\ub300\uba74 \uc0ac\ud68c\uacf5\ud5cc\ud65c\ub3d9 \u2018\ud070 \ube5b \ud55c\uac78\uc74c\u2019\uc744 \uc9c4\ud589\ud588\ub2e4. \uc774 \ucea0\ud398\uc778\uc740 \ubaa8\ubc14\uc77c \uc571\uc744 \ud1b5\ud574 \uc784\uc9c1\uc6d0\ub4e4\uc774 \ub9e4\uc77c \uac78\uc74c \uc218\ub97c \uae30\ubd80\ud558\ub294 \ubc29\uc2dd\uc73c\ub85c 5\uc5b5 \uac78\uc74c \ub2ec\uc131\uc744 \ubaa9\ud45c\ub85c \uc9c4\ud589\ud588\ub2e4. \uadf8 \uacb0\uacfc \ubaa9\ud45c\uce58\uc778 132%\uc778 6.3\uc5b5 \uac78\uc74c\uc744 \uae30\ub85d\ud588\ub2e4. \ud765\uad6d\ud654\uc7ac\ub97c \ube44\ub86f\ud574 \ud0dc\uad11\uc0b0\uc5c5, \ud2f0\uc2dc\uc2a4, \ud2f0\uce90\uc2a4\ud2b8, \ud2f0\uc54c\uc5d4, \uc608\uac00\ub78c\uc800\ucd95\uc740\ud589, \uace0\ub824\uc800\ucd95\uc740\ud589 \ub4f1 \uacc4\uc5f4\uc0ac \uc784\uc9c1\uc6d0\ub4e4\uc774 \ub3d9\ucc38\ud588\ub2e4.\ud0dc\uad11\uadf8\ub8f9 \uad00\uacc4\uc790\ub294 \u201c\uc77c\uc0c1 \uc18d\uc5d0\uc11c \uc2e4\ucc9c\ud560 \uc218 \uc788\ub294 \uc791\uc9c0\ub9cc \uc758\ubbf8 \uc788\ub294 \uce5c\ud658\uacbd \ud65c\ub3d9\uc744 \uc9c0\uc18d\uc801\uc73c\ub85c \ucd94\uc9c4\ud560 \uac83\u201d\uc774\ub77c\uace0 \ub9d0\ud588\ub2e4.\n\n\n\n\uc774\uc900\uc6b0 \ud55c\uad6d\ucf00\uc774\ube14\ud154\ub808\ucf64 \ub300\ud45c(\uc67c\ucabd) , \ud55c\uc0c1\ubb34 \uc5d0\ucf54\ud2f0\uc5d4\uc5d8 \ub300\ud45c\uac00 \uae30\ub150\ucd2c\uc601\ud558\uace0 \uc788\ub2e4. (\uc0ac\uc9c4=\ud0dc\uad11\uadf8\ub8f9)\uae40\uc815\uc720 (thec98@edaily.co.kr)\u25b6 #24\uc2dc\uac04 \ube60\ub978 #\ubbf8\ub9ac\ubcf4\ub294 \ub274\uc2a4 #eNews+\u25b6 \ub124\uc774\ubc84\uc5d0\uc11c '\uc774\ub370\uc77c\ub9ac \ub274\uc2a4'\ub97c \ub9cc\ub098\ubcf4\uc138\uc694\u25b6 \ube61\uce68\ud574\uc18c, \uccad\ucd98\ub258\uc6b0\uc2a4 '\uc2a4\ub0c5\ud0c0\uc784'\uff1c\u24d2\uc885\ud569 \uacbd\uc81c\uc815\ubcf4 \ubbf8\ub514\uc5b4 \uc774\ub370\uc77c\ub9ac - \ubb34\ub2e8\uc804\uc7ac & \uc7ac\ubc30\ud3ec \uae08\uc9c0\uff1e\n"}, {"market": "kospi", "sid": "000540", "codename": "\ud765\uad6d\ud654\uc7ac", "year": 2021, "month": 5, "article_url": "http://www.getnews.co.kr/news/articleView.html?idxno=530882", "news_company": "\uae00\ub85c\ubc8c\uacbd\uc81c", "title": "\ud0dc\uad11\uadf8\ub8f9, \uce5c\ud658\uacbd \uc0ac\ud68c\uacf5\ud5cc \ud65c\ub3d9\uc73c\ub85c ESG\uacbd\uc601 \ubc15\ucc28", "headline": null, "date_str": null, "writer": null, "section": null, "original_article_link": null, "article_body": null}, {"market": "kospi", "sid": "000540", "codename": "\ud765\uad6d\ud654\uc7ac", "year": 2021, "month": 5, "article_url": "http://www.newstomato.com/ReadNews.aspx?no=1045140&inflow=N", "news_company": "\ub274\uc2a4\ud1a0\ub9c8\ud1a0", "title": "\ubbf8\uc0ac\uc6a9 \ud734\ub300\ud3f0 \uae30\ubd80\u2026\ud0dc\uad11, '\uc0dd\ud65c \uc18d \uc2e4\ucc9c' \uc0ac\ud68c\uacf5\ud5cc \ud65c\ub3d9", "headline": null, "date_str": null, "writer": null, "section": null, "original_article_link": null, "article_body": null}, {"market": "kospi", "sid": "000540", "codename": "\ud765\uad6d\ud654\uc7ac", "year": 2021, "month": 5, "article_url": "http://m.g-enews.com/view.php?ud=2021051808233949041aef83fcde_1", "news_company": "\uae00\ub85c\ubc8c\uc774\ucf54\ub178\ubbf9", "title": "\ud0dc\uad11\uadf8\ub8f9, \uce5c\ud658\uacbd \uc0ac\ud68c\uacf5\ud5cc \ud65c\ub3d9 \uc804\uac1c", "headline": null, "date_str": null, "writer": null, "section": null, "original_article_link": null, "article_body": null}, {"market": "kospi", "sid": "000540", "codename": "\ud765\uad6d\ud654\uc7ac", "year": 2021, "month": 5, "article_url": "http://m.newsway.co.kr/news/view?tp=1&ud=2021051808121618322", "news_company": "\ub274\uc2a4\uc6e8\uc774", "title": "\ud0dc\uad11\uadf8\ub8f9, \uce5c\ud658\uacbd \uc0ac\ud68c\uacf5\ud5cc \ud65c\ub3d9\uc73c\ub85c ESG\uacbd\uc601 \ub3d9\ucc38", "headline": null, "date_str": null, "writer": null, "section": null, "original_article_link": null, "article_body": null}, {"market": "kospi", "sid": "000540", "codename": "\ud765\uad6d\ud654\uc7ac", "year": 2021, "month": 5, "article_url": "http://www.kpinews.co.kr/news/articleView.html?idxno=147122", "news_company": "\uad7f\ubaa8\ub2dd\uacbd\uc81c", "title": "[17\uc77c \uc7a5\ub9c8\uac10 \uacf5\uc2dc] \ud604\ub300\uac74\uc124 \ud30c\uc8fc\uc6b4\uc815 \uc2e0\ucd95\uacf5\uc0ac \uc218\uc8fc \uc678", "headline": null, "date_str": null, "writer": null, "section": null, "original_article_link": null, "article_body": null}]}