{"data": [{"market": "kospi", "sid": "000760", "codename": "\uc774\ud654\uc0b0\uc5c5", "year": 2021, "month": 10, "article_url": "http://www.insightkorea.co.kr/news/articleView.html?idxno=92348", "news_company": "\uc778\uc0ac\uc774\ud2b8\ucf54\ub9ac\uc544", "title": "\uc218\uc18c\uacbd\uc81c \uc6b4\uc804\ub300 \uc7a1\uc740 '\ud37c\uc2a4\ud2b8 \ubb34\ubc84' \uc815\uc758\uc120 \ud604\ub300\ucc28\uadf8\ub8f9 \ud68c\uc7a5", "headline": null, "date_str": null, "writer": null, "section": null, "original_article_link": null, "article_body": null}, {"market": "kospi", "sid": "000760", "codename": "\uc774\ud654\uc0b0\uc5c5", "year": 2021, "month": 10, "article_url": "http://m.nspna.com/news/?mode=view&newsid=531128", "news_company": "NSP\ud1b5\uc2e0", "title": "\ub809\uc11c\uc2a4\ucf54\ub9ac\uc544, \u2018\ud06c\ub9ac\uc5d0\uc774\ud2f0\ube0c \ub9c8\uc2a4\ud130\uc988 \uc5b4\uc6cc\ub4dc 2022\u2019 \uac1c\ucd5c", "headline": null, "date_str": null, "writer": null, "section": null, "original_article_link": null, "article_body": null}, {"market": "kospi", "sid": "000760", "codename": "\uc774\ud654\uc0b0\uc5c5", "year": 2021, "month": 10, "article_url": "http://m.viva100.com/view.php?key=20211013010002900", "news_company": "\ube0c\ub9bf\uc9c0\uacbd\uc81c", "title": "\ub809\uc11c\uc2a4\ucf54\ub9ac\uc544, \uacf5\uc608 \uc2e0\uc9c4\uc791\uac00 \ubc1c\uad74 \u2018\ud06c\ub9ac\uc5d0\uc774\ud2f0\ube0c \ub9c8\uc2a4\ud130\uc988 \uc5b4\uc6cc\ub4dc\u2019 \uac1c\ucd5c", "headline": null, "date_str": null, "writer": null, "section": null, "original_article_link": null, "article_body": null}, {"market": "kospi", "sid": "000760", "codename": "\uc774\ud654\uc0b0\uc5c5", "year": 2021, "month": 10, "article_url": "http://www.seoulfn.com/news/articleView.html?idxno=434433", "news_company": "\uc11c\uc6b8\ud30c\uc774\ub0b8\uc2a4", "title": "\ub809\uc11c\uc2a4\ucf54\ub9ac\uc544, \uc778\uc7ac\uc721\uc131 \ud504\ub85c\uadf8\ub7a8 '\ud06c\ub9ac\uc5d0\uc774\ud2f0\ube0c \ub9c8\uc2a4\ud130\uc988 \uc5b4\uc6cc\ub4dc' \uac1c\ucd5c", "headline": null, "date_str": null, "writer": null, "section": null, "original_article_link": null, "article_body": null}, {"market": "kospi", "sid": "000760", "codename": "\uc774\ud654\uc0b0\uc5c5", "year": 2021, "month": 10, "article_url": "https://m.cnet.co.kr/view/?no=20211013102933", "news_company": "\uc528\ub137\ucf54\ub9ac\uc544", "title": "\ub809\uc11c\uc2a4, \uc2e0\uc9c4 \uc791\uac00\ub97c \ubc1c\uad74 '\ud06c\ub9ac\uc5d0\uc774\ud2f0\ube0c \ub9c8\uc2a4\ud130\uc988 \uc5b4\uc6cc\ub4dc 2022' \uac1c\ucd5c", "headline": null, "date_str": null, "writer": null, "section": null, "original_article_link": null, "article_body": null}, {"market": "kospi", "sid": "000760", "codename": "\uc774\ud654\uc0b0\uc5c5", "year": 2021, "month": 10, "article_url": "http://kr.aving.net/news/view.php?articleId=1643951&Branch_ID=kr&rssid=naver&mn_name=news", "news_company": "\uc5d0\uc774\ube59\ub274\uc2a4", "title": "\ub809\uc11c\uc2a4\ucf54\ub9ac\uc544, '\ud06c\ub9ac\uc5d0\uc774\ud2f0\ube0c \ub9c8\uc2a4\ud130\uc988 \uc5b4\uc6cc\ub4dc 2022' \uac1c\ucd5c... \uacf5\uc608 \ubd84\uc57c \uc2e0\uc9c4\uc791\uac00 \uc9c0\uc6d0", "headline": null, "date_str": null, "writer": null, "section": null, "original_article_link": null, "article_body": null}, {"market": "kospi", "sid": "000760", "codename": "\uc774\ud654\uc0b0\uc5c5", "year": 2021, "month": 10, "article_url": "https://m.news.naver.com/read?mode=LSD&mid=sec&sid1=103&oid=109&aid=0004490648", "news_company": "OSEN", "title": "\ub809\uc11c\uc2a4\ucf54\ub9ac\uc544\uc758\u00a0\uc2e0\uc9c4 \uc791\uac00 \ubc1c\uad74 \ud504\ub85c\uc81d\ud2b8, \u2018\ud06c\ub9ac\uc5d0\uc774\ud2f0\ube0c \ub9c8\uc2a4\ud130\uc988 \uc5b4\uc6cc\ub4dc 2022\u2019 \uc2dc\uc791", "headline": "\ub809\uc11c\uc2a4\ucf54\ub9ac\uc544\uc758\u00a0\uc2e0\uc9c4 \uc791\uac00 \ubc1c\uad74 \ud504\ub85c\uc81d\ud2b8, \u2018\ud06c\ub9ac\uc5d0\uc774\ud2f0\ube0c \ub9c8\uc2a4\ud130\uc988 \uc5b4\uc6cc\ub4dc 2022\u2019 \uc2dc\uc791", "date_str": "2021.10.13. \uc624\uc804 10:09", "writer": "\uac15\ud76c\uc218 \uae30\uc790", "section": "\uc0dd\ud65c", "original_article_link": "http://www.osen.co.kr/article/G1111671770", "article_body": "\n\n\n\n\n[OSEN=\uac15\ud76c\uc218 \uae30\uc790]\u00a0\ub809\uc11c\uc2a4\ucf54\ub9ac\uc544\uc758\u00a0\uc2e0\uc9c4 \uc791\uac00 \ubc1c\uad74 \ubc0f \uc9c0\uc6d0 \ud504\ub85c\uc81d\ud2b8, \u2018\ud06c\ub9ac\uc5d0\uc774\ud2f0\ube0c \ub9c8\uc2a4\ud130\uc988 \uc5b4\uc6cc\ub4dc 2022\u2019\ub97c \uc2dc\uc791\ud55c\ub2e4.\u00a0\uccab \uacfc\uc815\uc73c\ub85c 2022 \uc5b4\uc6cc\ub4dc\uc758 \uc8fc\uc81c\uac00 \uacb0\uc815\ub410\ub2e4. \uc774\ubc88 \uc8fc\uc81c\ub294\u00a0\uc8fc\uc81c\ub294 \u2018\ud658\uacbd\uc744 \ub2e4\uc2dc \uc0dd\uac01\ud558\uc790\u2019\ub294 \uc758\ubbf8\uc778 \u2018RE-(\ub9ac-)\u2019\ub85c \uc815\ud574\uc84c\ub2e4.\u00a0\uc62c\ud574 5\uc8fc\ub144\uc744 \ub9de\ub294 \u2018\ud06c\ub9ac\uc5d0\uc774\ud2f0\ube0c \ub9c8\uc2a4\ud130\uc988 \uc5b4\uc6cc\ub4dc\u2019\ub294 \uad6d\ub0b4 \uacf5\uc608\ubd84\uc57c\uc758 \uc2e0\uc9c4\uc791\uac00\ub97c \ubc1c\uad74\u00b7\uc9c0\uc6d0\ud558\uace0 \uadf8\ub4e4\uacfc \uc7a5\uc778\uc815\uc2e0 \ubb38\ud654\ub97c \ub9cc\ub4e4\uba70 \ud568\uaed8 \uc131\uc7a5\ud574 \ub098\uac00\uace0\uc790 \uc2dc\uc791\ub41c \uc778\uc7ac\uc721\uc131 \ud504\ub85c\uc81d\ud2b8\ub85c, \ud604\uc7ac\uae4c\uc9c0 16\uac1c\uc758 \uc791\ud488\uc774 '\ud06c\ub9ac\uc5d0\uc774\ud2f0\ube0c \ub9c8\uc2a4\ud130\uc988 \uc5d0\ub514\uc158'\uc73c\ub85c \uc81c\uc791\ub418\uace0 \uc788\ub2e4.\uc62c\ud574\uc758 \uc8fc\uc81c\uc778\u00a0\u2018RE-(\ub9ac-)\u2019\ub294\u00a0\uc9c0\uad6c\uc640 \uc77c\uc0c1\uc5d0 \uc0c8\ub85c\uc6b4 \uc228\uacb0\uc744 \ub123\uc5b4\uc904 \uc218 \uc788\ub3c4\ub85d \u2018\ud658\uacbd\uc744 \ub2e4\uc2dc \uc0dd\uac01\ud558\uc790\u2019\ub294 \uc758\ubbf8\ub97c \ub2f4\uc558\ub2e4. \uae30\uc220\uacfc \uac10\uc131\uc774 \ud3ec\ud568\ub41c \uc0dd\ud65c\uc6a9\ud488, \uac00\uad6c, \uc561\uc138\uc11c\ub9ac \ub4f1\uc758 \ub77c\uc774\ud504\uc2a4\ud0c0\uc77c \uc81c\ud488\uc774\uba74 \ub41c\ub2e4. \uc751\ubaa8 \uae30\uac04\uc740 11\uc6d4 8\uc77c\uae4c\uc9c0\uc774\uba70 \ub809\uc11c\uc2a4\ucf54\ub9ac\uc544 \ud648\ud398\uc774\uc9c0\uc5d0\uc11c \uc811\uc218\ud560 \uc218 \uc788\ub2e4.\u00a0\u00a0\uc62c\ud574\uc758 \uc2ec\uc0ac\uc704\uc6d0\uc740 \uc774\ud654\uc5ec\ub300 \uc0b0\uc5c5\ub514\uc790\uc778\uacfc \uacb8\uc784\uad50\uc218\uc774\uc790 \ub77c\uc774\ud504\uc2a4\ud0c0\uc77c \uc0f5 \u2018\ucc55\ud130\uc6d0(Chapter1)\u2019\uc758 \uad6c\ubcd1\uc900 \ub300\ud45c, \u20182019 \uc62c\ud574\uc758 \uacf5\uc608\uc0c1\u2019\uc744 \uc218\uc0c1\ud55c \uae08\uc18d\uacf5\uc608\uac00 \uace0\ubcf4\ud615 \ud55c\uc591\ub300 \uc0b0\uc5c5\ub514\uc790\uc778\ud559\uacfc \uad50\uc218, \u20182021 \ub3c5\uc77c IF \ub514\uc790\uc778 \uc5b4\uc6cc\ub4dc\u2019 \uc2ec\uc0ac\uc704\uc6d0\uc778 \uc774\uc11d\uc6b0 SWNA \ub300\ud45c \ub4f1 3\uba85\uc774\uba70, \uc2ec\uc0ac\uae30\uc900\uc740 \uc81c\ud488\uc5d0 \ub2f4\uae34 \uacf5\ubaa8\uc8fc\uc81c\uc5d0 \ubd80\ud569\ud558\ub294 \uba54\uc2dc\uc9c0, \uc7a5\uc778\uc815\uc2e0\uc758 \uac00\uce58\uac00 \ubc18\uc601\ub41c \uc791\uc5c5\uacfc\uc815, \uc2e4\uc6a9\uc131\uacfc \uc0c1\ud488\uc131\uc744 \uac16\ucd98 \ub514\uc790\uc778, \uc81c\ud488\uc758 \ucc38\uc2e0\uc131\uacfc \uc2ec\ubbf8\uc131 \ub4f1\uc774\ub2e4.\u00a0\uc2ec\uc0ac \uacb0\uacfc\ub294 11\uc6d4 24\uc77c \ubc1c\ud45c\ub420 \uc608\uc815\uc774\uba70, \ucd5c\uc885 \uc6b0\uc2b9 \ucd1d 4\ud300\uc5d0\uac8c\ub294 \uac01\uac01 1,000\ub9cc\uc6d0\uc758 \uc81c\uc791\ube44\uac00 \uc9c0\uc6d0\ub41c\ub2e4. \uc218\uc0c1\uc791\ud488\uc740 \ub809\uc11c\uc2a4\ucf54\ub9ac\uc544\uc640 \ud611\uc5c5\uc744 \ud1b5\ud574 \uba58\ud1a0\ub9c1 \uc791\uc5c5\uc744 \uac70\uce5c \ud6c4 \u2018\ud06c\ub9ac\uc5d0\uc774\ud2f0\ube0c \ub9c8\uc2a4\ud130\uc988 \ub809\uc11c\uc2a4 \uc5d0\ub514\uc158\u2019\uc73c\ub85c \uc7ac\ud0c4\uc0dd\ud574\u00a0\ub809\uc11c\uc2a4\uc758 \ube0c\ub79c\ub4dc \uacf5\uac04 \u2018\ucee4\ub125\ud2b8\ud22c\u2019 \ubc0f \ub77c\uc774\ud504\uc2a4\ud0c0\uc77c \ud3b8\uc9d1\uc0f5 \u2018\ucc55\ud130\uc6d0\u2019\uc5d0\uc11c \ud310\ub9e4\ub420 \uc608\uc815\uc774\ub2e4.\ub809\uc11c\uc2a4\ucf54\ub9ac\uc544 \uc774\ubcd1\uc9c4 \uc0c1\ubb34\ub294 \u201c\uc774\uc0c1\uae30\ud6c4\ub85c \uc778\ud574 \ud0c4\uc18c\uc911\ub9bd\uc774 \uc911\uc694\ud55c \uac00\uce58\ub85c \ub300\ub450\ub418\uace0 \uc788\ub294 \uc2dc\uc810\uc5d0 \ud06c\ub9ac\uc5d0\uc774\ud2f0\ube0c \ub9c8\uc2a4\ud130\uc988 \uc5b4\uc6cc\ub4dc \ud504\ub85c\uc81d\ud2b8 \uc5ed\uc2dc \ud604 \uc0ac\ud68c\uc758 \ubb38\uc81c\ub97c \ud568\uaed8 \uace0\ubbfc\ud574\ubcf4\uace0\uc790 \uc62c\ud574\uc758 \uc8fc\uc81c\ub97c \u2018RE-(\ub9ac-)\u2019\ub85c \uc120\uc815\ud588\ub2e4\u201d\uba70, \u201c\uae30\ud6c4\ubcc0\ud654\ub85c \uc704\uae30\ub97c \ub9de\uace0 \uc788\ub294 \uc9c0\uad6c\ub97c \uce58\uc720\ud574\uc904 \ud658\uacbd\uc744 \uc0dd\uac01\ud55c \ub9ce\uc740 \uacf5\uc608 \uc791\ud488\ub4e4\uc774 \uc9c0\uc6d0\ub418\uae30\ub97c \uae30\ub300\ud55c\ub2e4\u201d\uace0 \ub9d0\ud588\ub2e4.\u00a0/100c@osen.co.kr\n"}, {"market": "kospi", "sid": "000760", "codename": "\uc774\ud654\uc0b0\uc5c5", "year": 2021, "month": 10, "article_url": "http://m.pinpointnews.co.kr/view.php?ud=2021101310065621885d46bea725_45", "news_company": "\ud540\ud3ec\uc778\ud2b8\ub274\uc2a4", "title": "\ub809\uc11c\uc2a4\ucf54\ub9ac\uc544, \uc2e0\uc9c4\uc791\uac00 \ubc1c\uad74 '\ud06c\ub9ac\uc5d0\uc774\ud2f0\ube0c \ub9c8\uc2a4\ud130\uc988 \uc5b4\uc6cc\ub4dc 2022' \uac1c\ucd5c", "headline": null, "date_str": null, "writer": null, "section": null, "original_article_link": null, "article_body": null}, {"market": "kospi", "sid": "000760", "codename": "\uc774\ud654\uc0b0\uc5c5", "year": 2021, "month": 10, "article_url": "http://m.kbench.com/?q=node/226040", "news_company": "\ucf00\uc774\ubca4\uce58", "title": "\ub809\uc11c\uc2a4\ucf54\ub9ac\uc544, \ud06c\ub9ac\uc5d0\uc774\ud2f0\ube0c \ub9c8\uc2a4\ud130\uc988 \uc5b4\uc6cc\ub4dc 2022 \uac1c\ucd5c", "headline": null, "date_str": null, "writer": null, "section": null, "original_article_link": null, "article_body": null}, {"market": "kospi", "sid": "000760", "codename": "\uc774\ud654\uc0b0\uc5c5", "year": 2021, "month": 10, "article_url": "https://m.news.naver.com/read?mode=LSD&mid=sec&sid1=103&oid=029&aid=0002700602", "news_company": "\ub514\uc9c0\ud138\ud0c0\uc784\uc2a4", "title": "\ub809\uc11c\uc2a4\ucf54\ub9ac\uc544, \uc2e0\uc9c4\uc791\uac00 \ubc1c\uad74 \u2018\ud06c\ub9ac\uc5d0\uc774\ud2f0\ube0c \ub9c8\uc2a4\ud130\uc988 \uc5b4\uc6cc\ub4dc\u2019 \uac1c\ucd5c", "headline": "\ub809\uc11c\uc2a4\ucf54\ub9ac\uc544, \uc2e0\uc9c4\uc791\uac00 \ubc1c\uad74 \u2018\ud06c\ub9ac\uc5d0\uc774\ud2f0\ube0c \ub9c8\uc2a4\ud130\uc988 \uc5b4\uc6cc\ub4dc\u2019 \uac1c\ucd5c", "date_str": "2021.10.13. \uc624\uc804 10:00", "writer": "\uc7a5\uc6b0\uc9c4 \uae30\uc790", "section": "\uc0dd\ud65c", "original_article_link": "http://www.dt.co.kr/contents.html?article_no=2021101302109932064005&ref=naver", "article_body": "\n\t\t\t\ub809\uc11c\uc2a4\ucf54\ub9ac\uc544\ub294 \ud55c\uad6d\uc758 \uc2e0\uc9c4 \uc791\uac00 \ubc1c\uad74 \ubc0f \uc9c0\uc6d0 \ud504\ub85c\uc81d\ud2b8\uc778 '\ud06c\ub9ac\uc5d0\uc774\ud2f0\ube0c \ub9c8\uc2a4\ud130\uc988 \uc5b4\uc6cc\ub4dc 2022'\ub97c \uac1c\ucd5c\ud55c\ub2e4\uace0 13\uc77c \ubc1d\ud614\ub2e4.\uc62c\ud574 5\uc8fc\ub144\uc744 \ub9de\ub294 '\ud06c\ub9ac\uc5d0\uc774\ud2f0\ube0c \ub9c8\uc2a4\ud130\uc988 \uc5b4\uc6cc\ub4dc'\ub294 \uad6d\ub0b4 \uacf5\uc608\ubd84\uc57c\uc758 \uc2e0\uc9c4\uc791\uac00\ub97c \ubc1c\uad74\u00b7\uc9c0\uc6d0\ud558\uae30 \uc704\ud55c \uc778\uc7ac\uc721\uc131 \ud504\ub85c\uc81d\ud2b8\ub85c, \ud604\uc7ac\uae4c\uc9c0 16\uac1c\uc758 \uc791\ud488\uc774 '\ud06c\ub9ac\uc5d0\uc774\ud2f0\ube0c \ub9c8\uc2a4\ud130\uc988 \uc5d0\ub514\uc158'\uc73c\ub85c \uc81c\uc791\ub418\uace0 \uc788\ub2e4.\uc62c\ud574\uc758 \uc8fc\uc81c\ub294 'RE-(\ub9ac-)'\ub85c \uc9c0\uad6c\uc640 \uc77c\uc0c1\uc5d0 \uc0c8\ub85c\uc6b4 \uc228\uacb0\uc744 \ub123\uc5b4\uc904 \uc218 \uc788\ub3c4\ub85d '\ud658\uacbd\uc744 \ub2e4\uc2dc \uc0dd\uac01\ud558\uc790'\ub294 \uc758\ubbf8\ub97c \ub2f4\uc558\uc73c\uba70, \uae30\uc220\uacfc \uac10\uc131\uc774 \ud3ec\ud568\ub41c \uc0dd\ud65c\uc6a9\ud488\u00b7\uac00\uad6c\u00b7\uc561\uc138\uc11c\ub9ac \ub4f1\uc758 \ub77c\uc774\ud504\uc2a4\ud0c0\uc77c \uc81c\ud488\uc774\uba74 \ub41c\ub2e4. \uc751\ubaa8 \uae30\uac04\uc740 \ub2e4\uc74c\ub2ec 8\uc77c\uae4c\uc9c0\ub85c, \ud648\ud398\uc774\uc9c0\ub97c \ud1b5\ud574 \uc811\uc218\ud560 \uc218 \uc788\ub2e4. \uc62c\ud574 \uc2ec\uc0ac\uc704\uc6d0\uc740 \uc774\ud654\uc5ec\ub300 \uc0b0\uc5c5\ub514\uc790\uc778\uacfc \uacb8\uc784\uad50\uc218\uc774\uc790 \ub77c\uc774\ud504\uc2a4\ud0c0\uc77c \uc0f5 '\ucc55\ud130\uc6d0'\uc758 \uad6c\ubcd1\uc900 \ub300\ud45c, '2019 \uc62c\ud574\uc758 \uacf5\uc608\uc0c1'\uc744 \uc218\uc0c1\ud55c \uae08\uc18d\uacf5\uc608\uac00 \uace0\ubcf4\ud615 \ud55c\uc591\ub300 \uc0b0\uc5c5\ub514\uc790\uc778\ud559\uacfc \uad50\uc218, '2021 \ub3c5\uc77c IF \ub514\uc790\uc778 \uc5b4\uc6cc\ub4dc' \uc2ec\uc0ac\uc704\uc6d0\uc778 \uc774\uc11d\uc6b0 SWNA \ub300\ud45c \ub4f1 3\uba85\uc774\ub2e4. \uc2ec\uc0ac\uae30\uc900\uc740 \uc81c\ud488\uc5d0 \ub2f4\uae34 \uacf5\ubaa8\uc8fc\uc81c\uc5d0 \ubd80\ud569\ud558\ub294 \uba54\uc2dc\uc9c0, \uc7a5\uc778\uc815\uc2e0\uc758 \uac00\uce58\uac00 \ubc18\uc601\ub41c \uc791\uc5c5\uacfc\uc815, \uc2e4\uc6a9\uc131\uacfc \uc0c1\ud488\uc131\uc744 \uac16\ucd98 \ub514\uc790\uc778, \uc81c\ud488\uc758 \ucc38\uc2e0\uc131\uacfc \uc2ec\ubbf8\uc131 \ub4f1\uc774\ub2e4.\uc2ec\uc0ac \uacb0\uacfc\ub294 \ub0b4\ub2ec 24\uc77c \ubc1c\ud45c\ub420 \uc608\uc815\uc774\uba70, \ucd5c\uc885 \uc6b0\uc2b9 4\ud300\uc5d0\uac8c\ub294 \uac01 1000\ub9cc\uc6d0\uc758 \uc81c\uc791\ube44\uac00 \uc9c0\uc6d0\ub41c\ub2e4.\uc218\uc0c1\uc791\ud488\uc740 \ub809\uc11c\uc2a4\ucf54\ub9ac\uc544\uc640 \ud611\uc5c5\uc744 \ud1b5\ud574 \uba58\ud1a0\ub9c1 \uc791\uc5c5\uc744 \uac70\uce5c \ud6c4 '\ud06c\ub9ac\uc5d0\uc774\ud2f0\ube0c \ub9c8\uc2a4\ud130\uc988 \ub809\uc11c\uc2a4 \uc5d0\ub514\uc158'\uc73c\ub85c \uc7ac\ud0c4\uc0dd\ud574 \ub809\uc11c\uc2a4\uc758 \ube0c\ub79c\ub4dc \uacf5\uac04 '\ucee4\ub125\ud2b8\ud22c' \ubc0f \ub77c\uc774\ud504\uc2a4\ud0c0\uc77c \ud3b8\uc9d1\uc0f5 '\ucc55\ud130\uc6d0'\uc5d0\uc11c \ud310\ub9e4\ub420 \uc608\uc815\uc774\ub2e4.\n\n\n\n\ub809\uc11c\uc2a4\ucf54\ub9ac\uc544\ub294 \ud55c\uad6d\uc758 \uc2e0\uc9c4 \uc791\uac00 \ubc1c\uad74 \ubc0f \uc9c0\uc6d0 \ud504\ub85c\uc81d\ud2b8\uc778 '\ud06c\ub9ac\uc5d0\uc774\ud2f0\ube0c \ub9c8\uc2a4\ud130\uc988 \uc5b4\uc6cc\ub4dc 2022'\ub97c \uac1c\ucd5c\ud55c\ub2e4. \ub809\uc11c\uc2a4\ucf54\ub9ac\uc544 \uc81c\uacf5    \n"}, {"market": "kospi", "sid": "000760", "codename": "\uc774\ud654\uc0b0\uc5c5", "year": 2021, "month": 10, "article_url": "https://m.news.naver.com/read?mode=LSD&mid=sec&sid1=101&oid=014&aid=0004722350", "news_company": "\ud30c\uc774\ub0b8\uc15c\ub274\uc2a4", "title": "\ub809\uc11c\uc2a4\ucf54\ub9ac\uc544, '\ud06c\ub9ac\uc5d0\uc774\ud2f0\ube0c \ub9c8\uc2a4\ud130\uc988 \uc5b4\uc6cc\ub4dc 2022' \uac1c\ucd5c", "headline": "\ub809\uc11c\uc2a4\ucf54\ub9ac\uc544, '\ud06c\ub9ac\uc5d0\uc774\ud2f0\ube0c \ub9c8\uc2a4\ud130\uc988 \uc5b4\uc6cc\ub4dc 2022' \uac1c\ucd5c", "date_str": "2021.10.13. \uc624\uc804 9:59", "writer": "\ucd5c\uc885\uadfc \uae30\uc790", "section": "\uacbd\uc81c", "original_article_link": "http://www.fnnews.com/news/202110130954428796", "article_body": "\n\n\n\n\n\ub809\uc11c\uc2a4\ucf54\ub9ac\uc544 \uc81c\uacf5 [\ud30c\uc774\ub0b8\uc15c\ub274\uc2a4] \ub809\uc11c\uc2a4\ucf54\ub9ac\uc544\ub294 \ud55c\uad6d\uc758 \uc2e0\uc9c4 \uc791\uac00 \ubc1c\uad74 \ubc0f \uc9c0\uc6d0 \ud504\ub85c\uc81d\ud2b8\uc778 '\ud06c\ub9ac\uc5d0\uc774\ud2f0\ube0c \ub9c8\uc2a4\ud130\uc988 \uc5b4\uc6cc\ub4dc 2022'\ub97c \uac1c\ucd5c\ud55c\ub2e4\uace0 13\uc77c \ubc1d\ud614\ub2e4.   \uc62c\ud574 5\uc8fc\ub144\uc744 \ub9de\ub294 \ud06c\ub9ac\uc5d0\uc774\ud2f0\ube0c \ub9c8\uc2a4\ud130\uc988 \uc5b4\uc6cc\ub4dc\ub294 \uad6d\ub0b4 \uacf5\uc608\ubd84\uc57c\uc758 \uc2e0\uc9c4\uc791\uac00\ub97c \ubc1c\uad74\u00b7\uc9c0\uc6d0\ud558\uace0 \uadf8\ub4e4\uacfc \uc7a5\uc778\uc815\uc2e0 \ubb38\ud654\ub97c \ub9cc\ub4e4\uba70 \ud568\uaed8 \uc131\uc7a5\ud574 \ub098\uac00\uace0\uc790 \uc2dc\uc791\ub41c \uc778\uc7ac\uc721\uc131 \ud504\ub85c\uc81d\ud2b8\ub2e4. \ud604\uc7ac\uae4c\uc9c0 16\uac1c\uc758 \uc791\ud488\uc774 \ud06c\ub9ac\uc5d0\uc774\ud2f0\ube0c \ub9c8\uc2a4\ud130\uc988 \uc5d0\ub514\uc158\uc73c\ub85c \uc81c\uc791\ub418\uace0 \uc788\ub2e4.   \uc62c\ud574\uc758 \uc8fc\uc81c\ub294 'RE-(\ub9ac-)'\ub85c \uc9c0\uad6c\uc640 \uc77c\uc0c1\uc5d0 \uc0c8\ub85c\uc6b4 \uc228\uacb0\uc744 \ub123\uc5b4\uc904 \uc218 \uc788\ub3c4\ub85d '\ud658\uacbd\uc744 \ub2e4\uc2dc \uc0dd\uac01\ud558\uc790'\ub294 \uc758\ubbf8\ub97c \ub2f4\uc558\uc73c\uba70 \uae30\uc220\uacfc \uac10\uc131\uc774 \ud3ec\ud568\ub41c \uc0dd\ud65c\uc6a9\ud488\u00b7\uac00\uad6c\u00b7\uc561\uc138\uc11c\ub9ac \ub4f1\uc758 \ub77c\uc774\ud504\uc2a4\ud0c0\uc77c \uc81c\ud488\uc774\uba74 \ub41c\ub2e4. \uc751\ubaa8 \uae30\uac04\uc740 11\uc6d4 8\uc77c\uae4c\uc9c0\ub2e4.   \uc62c\ud574\uc758 \uc2ec\uc0ac\uc704\uc6d0\uc740 \uc774\ud654\uc5ec\ub300 \uc0b0\uc5c5\ub514\uc790\uc778\uacfc \uacb8\uc784\uad50\uc218\uc774\uc790 \ub77c\uc774\ud504\uc2a4\ud0c0\uc77c \uc0f5 \ucc55\ud130\uc6d0\uc758 \uad6c\ubcd1\uc900 \ub300\ud45c, 2019 \uc62c\ud574\uc758 \uacf5\uc608\uc0c1\uc744 \uc218\uc0c1\ud55c \uae08\uc18d\uacf5\uc608\uac00 \uace0\ubcf4\ud615 \ud55c\uc591\ub300 \uc0b0\uc5c5\ub514\uc790\uc778\ud559\uacfc \uad50\uc218, 2021 \ub3c5\uc77c IF \ub514\uc790\uc778 \uc5b4\uc6cc\ub4dc \uc2ec\uc0ac\uc704\uc6d0\uc778 \uc774\uc11d\uc6b0 SWNA \ub300\ud45c \ub4f1 3\uba85\uc774\ub2e4. \uc2ec\uc0ac\uae30\uc900\uc740 \u25b3\uc81c\ud488\uc5d0 \ub2f4\uae34 \uacf5\ubaa8\uc8fc\uc81c\uc5d0 \ubd80\ud569\ud558\ub294 \uba54\uc2dc\uc9c0 \u25b3\uc7a5\uc778\uc815\uc2e0\uc758 \uac00\uce58\uac00 \ubc18\uc601\ub41c \uc791\uc5c5\uacfc\uc815 \u25b3\uc2e4\uc6a9\uc131\uacfc \uc0c1\ud488\uc131\uc744 \uac16\ucd98 \ub514\uc790\uc778 \u25b3\uc81c\ud488\uc758 \ucc38\uc2e0\uc131\uacfc \uc2ec\ubbf8\uc131 \ub4f1\uc774\ub2e4.   \uc2ec\uc0ac \uacb0\uacfc\ub294 11\uc6d4 24\uc77c \ubc1c\ud45c\ub420 \uc608\uc815\uc774\uba70 \ucd5c\uc885 \uc6b0\uc2b9 \ucd1d 4\ud300\uc5d0\uac8c\ub294 \uac01\uac01 1000\ub9cc\uc6d0\uc758 \uc81c\uc791\ube44\uac00 \uc9c0\uc6d0\ub41c\ub2e4. \uc218\uc0c1\uc791\ud488\uc740 \ub809\uc11c\uc2a4\ucf54\ub9ac\uc544\uc640 \ud611\uc5c5\uc744 \ud1b5\ud574 \uba58\ud1a0\ub9c1 \uc791\uc5c5\uc744 \uac70\uce5c \ud6c4 \ud06c\ub9ac\uc5d0\uc774\ud2f0\ube0c \ub9c8\uc2a4\ud130\uc988 \ub809\uc11c\uc2a4 \uc5d0\ub514\uc158\uc73c\ub85c \uc7ac\ud0c4\uc0dd\ud574 \ub809\uc11c\uc2a4\uc758 \ube0c\ub79c\ub4dc \uacf5\uac04 \ucee4\ub125\ud2b8\ud22c \ubc0f \ub77c\uc774\ud504\uc2a4\ud0c0\uc77c \ud3b8\uc9d1\uc0f5 \ucc55\ud130\uc6d0\uc5d0\uc11c \ud310\ub9e4\ub420 \uc608\uc815\uc774\ub2e4.   \uc774\ubcd1\uc9c4 \ub809\uc11c\uc2a4\ucf54\ub9ac\uc544 \uc0c1\ubb34\ub294 \"\uc774\uc0c1\uae30\ud6c4\ub85c \uc778\ud574 \ud0c4\uc18c\uc911\ub9bd\uc774 \uc911\uc694\ud55c \uac00\uce58\ub85c \ub300\ub450\ub418\uace0 \uc788\ub294 \uc2dc\uc810\uc5d0 \ud06c\ub9ac\uc5d0\uc774\ud2f0\ube0c \ub9c8\uc2a4\ud130\uc988 \uc5b4\uc6cc\ub4dc \ud504\ub85c\uc81d\ud2b8 \uc5ed\uc2dc \ud604 \uc0ac\ud68c\uc758 \ubb38\uc81c\ub97c \ud568\uaed8 \uace0\ubbfc\ud574\ubcf4\uace0\uc790 \uc62c\ud574\uc758 \uc8fc\uc81c\ub97c RE-(\ub9ac-)\ub85c \uc120\uc815\ud588\ub2e4\"\uba70 \"\uae30\ud6c4\ubcc0\ud654\ub85c \uc704\uae30\ub97c \ub9de\uace0 \uc788\ub294 \uc9c0\uad6c\ub97c \uce58\uc720\ud574\uc904 \ud658\uacbd\uc744 \uc0dd\uac01\ud55c \ub9ce\uc740 \uacf5\uc608 \uc791\ud488\ub4e4\uc774 \uc9c0\uc6d0\ub418\uae30\ub97c \uae30\ub300\ud55c\ub2e4\"\uace0 \uc124\uba85\ud588\ub2e4.\n\t\t"}, {"market": "kospi", "sid": "000760", "codename": "\uc774\ud654\uc0b0\uc5c5", "year": 2021, "month": 10, "article_url": "http://autotimes.hankyung.com/apps/news.sub_view?popup=0&nid=03&c1=03&c2=03&c3=00&nkey=202110130951501", "news_company": "\uc624\ud1a0\ud0c0\uc784\uc988", "title": "\ud55c\uad6d\ud1a0\uc694\ud0c0, \ub809\uc11c\uc2a4 '\ud06c\ub9ac\uc5d0\uc774\ud2f0\ube0c \ub9c8\uc2a4\ud130\uc988 \uc5b4\uc6cc\ub4dc 2022' \uc9c4\ud589", "headline": null, "date_str": null, "writer": null, "section": null, "original_article_link": null, "article_body": null}, {"market": "kospi", "sid": "000760", "codename": "\uc774\ud654\uc0b0\uc5c5", "year": 2021, "month": 10, "article_url": "https://www.ebn.co.kr/news/view/1503721/?sc=Naver", "news_company": "EBN", "title": "\ub809\uc11c\uc2a4, '\ud06c\ub9ac\uc5d0\uc774\ud2f0\ube0c \ub9c8\uc2a4\ud130\uc988 \uc5b4\uc6cc\ub4dc 2022' \uac1c\ucd5c", "headline": null, "date_str": null, "writer": null, "section": null, "original_article_link": null, "article_body": null}, {"market": "kospi", "sid": "000760", "codename": "\uc774\ud654\uc0b0\uc5c5", "year": 2021, "month": 10, "article_url": "http://www.gpkorea.com/news/articleView.html?idxno=78801", "news_company": "\uc9c0\ud53c\ucf54\ub9ac\uc544", "title": "\ub809\uc11c\uc2a4\ucf54\ub9ac\uc544, '\ud06c\ub9ac\uc5d0\uc774\ud2f0\ube0c \ub9c8\uc2a4\ud130\uc988 \uc5b4\uc6cc\ub4dc' \uac1c\ucd5c...\uacf5\uc608\ubd84\uc57c \uc2e0\uc778\uc791\uac00 \ubc1c\uad74", "headline": null, "date_str": null, "writer": null, "section": null, "original_article_link": null, "article_body": null}, {"market": "kospi", "sid": "000760", "codename": "\uc774\ud654\uc0b0\uc5c5", "year": 2021, "month": 10, "article_url": "http://m.hankooki.com/m_dh_view.php?m=&WM=dh&WEB_GSNO=7003113&s_ref=nv", "news_company": "\ub370\uc77c\ub9ac\ud55c\uad6d", "title": "\ub809\uc11c\uc2a4\ucf54\ub9ac\uc544, \u2018\ud06c\ub9ac\uc5d0\uc774\ud2f0\ube0c \ub9c8\uc2a4\ud130\uc988 \uc5b4\uc6cc\ub4dc 2022\u2019 \uac1c\ucd5c", "headline": null, "date_str": null, "writer": null, "section": null, "original_article_link": null, "article_body": null}, {"market": "kospi", "sid": "000760", "codename": "\uc774\ud654\uc0b0\uc5c5", "year": 2021, "month": 10, "article_url": "http://m.asiatoday.co.kr/kn/view.php?key=20211013010006625", "news_company": "\uc544\uc2dc\uc544\ud22c\ub370\uc774", "title": "\ub809\uc11c\uc2a4, \uc2e0\uc778 \uc791\uac00 \ubc1c\uad74 '\ud06c\ub9ac\uc5d0\uc774\ud2f0\ube0c \ub9c8\uc2a4\ud130\uc988 \uc5b4\uc6cc\ub4dc 2022' \uac1c\ucd5c", "headline": null, "date_str": null, "writer": null, "section": null, "original_article_link": null, "article_body": null}, {"market": "kospi", "sid": "000760", "codename": "\uc774\ud654\uc0b0\uc5c5", "year": 2021, "month": 10, "article_url": "http://autotimes.hankyung.com/apps/news.sub_view?popup=0&nid=03&c1=03&c2=03&c3=00&nkey=202110130951501", "news_company": "\uc624\ud1a0\ud0c0\uc784\uc988", "title": "\ud55c\uad6d\ud1a0\uc694\ud0c0, \ub809\uc11c\uc2a4 '\ud06c\ub9ac\uc5d0\uc774\ud2f0\ube0c \ub9c8\uc2a4\ud130\uc988 \uc5b4\uc6cc\ub4dc 2022' \uc9c4\ud589", "headline": null, "date_str": null, "writer": null, "section": null, "original_article_link": null, "article_body": null}, {"market": "kospi", "sid": "000760", "codename": "\uc774\ud654\uc0b0\uc5c5", "year": 2021, "month": 10, "article_url": "https://www.ebn.co.kr/news/view/1503721/?sc=Naver", "news_company": "EBN", "title": "\ub809\uc11c\uc2a4, '\ud06c\ub9ac\uc5d0\uc774\ud2f0\ube0c \ub9c8\uc2a4\ud130\uc988 \uc5b4\uc6cc\ub4dc 2022' \uac1c\ucd5c", "headline": null, "date_str": null, "writer": null, "section": null, "original_article_link": null, "article_body": null}, {"market": "kospi", "sid": "000760", "codename": "\uc774\ud654\uc0b0\uc5c5", "year": 2021, "month": 10, "article_url": "http://www.gpkorea.com/news/articleView.html?idxno=78801", "news_company": "\uc9c0\ud53c\ucf54\ub9ac\uc544", "title": "\ub809\uc11c\uc2a4\ucf54\ub9ac\uc544, '\ud06c\ub9ac\uc5d0\uc774\ud2f0\ube0c \ub9c8\uc2a4\ud130\uc988 \uc5b4\uc6cc\ub4dc' \uac1c\ucd5c...\uacf5\uc608\ubd84\uc57c \uc2e0\uc778\uc791\uac00 \ubc1c\uad74", "headline": null, "date_str": null, "writer": null, "section": null, "original_article_link": null, "article_body": null}, {"market": "kospi", "sid": "000760", "codename": "\uc774\ud654\uc0b0\uc5c5", "year": 2021, "month": 10, "article_url": "http://m.hankooki.com/m_dh_view.php?m=&WM=dh&WEB_GSNO=7003113&s_ref=nv", "news_company": "\ub370\uc77c\ub9ac\ud55c\uad6d", "title": "\ub809\uc11c\uc2a4\ucf54\ub9ac\uc544, \u2018\ud06c\ub9ac\uc5d0\uc774\ud2f0\ube0c \ub9c8\uc2a4\ud130\uc988 \uc5b4\uc6cc\ub4dc 2022\u2019 \uac1c\ucd5c", "headline": null, "date_str": null, "writer": null, "section": null, "original_article_link": null, "article_body": null}, {"market": "kospi", "sid": "000760", "codename": "\uc774\ud654\uc0b0\uc5c5", "year": 2021, "month": 10, "article_url": "http://m.asiatoday.co.kr/kn/view.php?key=20211013010006625", "news_company": "\uc544\uc2dc\uc544\ud22c\ub370\uc774", "title": "\ub809\uc11c\uc2a4, \uc2e0\uc778 \uc791\uac00 \ubc1c\uad74 '\ud06c\ub9ac\uc5d0\uc774\ud2f0\ube0c \ub9c8\uc2a4\ud130\uc988 \uc5b4\uc6cc\ub4dc 2022' \uac1c\ucd5c", "headline": null, "date_str": null, "writer": null, "section": null, "original_article_link": null, "article_body": null}, {"market": "kospi", "sid": "000760", "codename": "\uc774\ud654\uc0b0\uc5c5", "year": 2021, "month": 10, "article_url": "http://www.autodaily.co.kr/news/articleView.html?idxno=429869", "news_company": "\uc5e0\ud22c\ub370\uc774", "title": "\ub809\uc11c\uc2a4\ucf54\ub9ac\uc544, '\ud06c\ub9ac\uc5d0\uc774\ud2f0\ube0c \ub9c8\uc2a4\ud130\uc988 \uc5b4\uc6cc\ub4dc 2022' \uac1c\ucd5c", "headline": null, "date_str": null, "writer": null, "section": null, "original_article_link": null, "article_body": null}, {"market": "kospi", "sid": "000760", "codename": "\uc774\ud654\uc0b0\uc5c5", "year": 2021, "month": 10, "article_url": "http://www.electimes.com/article.php?aid=1634082123223659094", "news_company": "\uc804\uae30\uc2e0\ubb38", "title": "\ub809\uc11c\uc2a4\ucf54\ub9ac\uc544, \u2018\ud06c\ub9ac\uc5d0\uc774\ud2f0\ube0c \ub9c8\uc2a4\ud130\uc988 \uc5b4\uc6cc\ub4dc 2022\u2019 \uac1c\ucd5c", "headline": null, "date_str": null, "writer": null, "section": null, "original_article_link": null, "article_body": null}, {"market": "kospi", "sid": "000760", "codename": "\uc774\ud654\uc0b0\uc5c5", "year": 2021, "month": 10, "article_url": "http://mbnmoney.mbn.co.kr/news/view?news_no=MM1004449905", "news_company": "\ub9e4\uc77c\uacbd\uc81cTV", "title": "\ub809\uc11c\uc2a4\ucf54\ub9ac\uc544, '\ud06c\ub9ac\uc5d0\uc774\ud2f0\ube0c \ub9c8\uc2a4\ud130\uc988 \uc5b4\uc6cc\ub4dc 2022' \uac1c\ucd5c", "headline": null, "date_str": null, "writer": null, "section": null, "original_article_link": null, "article_body": null}]}