{"data": [{"market": "kospi", "sid": "000850", "codename": "\ud654\ucc9c\uae30\uacf5", "year": 2020, "month": 10, "article_url": "http://m.g-enews.com/view.php?ud=202010120732217371edf69f862c_1", "news_company": "\uae00\ub85c\ubc8c\uc774\ucf54\ub178\ubbf9", "title": "\uc0bc\ucc9c\ub2f9\uc81c\uc57d, 8\uac70\ub798\uc77c \uc5f0\uc18d \uc624\ub974\uba70 26% \uae09\ub4f1...\uc774\ubc88\uc8fc \uc2e0\uace0\uac00 \uac31\uc2e0 \ud560\uae4c?", "headline": null, "date_str": null, "writer": null, "section": null, "original_article_link": null, "article_body": null}]}