{"data": [{"market": "kospi", "sid": "000520", "codename": "\uc0bc\uc77c\uc81c\uc57d", "year": 2020, "month": 6, "article_url": "http://m.yakup.com/index.html?m=n&mode=view&cat=12&nid=246005", "news_company": "\uc57d\uc5c5\uc2e0\ubb38", "title": "\uc81c\uc57d\ubc14\uc774\uc624\ud611\u00b7\uc720\ud55c \ud3ec\ud568 10\uac1c \uc81c\uc57d\uc0ac,\ubbf8\uad6d \ubcf4\uc2a4\ud134 CIC \uc9c4\ucd9c \uccab\ubc1c", "headline": null, "date_str": null, "writer": null, "section": null, "original_article_link": null, "article_body": null}, {"market": "kospi", "sid": "000520", "codename": "\uc0bc\uc77c\uc81c\uc57d", "year": 2020, "month": 6, "article_url": "http://m.beyondpost.co.kr/view.php?ud=20200625152243806746a9e4dd7f_30", "news_company": "\ube44\uc698\ub4dc\ud3ec\uc2a4\ud2b8", "title": "\uc140\ud2b8\ub9ac\uc628, \uc81c\uc57d \uc0c1\uc7a5\uae30\uc5c5 \ube0c\ub79c\ub4dc\ud3c9\ud310 6\uc6d4 ...1\uc704", "headline": null, "date_str": null, "writer": null, "section": null, "original_article_link": null, "article_body": null}, {"market": "kospi", "sid": "000520", "codename": "\uc0bc\uc77c\uc81c\uc57d", "year": 2020, "month": 6, "article_url": "http://m.ekn.kr/section_view.html?no=507515", "news_company": "\uc5d0\ub108\uc9c0\uacbd\uc81c", "title": "\uc720\ud55c\uc591\ud589, GC\ub179\uc2ed\uc790 \ub4f1 \uad6d\ub0b4 \uc81c\uc57d\uc0ac, \u7f8e \ubcf4\uc2a4\ud134 CIC \ubcf8\uaca9 \uc9c4\ucd9c", "headline": null, "date_str": null, "writer": null, "section": null, "original_article_link": null, "article_body": null}, {"market": "kospi", "sid": "000520", "codename": "\uc0bc\uc77c\uc81c\uc57d", "year": 2020, "month": 6, "article_url": "http://m.metroseoul.co.kr/article/20200625500368", "news_company": "\uba54\ud2b8\ub85c\uc2e0\ubb38", "title": "\uc81c\uc57d\ubc14\uc774\uc624\ud611\u00b710\uac1c \uc81c\uc57d\uc0ac, \u7f8e \ubcf4\uc2a4\ud134 \uc624\ud508 \uc774\ub178\ubca0\uc774\uc158 \uc0dd\ud0dc\uacc4 \uccab\ubc1c", "headline": null, "date_str": null, "writer": null, "section": null, "original_article_link": null, "article_body": null}, {"market": "kospi", "sid": "000520", "codename": "\uc0bc\uc77c\uc81c\uc57d", "year": 2020, "month": 6, "article_url": "http://www.dailysmart.co.kr/news/articleView.html?idxno=28821", "news_company": "\uc2a4\ub9c8\ud2b8\uacbd\uc81c", "title": "(BC\uce74\ub4dc-\ud55c\uacbd \ub808\uc774\ub514\uc2a4\ucef5) \ubc15\uacb0 '\uac70\uc6b8\uc744 \ubcf4\uba70 \ub4f1\uc7a5'", "headline": null, "date_str": null, "writer": null, "section": null, "original_article_link": null, "article_body": null}, {"market": "kospi", "sid": "000520", "codename": "\uc0bc\uc77c\uc81c\uc57d", "year": 2020, "month": 6, "article_url": "http://www.dailysmart.co.kr/news/articleView.html?idxno=28822", "news_company": "\uc2a4\ub9c8\ud2b8\uacbd\uc81c", "title": "(BC\uce74\ub4dc-\ud55c\uacbd \ub808\uc774\ub514\uc2a4\ucef5) \ubc15\uacb0 '\uc790, \uac00\uc790'", "headline": null, "date_str": null, "writer": null, "section": null, "original_article_link": null, "article_body": null}, {"market": "kospi", "sid": "000520", "codename": "\uc0bc\uc77c\uc81c\uc57d", "year": 2020, "month": 6, "article_url": "https://n.news.naver.com/sports/golf/article/015/0004367654", "news_company": "\ud55c\uad6d\uacbd\uc81c", "title": "[BC\uce74\ub4dc\u00b7\ud55c\uacbd \ub808\uc774\ub514\uc2a4\ucef5 2020] \ubc15\uacb0, '\ud0c4\ud0c4\ud55c \ubcf4\ub514'", "headline": "[BC\uce74\ub4dc\u00b7\ud55c\uacbd \ub808\uc774\ub514\uc2a4\ucef5 2020] \ubc15\uacb0, '\ud0c4\ud0c4\ud55c \ubcf4\ub514'", "date_str": "2020.06.25. \uc624\ud6c4 1:39", "writer": "\ucd5c\ud601 \uae30\uc790", "section": null, "original_article_link": null, "article_body": "\n\n\n\n\n'BC\uce74\ub4dc\u00b7\ud55c\uacbd \ub808\uc774\ub514\uc2a4\ucef5 2020'(\ucd1d\uc0c1\uae08 7\uc5b5 \uc6d0, \uc6b0\uc2b9\uc0c1\uae08 1\uc5b5 4000\ub9cc \uc6d0) 1\ub77c\uc6b4\ub4dc \uacbd\uae30\uac00 25\uc77c \uacbd\uae30\ub3c4 \ud3ec\ucc9c\uc2dc \ud3ec\ucc9c\ud790\uc2a4CC(\ud30c72\u00b76605\uc57c\ub4dc)\uc5d0\uc11c \uc5f4\ub838\ub2e4. \ubc15\uacb0(24, \uc0bc\uc77c\uc81c\uc57d)\uc774 10\ubc88 \ud640\uc5d0\uc11c \uc138\ucee8\uc0f7\uc744 \uc704\ud574 \uc774\ub3d9\ud558\uace0 \uc788\ub2e4.\ud3ec\ucc9c\ud790\uc2a4CC=\ucd5c\ud601 \ud55c\uacbd\ub2f7\ucef4 \uae30\uc790 chokob@hankyung.com\uae30\uc0ac\uc81c\ubcf4 \ubc0f \ubcf4\ub3c4\uc790\ub8cc newsinfo@hankyung.com\u25b6 \ub124\uc774\ubc84\uc5d0\uc11c \ud55c\uad6d\uacbd\uc81c \ub274\uc2a4\ub97c \ubc1b\uc544\ubcf4\uc138\uc694\u25b6 \ud55c\uacbd\ub2f7\ucef4 \ubc14\ub85c\uac00\uae30  \u25b6 \ubaa8\ubc14\uc77c\ud55c\uacbd \uad6c\ub3c5\uc2e0\uccad \u24d2 \ud55c\uad6d\uacbd\uc81c & hankyung.com, \ubb34\ub2e8\uc804\uc7ac \ubc0f \uc7ac\ubc30\ud3ec \uae08\uc9c0\n\t\t"}, {"market": "kospi", "sid": "000520", "codename": "\uc0bc\uc77c\uc81c\uc57d", "year": 2020, "month": 6, "article_url": "https://n.news.naver.com/sports/golf/article/015/0004367652", "news_company": "\ud55c\uad6d\uacbd\uc81c", "title": "[BC\uce74\ub4dc\u00b7\ud55c\uacbd \ub808\uc774\ub514\uc2a4\ucef5 2020] \ubc15\uacb0, '\uadf8\ub9b0\uc744 \ubc14\ub77c\ubcf4\uba70'", "headline": "[BC\uce74\ub4dc\u00b7\ud55c\uacbd \ub808\uc774\ub514\uc2a4\ucef5 2020] \ubc15\uacb0, '\uadf8\ub9b0\uc744 \ubc14\ub77c\ubcf4\uba70'", "date_str": "2020.06.25. \uc624\ud6c4 1:38", "writer": "\ucd5c\ud601 \uae30\uc790", "section": null, "original_article_link": null, "article_body": "\n\n\n\n\n'BC\uce74\ub4dc\u00b7\ud55c\uacbd \ub808\uc774\ub514\uc2a4\ucef5 2020'(\ucd1d\uc0c1\uae08 7\uc5b5 \uc6d0, \uc6b0\uc2b9\uc0c1\uae08 1\uc5b5 4000\ub9cc \uc6d0) 1\ub77c\uc6b4\ub4dc \uacbd\uae30\uac00 25\uc77c \uacbd\uae30\ub3c4 \ud3ec\ucc9c\uc2dc \ud3ec\ucc9c\ud790\uc2a4CC(\ud30c72\u00b76605\uc57c\ub4dc)\uc5d0\uc11c \uc5f4\ub838\ub2e4. \ubc15\uacb0(24, \uc0bc\uc77c\uc81c\uc57d)\uc774 10\ubc88 \ud640\uc5d0\uc11c \ubab8\uc744 \ud480\uace0 \uc788\ub2e4.\ud3ec\ucc9c\ud790\uc2a4CC=\ucd5c\ud601 \ud55c\uacbd\ub2f7\ucef4 \uae30\uc790 chokob@hankyung.com\uae30\uc0ac\uc81c\ubcf4 \ubc0f \ubcf4\ub3c4\uc790\ub8cc newsinfo@hankyung.com\u25b6 \ub124\uc774\ubc84\uc5d0\uc11c \ud55c\uad6d\uacbd\uc81c \ub274\uc2a4\ub97c \ubc1b\uc544\ubcf4\uc138\uc694\u25b6 \ud55c\uacbd\ub2f7\ucef4 \ubc14\ub85c\uac00\uae30  \u25b6 \ubaa8\ubc14\uc77c\ud55c\uacbd \uad6c\ub3c5\uc2e0\uccad \u24d2 \ud55c\uad6d\uacbd\uc81c & hankyung.com, \ubb34\ub2e8\uc804\uc7ac \ubc0f \uc7ac\ubc30\ud3ec \uae08\uc9c0\n\t\t"}, {"market": "kospi", "sid": "000520", "codename": "\uc0bc\uc77c\uc81c\uc57d", "year": 2020, "month": 6, "article_url": "https://n.news.naver.com/sports/golf/article/015/0004367651", "news_company": "\ud55c\uad6d\uacbd\uc81c", "title": "[BC\uce74\ub4dc\u00b7\ud55c\uacbd \ub808\uc774\ub514\uc2a4\ucef5 2020] \ubc15\uacb0, '\ub0a0\uc528\uac00 \ud750\ub824\ub3c4 \uc120\ud06c\ub9bc\uc740 \ud544\uc218~'", "headline": "[BC\uce74\ub4dc\u00b7\ud55c\uacbd \ub808\uc774\ub514\uc2a4\ucef5 2020] \ubc15\uacb0, '\ub0a0\uc528\uac00 \ud750\ub824\ub3c4 \uc120\ud06c\ub9bc\uc740 \ud544\uc218~'", "date_str": "2020.06.25. \uc624\ud6c4 1:38", "writer": "\ucd5c\ud601 \uae30\uc790", "section": null, "original_article_link": null, "article_body": "\n\n\n\n\n'BC\uce74\ub4dc\u00b7\ud55c\uacbd \ub808\uc774\ub514\uc2a4\ucef5 2020'(\ucd1d\uc0c1\uae08 7\uc5b5 \uc6d0, \uc6b0\uc2b9\uc0c1\uae08 1\uc5b5 4000\ub9cc \uc6d0) 1\ub77c\uc6b4\ub4dc \uacbd\uae30\uac00 25\uc77c \uacbd\uae30\ub3c4 \ud3ec\ucc9c\uc2dc \ud3ec\ucc9c\ud790\uc2a4CC(\ud30c72\u00b76605\uc57c\ub4dc)\uc5d0\uc11c \uc5f4\ub838\ub2e4. \ubc15\uacb0(24, \uc0bc\uc77c\uc81c\uc57d)\uc774 10\ubc88 \ud640\uc5d0\uc11c \uc120\ud06c\ub9bc\uc744 \ubfcc\ub9ac\uace0 \uc788\ub2e4.\ud3ec\ucc9c\ud790\uc2a4CC=\ucd5c\ud601 \ud55c\uacbd\ub2f7\ucef4 \uae30\uc790 chokob@hankyung.com\uae30\uc0ac\uc81c\ubcf4 \ubc0f \ubcf4\ub3c4\uc790\ub8cc newsinfo@hankyung.com\u25b6 \ub124\uc774\ubc84\uc5d0\uc11c \ud55c\uad6d\uacbd\uc81c \ub274\uc2a4\ub97c \ubc1b\uc544\ubcf4\uc138\uc694\u25b6 \ud55c\uacbd\ub2f7\ucef4 \ubc14\ub85c\uac00\uae30  \u25b6 \ubaa8\ubc14\uc77c\ud55c\uacbd \uad6c\ub3c5\uc2e0\uccad \u24d2 \ud55c\uad6d\uacbd\uc81c & hankyung.com, \ubb34\ub2e8\uc804\uc7ac \ubc0f \uc7ac\ubc30\ud3ec \uae08\uc9c0\n\t\t"}, {"market": "kospi", "sid": "000520", "codename": "\uc0bc\uc77c\uc81c\uc57d", "year": 2020, "month": 6, "article_url": "https://n.news.naver.com/sports/golf/article/015/0004367648", "news_company": "\ud55c\uad6d\uacbd\uc81c", "title": "[BC\uce74\ub4dc\u00b7\ud55c\uacbd \ub808\uc774\ub514\uc2a4\ucef5 2020] \ubc15\uacb0, '\uac70\uc6b8\uacf5\uc8fc~'", "headline": "[BC\uce74\ub4dc\u00b7\ud55c\uacbd \ub808\uc774\ub514\uc2a4\ucef5 2020] \ubc15\uacb0, '\uac70\uc6b8\uacf5\uc8fc~'", "date_str": "2020.06.25. \uc624\ud6c4 1:37", "writer": "\ucd5c\ud601 \uae30\uc790", "section": null, "original_article_link": null, "article_body": "\n\n\n\n\n'BC\uce74\ub4dc\u00b7\ud55c\uacbd \ub808\uc774\ub514\uc2a4\ucef5 2020'(\ucd1d\uc0c1\uae08 7\uc5b5 \uc6d0, \uc6b0\uc2b9\uc0c1\uae08 1\uc5b5 4000\ub9cc \uc6d0) 1\ub77c\uc6b4\ub4dc \uacbd\uae30\uac00 25\uc77c \uacbd\uae30\ub3c4 \ud3ec\ucc9c\uc2dc \ud3ec\ucc9c\ud790\uc2a4CC(\ud30c72\u00b76605\uc57c\ub4dc)\uc5d0\uc11c \uc5f4\ub838\ub2e4. \ubc15\uacb0(24, \uc0bc\uc77c\uc81c\uc57d)\uc774 10\ubc88 \ud640\uc5d0\uc11c \ud2f0\uc0f7\uc744 \ud558\uace0 \uc788\ub2e4.\ud3ec\ucc9c\ud790\uc2a4CC=\ucd5c\ud601 \ud55c\uacbd\ub2f7\ucef4 \uae30\uc790 chokob@hankyung.com\uae30\uc0ac\uc81c\ubcf4 \ubc0f \ubcf4\ub3c4\uc790\ub8cc newsinfo@hankyung.com\u25b6 \ub124\uc774\ubc84\uc5d0\uc11c \ud55c\uad6d\uacbd\uc81c \ub274\uc2a4\ub97c \ubc1b\uc544\ubcf4\uc138\uc694\u25b6 \ud55c\uacbd\ub2f7\ucef4 \ubc14\ub85c\uac00\uae30  \u25b6 \ubaa8\ubc14\uc77c\ud55c\uacbd \uad6c\ub3c5\uc2e0\uccad \u24d2 \ud55c\uad6d\uacbd\uc81c & hankyung.com, \ubb34\ub2e8\uc804\uc7ac \ubc0f \uc7ac\ubc30\ud3ec \uae08\uc9c0\n\t\t"}, {"market": "kospi", "sid": "000520", "codename": "\uc0bc\uc77c\uc81c\uc57d", "year": 2020, "month": 6, "article_url": "https://n.news.naver.com/sports/golf/article/015/0004367649", "news_company": "\ud55c\uad6d\uacbd\uc81c", "title": "[BC\uce74\ub4dc\u00b7\ud55c\uacbd \ub808\uc774\ub514\uc2a4\ucef5 2020] \ubc15\uacb0, '\uc544\ub984\ub2e4\uc6b4 \ubbf8\uc18c~'", "headline": "[BC\uce74\ub4dc\u00b7\ud55c\uacbd \ub808\uc774\ub514\uc2a4\ucef5 2020] \ubc15\uacb0, '\uc544\ub984\ub2e4\uc6b4 \ubbf8\uc18c~'", "date_str": "2020.06.25. \uc624\ud6c4 1:37", "writer": "\ucd5c\ud601 \uae30\uc790", "section": null, "original_article_link": null, "article_body": "\n\n\n\n\n'BC\uce74\ub4dc\u00b7\ud55c\uacbd \ub808\uc774\ub514\uc2a4\ucef5 2020'(\ucd1d\uc0c1\uae08 7\uc5b5 \uc6d0, \uc6b0\uc2b9\uc0c1\uae08 1\uc5b5 4000\ub9cc \uc6d0) 1\ub77c\uc6b4\ub4dc \uacbd\uae30\uac00 25\uc77c \uacbd\uae30\ub3c4 \ud3ec\ucc9c\uc2dc \ud3ec\ucc9c\ud790\uc2a4CC(\ud30c72\u00b76605\uc57c\ub4dc)\uc5d0\uc11c \uc5f4\ub838\ub2e4. \ubc15\uacb0(24, \uc0bc\uc77c\uc81c\uc57d)\uc774 10\ubc88 \ud640\ub85c \uc785\uc7a5\ud558\uace0 \uc788\ub2e4.\ud3ec\ucc9c\ud790\uc2a4CC=\ucd5c\ud601 \ud55c\uacbd\ub2f7\ucef4 \uae30\uc790 chokob@hankyung.com\uae30\uc0ac\uc81c\ubcf4 \ubc0f \ubcf4\ub3c4\uc790\ub8cc newsinfo@hankyung.com\u25b6 \ub124\uc774\ubc84\uc5d0\uc11c \ud55c\uad6d\uacbd\uc81c \ub274\uc2a4\ub97c \ubc1b\uc544\ubcf4\uc138\uc694\u25b6 \ud55c\uacbd\ub2f7\ucef4 \ubc14\ub85c\uac00\uae30  \u25b6 \ubaa8\ubc14\uc77c\ud55c\uacbd \uad6c\ub3c5\uc2e0\uccad \u24d2 \ud55c\uad6d\uacbd\uc81c & hankyung.com, \ubb34\ub2e8\uc804\uc7ac \ubc0f \uc7ac\ubc30\ud3ec \uae08\uc9c0\n\t\t"}, {"market": "kospi", "sid": "000520", "codename": "\uc0bc\uc77c\uc81c\uc57d", "year": 2020, "month": 6, "article_url": "https://n.news.naver.com/sports/golf/article/015/0004367646", "news_company": "\ud55c\uad6d\uacbd\uc81c", "title": "[BC\uce74\ub4dc\u00b7\ud55c\uacbd \ub808\uc774\ub514\uc2a4\ucef5 2020] \ubc15\uacb0, '\uc790\uccb4\ubc1c\uad11 \ube44\uc8fc\uc5bc~'", "headline": "[BC\uce74\ub4dc\u00b7\ud55c\uacbd \ub808\uc774\ub514\uc2a4\ucef5 2020] \ubc15\uacb0, '\uc790\uccb4\ubc1c\uad11 \ube44\uc8fc\uc5bc~'", "date_str": "2020.06.25. \uc624\ud6c4 1:36", "writer": "\ucd5c\ud601 \uae30\uc790", "section": null, "original_article_link": null, "article_body": "\n\n\n\n\n'BC\uce74\ub4dc\u00b7\ud55c\uacbd \ub808\uc774\ub514\uc2a4\ucef5 2020'(\ucd1d\uc0c1\uae08 7\uc5b5 \uc6d0, \uc6b0\uc2b9\uc0c1\uae08 1\uc5b5 4000\ub9cc \uc6d0) 1\ub77c\uc6b4\ub4dc \uacbd\uae30\uac00 25\uc77c \uacbd\uae30\ub3c4 \ud3ec\ucc9c\uc2dc \ud3ec\ucc9c\ud790\uc2a4CC(\ud30c72\u00b76605\uc57c\ub4dc)\uc5d0\uc11c \uc5f4\ub838\ub2e4. \ubc15\uacb0(24, \uc0bc\uc77c\uc81c\uc57d)\uc774 10\ubc88 \ud640\uc5d0\uc11c \ud2f0\uc0f7\uc744 \ud558\uace0 \uc788\ub2e4.\ud3ec\ucc9c\ud790\uc2a4CC=\ucd5c\ud601 \ud55c\uacbd\ub2f7\ucef4 \uae30\uc790 chokob@hankyung.com\uae30\uc0ac\uc81c\ubcf4 \ubc0f \ubcf4\ub3c4\uc790\ub8cc newsinfo@hankyung.com\u25b6 \ub124\uc774\ubc84\uc5d0\uc11c \ud55c\uad6d\uacbd\uc81c \ub274\uc2a4\ub97c \ubc1b\uc544\ubcf4\uc138\uc694\u25b6 \ud55c\uacbd\ub2f7\ucef4 \ubc14\ub85c\uac00\uae30  \u25b6 \ubaa8\ubc14\uc77c\ud55c\uacbd \uad6c\ub3c5\uc2e0\uccad \u24d2 \ud55c\uad6d\uacbd\uc81c & hankyung.com, \ubb34\ub2e8\uc804\uc7ac \ubc0f \uc7ac\ubc30\ud3ec \uae08\uc9c0\n\t\t"}, {"market": "kospi", "sid": "000520", "codename": "\uc0bc\uc77c\uc81c\uc57d", "year": 2020, "month": 6, "article_url": "https://n.news.naver.com/sports/golf/article/015/0004367645", "news_company": "\ud55c\uad6d\uacbd\uc81c", "title": "[BC\uce74\ub4dc\u00b7\ud55c\uacbd \ub808\uc774\ub514\uc2a4\ucef5 2020] \ubc15\uacb0, '\ub0b4 \ud53c\ubd80\ub294 \uc18c\uc911\ud558\ub2c8\uae4c'", "headline": "[BC\uce74\ub4dc\u00b7\ud55c\uacbd \ub808\uc774\ub514\uc2a4\ucef5 2020] \ubc15\uacb0, '\ub0b4 \ud53c\ubd80\ub294 \uc18c\uc911\ud558\ub2c8\uae4c'", "date_str": "2020.06.25. \uc624\ud6c4 1:36", "writer": "\ucd5c\ud601 \uae30\uc790", "section": null, "original_article_link": null, "article_body": "\n\n\n\n\n'BC\uce74\ub4dc\u00b7\ud55c\uacbd \ub808\uc774\ub514\uc2a4\ucef5 2020'(\ucd1d\uc0c1\uae08 7\uc5b5 \uc6d0, \uc6b0\uc2b9\uc0c1\uae08 1\uc5b5 4000\ub9cc \uc6d0) 1\ub77c\uc6b4\ub4dc \uacbd\uae30\uac00 25\uc77c \uacbd\uae30\ub3c4 \ud3ec\ucc9c\uc2dc \ud3ec\ucc9c\ud790\uc2a4CC(\ud30c72\u00b76605\uc57c\ub4dc)\uc5d0\uc11c \uc5f4\ub838\ub2e4. \ubc15\uacb0(24, \uc0bc\uc77c\uc81c\uc57d)\uc774 10\ubc88 \ud640\ub85c \ub4e4\uc5b4\uc11c\uace0 \uc788\ub2e4.\ud3ec\ucc9c\ud790\uc2a4CC=\ucd5c\ud601 \ud55c\uacbd\ub2f7\ucef4 \uae30\uc790 chokob@hankyung.com\uae30\uc0ac\uc81c\ubcf4 \ubc0f \ubcf4\ub3c4\uc790\ub8cc newsinfo@hankyung.com\u25b6 \ub124\uc774\ubc84\uc5d0\uc11c \ud55c\uad6d\uacbd\uc81c \ub274\uc2a4\ub97c \ubc1b\uc544\ubcf4\uc138\uc694\u25b6 \ud55c\uacbd\ub2f7\ucef4 \ubc14\ub85c\uac00\uae30  \u25b6 \ubaa8\ubc14\uc77c\ud55c\uacbd \uad6c\ub3c5\uc2e0\uccad \u24d2 \ud55c\uad6d\uacbd\uc81c & hankyung.com, \ubb34\ub2e8\uc804\uc7ac \ubc0f \uc7ac\ubc30\ud3ec \uae08\uc9c0\n\t\t"}, {"market": "kospi", "sid": "000520", "codename": "\uc0bc\uc77c\uc81c\uc57d", "year": 2020, "month": 6, "article_url": "https://n.news.naver.com/sports/golf/article/015/0004367647", "news_company": "\ud55c\uad6d\uacbd\uc81c", "title": "[BC\uce74\ub4dc\u00b7\ud55c\uacbd \ub808\uc774\ub514\uc2a4\ucef5 2020] \ubc15\uacb0, '\uadf8\ub9bc\uac19\uc740 \uc2a4\uc719'", "headline": "[BC\uce74\ub4dc\u00b7\ud55c\uacbd \ub808\uc774\ub514\uc2a4\ucef5 2020] \ubc15\uacb0, '\uadf8\ub9bc\uac19\uc740 \uc2a4\uc719'", "date_str": "2020.06.25. \uc624\ud6c4 1:36", "writer": "\ucd5c\ud601 \uae30\uc790", "section": null, "original_article_link": null, "article_body": "\n\n\n\n\n'BC\uce74\ub4dc\u00b7\ud55c\uacbd \ub808\uc774\ub514\uc2a4\ucef5 2020'(\ucd1d\uc0c1\uae08 7\uc5b5 \uc6d0, \uc6b0\uc2b9\uc0c1\uae08 1\uc5b5 4000\ub9cc \uc6d0) 1\ub77c\uc6b4\ub4dc \uacbd\uae30\uac00 25\uc77c \uacbd\uae30\ub3c4 \ud3ec\ucc9c\uc2dc \ud3ec\ucc9c\ud790\uc2a4CC(\ud30c72\u00b76605\uc57c\ub4dc)\uc5d0\uc11c \uc5f4\ub838\ub2e4. \ubc15\uacb0(24, \uc0bc\uc77c\uc81c\uc57d)\uc774 10\ubc88 \ud640\uc5d0\uc11c \ud2f0\uc0f7\uc744 \ud558\uace0 \uc788\ub2e4.\ud3ec\ucc9c\ud790\uc2a4CC=\ucd5c\ud601 \ud55c\uacbd\ub2f7\ucef4 \uae30\uc790 chokob@hankyung.com\uae30\uc0ac\uc81c\ubcf4 \ubc0f \ubcf4\ub3c4\uc790\ub8cc newsinfo@hankyung.com\u25b6 \ub124\uc774\ubc84\uc5d0\uc11c \ud55c\uad6d\uacbd\uc81c \ub274\uc2a4\ub97c \ubc1b\uc544\ubcf4\uc138\uc694\u25b6 \ud55c\uacbd\ub2f7\ucef4 \ubc14\ub85c\uac00\uae30  \u25b6 \ubaa8\ubc14\uc77c\ud55c\uacbd \uad6c\ub3c5\uc2e0\uccad \u24d2 \ud55c\uad6d\uacbd\uc81c & hankyung.com, \ubb34\ub2e8\uc804\uc7ac \ubc0f \uc7ac\ubc30\ud3ec \uae08\uc9c0\n\t\t"}, {"market": "kospi", "sid": "000520", "codename": "\uc0bc\uc77c\uc81c\uc57d", "year": 2020, "month": 6, "article_url": "https://n.news.naver.com/sports/golf/article/015/0004367644", "news_company": "\ud55c\uad6d\uacbd\uc81c", "title": "[BC\uce74\ub4dc\u00b7\ud55c\uacbd \ub808\uc774\ub514\uc2a4\ucef5 2020] \ubc15\uacb0, '\ub05d\uae4c\uc9c0 \ubc14\ub77c\ubcf8\ub2e4~'", "headline": "[BC\uce74\ub4dc\u00b7\ud55c\uacbd \ub808\uc774\ub514\uc2a4\ucef5 2020] \ubc15\uacb0, '\ub05d\uae4c\uc9c0 \ubc14\ub77c\ubcf8\ub2e4~'", "date_str": "2020.06.25. \uc624\ud6c4 1:34", "writer": "\ucd5c\ud601 \uae30\uc790", "section": null, "original_article_link": null, "article_body": "\n\n\n\n\n'BC\uce74\ub4dc\u00b7\ud55c\uacbd \ub808\uc774\ub514\uc2a4\ucef5 2020'(\ucd1d\uc0c1\uae08 7\uc5b5 \uc6d0, \uc6b0\uc2b9\uc0c1\uae08 1\uc5b5 4000\ub9cc \uc6d0) 1\ub77c\uc6b4\ub4dc \uacbd\uae30\uac00 25\uc77c \uacbd\uae30\ub3c4 \ud3ec\ucc9c\uc2dc \ud3ec\ucc9c\ud790\uc2a4CC(\ud30c72\u00b76605\uc57c\ub4dc)\uc5d0\uc11c \uc5f4\ub838\ub2e4. \ubc15\uacb0(24, \uc0bc\uc77c\uc81c\uc57d)\uc774 10\ubc88 \ud640\uc5d0\uc11c \ud2f0\uc0f7\uc744 \ud558\uace0 \uc788\ub2e4.\ud3ec\ucc9c\ud790\uc2a4CC=\ucd5c\ud601 \ud55c\uacbd\ub2f7\ucef4 \uae30\uc790 chokob@hankyung.com\uae30\uc0ac\uc81c\ubcf4 \ubc0f \ubcf4\ub3c4\uc790\ub8cc newsinfo@hankyung.com\u25b6 \ub124\uc774\ubc84\uc5d0\uc11c \ud55c\uad6d\uacbd\uc81c \ub274\uc2a4\ub97c \ubc1b\uc544\ubcf4\uc138\uc694\u25b6 \ud55c\uacbd\ub2f7\ucef4 \ubc14\ub85c\uac00\uae30  \u25b6 \ubaa8\ubc14\uc77c\ud55c\uacbd \uad6c\ub3c5\uc2e0\uccad \u24d2 \ud55c\uad6d\uacbd\uc81c & hankyung.com, \ubb34\ub2e8\uc804\uc7ac \ubc0f \uc7ac\ubc30\ud3ec \uae08\uc9c0\n\t\t"}, {"market": "kospi", "sid": "000520", "codename": "\uc0bc\uc77c\uc81c\uc57d", "year": 2020, "month": 6, "article_url": "https://n.news.naver.com/sports/golf/article/015/0004367649", "news_company": "\ud55c\uad6d\uacbd\uc81c", "title": "[BC\uce74\ub4dc\u00b7\ud55c\uacbd \ub808\uc774\ub514\uc2a4\ucef5 2020] \ubc15\uacb0, '\uc544\ub984\ub2e4\uc6b4 \ubbf8\uc18c~'", "headline": "[BC\uce74\ub4dc\u00b7\ud55c\uacbd \ub808\uc774\ub514\uc2a4\ucef5 2020] \ubc15\uacb0, '\uc544\ub984\ub2e4\uc6b4 \ubbf8\uc18c~'", "date_str": "2020.06.25. \uc624\ud6c4 1:37", "writer": "\ucd5c\ud601 \uae30\uc790", "section": null, "original_article_link": null, "article_body": "\n\n\n\n\n'BC\uce74\ub4dc\u00b7\ud55c\uacbd \ub808\uc774\ub514\uc2a4\ucef5 2020'(\ucd1d\uc0c1\uae08 7\uc5b5 \uc6d0, \uc6b0\uc2b9\uc0c1\uae08 1\uc5b5 4000\ub9cc \uc6d0) 1\ub77c\uc6b4\ub4dc \uacbd\uae30\uac00 25\uc77c \uacbd\uae30\ub3c4 \ud3ec\ucc9c\uc2dc \ud3ec\ucc9c\ud790\uc2a4CC(\ud30c72\u00b76605\uc57c\ub4dc)\uc5d0\uc11c \uc5f4\ub838\ub2e4. \ubc15\uacb0(24, \uc0bc\uc77c\uc81c\uc57d)\uc774 10\ubc88 \ud640\ub85c \uc785\uc7a5\ud558\uace0 \uc788\ub2e4.\ud3ec\ucc9c\ud790\uc2a4CC=\ucd5c\ud601 \ud55c\uacbd\ub2f7\ucef4 \uae30\uc790 chokob@hankyung.com\uae30\uc0ac\uc81c\ubcf4 \ubc0f \ubcf4\ub3c4\uc790\ub8cc newsinfo@hankyung.com\u25b6 \ub124\uc774\ubc84\uc5d0\uc11c \ud55c\uad6d\uacbd\uc81c \ub274\uc2a4\ub97c \ubc1b\uc544\ubcf4\uc138\uc694\u25b6 \ud55c\uacbd\ub2f7\ucef4 \ubc14\ub85c\uac00\uae30  \u25b6 \ubaa8\ubc14\uc77c\ud55c\uacbd \uad6c\ub3c5\uc2e0\uccad \u24d2 \ud55c\uad6d\uacbd\uc81c & hankyung.com, \ubb34\ub2e8\uc804\uc7ac \ubc0f \uc7ac\ubc30\ud3ec \uae08\uc9c0\n\t\t"}, {"market": "kospi", "sid": "000520", "codename": "\uc0bc\uc77c\uc81c\uc57d", "year": 2020, "month": 6, "article_url": "https://n.news.naver.com/sports/golf/article/015/0004367646", "news_company": "\ud55c\uad6d\uacbd\uc81c", "title": "[BC\uce74\ub4dc\u00b7\ud55c\uacbd \ub808\uc774\ub514\uc2a4\ucef5 2020] \ubc15\uacb0, '\uc790\uccb4\ubc1c\uad11 \ube44\uc8fc\uc5bc~'", "headline": "[BC\uce74\ub4dc\u00b7\ud55c\uacbd \ub808\uc774\ub514\uc2a4\ucef5 2020] \ubc15\uacb0, '\uc790\uccb4\ubc1c\uad11 \ube44\uc8fc\uc5bc~'", "date_str": "2020.06.25. \uc624\ud6c4 1:36", "writer": "\ucd5c\ud601 \uae30\uc790", "section": null, "original_article_link": null, "article_body": "\n\n\n\n\n'BC\uce74\ub4dc\u00b7\ud55c\uacbd \ub808\uc774\ub514\uc2a4\ucef5 2020'(\ucd1d\uc0c1\uae08 7\uc5b5 \uc6d0, \uc6b0\uc2b9\uc0c1\uae08 1\uc5b5 4000\ub9cc \uc6d0) 1\ub77c\uc6b4\ub4dc \uacbd\uae30\uac00 25\uc77c \uacbd\uae30\ub3c4 \ud3ec\ucc9c\uc2dc \ud3ec\ucc9c\ud790\uc2a4CC(\ud30c72\u00b76605\uc57c\ub4dc)\uc5d0\uc11c \uc5f4\ub838\ub2e4. \ubc15\uacb0(24, \uc0bc\uc77c\uc81c\uc57d)\uc774 10\ubc88 \ud640\uc5d0\uc11c \ud2f0\uc0f7\uc744 \ud558\uace0 \uc788\ub2e4.\ud3ec\ucc9c\ud790\uc2a4CC=\ucd5c\ud601 \ud55c\uacbd\ub2f7\ucef4 \uae30\uc790 chokob@hankyung.com\uae30\uc0ac\uc81c\ubcf4 \ubc0f \ubcf4\ub3c4\uc790\ub8cc newsinfo@hankyung.com\u25b6 \ub124\uc774\ubc84\uc5d0\uc11c \ud55c\uad6d\uacbd\uc81c \ub274\uc2a4\ub97c \ubc1b\uc544\ubcf4\uc138\uc694\u25b6 \ud55c\uacbd\ub2f7\ucef4 \ubc14\ub85c\uac00\uae30  \u25b6 \ubaa8\ubc14\uc77c\ud55c\uacbd \uad6c\ub3c5\uc2e0\uccad \u24d2 \ud55c\uad6d\uacbd\uc81c & hankyung.com, \ubb34\ub2e8\uc804\uc7ac \ubc0f \uc7ac\ubc30\ud3ec \uae08\uc9c0\n\t\t"}, {"market": "kospi", "sid": "000520", "codename": "\uc0bc\uc77c\uc81c\uc57d", "year": 2020, "month": 6, "article_url": "https://n.news.naver.com/sports/golf/article/015/0004367645", "news_company": "\ud55c\uad6d\uacbd\uc81c", "title": "[BC\uce74\ub4dc\u00b7\ud55c\uacbd \ub808\uc774\ub514\uc2a4\ucef5 2020] \ubc15\uacb0, '\ub0b4 \ud53c\ubd80\ub294 \uc18c\uc911\ud558\ub2c8\uae4c'", "headline": "[BC\uce74\ub4dc\u00b7\ud55c\uacbd \ub808\uc774\ub514\uc2a4\ucef5 2020] \ubc15\uacb0, '\ub0b4 \ud53c\ubd80\ub294 \uc18c\uc911\ud558\ub2c8\uae4c'", "date_str": "2020.06.25. \uc624\ud6c4 1:36", "writer": "\ucd5c\ud601 \uae30\uc790", "section": null, "original_article_link": null, "article_body": "\n\n\n\n\n'BC\uce74\ub4dc\u00b7\ud55c\uacbd \ub808\uc774\ub514\uc2a4\ucef5 2020'(\ucd1d\uc0c1\uae08 7\uc5b5 \uc6d0, \uc6b0\uc2b9\uc0c1\uae08 1\uc5b5 4000\ub9cc \uc6d0) 1\ub77c\uc6b4\ub4dc \uacbd\uae30\uac00 25\uc77c \uacbd\uae30\ub3c4 \ud3ec\ucc9c\uc2dc \ud3ec\ucc9c\ud790\uc2a4CC(\ud30c72\u00b76605\uc57c\ub4dc)\uc5d0\uc11c \uc5f4\ub838\ub2e4. \ubc15\uacb0(24, \uc0bc\uc77c\uc81c\uc57d)\uc774 10\ubc88 \ud640\ub85c \ub4e4\uc5b4\uc11c\uace0 \uc788\ub2e4.\ud3ec\ucc9c\ud790\uc2a4CC=\ucd5c\ud601 \ud55c\uacbd\ub2f7\ucef4 \uae30\uc790 chokob@hankyung.com\uae30\uc0ac\uc81c\ubcf4 \ubc0f \ubcf4\ub3c4\uc790\ub8cc newsinfo@hankyung.com\u25b6 \ub124\uc774\ubc84\uc5d0\uc11c \ud55c\uad6d\uacbd\uc81c \ub274\uc2a4\ub97c \ubc1b\uc544\ubcf4\uc138\uc694\u25b6 \ud55c\uacbd\ub2f7\ucef4 \ubc14\ub85c\uac00\uae30  \u25b6 \ubaa8\ubc14\uc77c\ud55c\uacbd \uad6c\ub3c5\uc2e0\uccad \u24d2 \ud55c\uad6d\uacbd\uc81c & hankyung.com, \ubb34\ub2e8\uc804\uc7ac \ubc0f \uc7ac\ubc30\ud3ec \uae08\uc9c0\n\t\t"}, {"market": "kospi", "sid": "000520", "codename": "\uc0bc\uc77c\uc81c\uc57d", "year": 2020, "month": 6, "article_url": "https://n.news.naver.com/sports/golf/article/015/0004367647", "news_company": "\ud55c\uad6d\uacbd\uc81c", "title": "[BC\uce74\ub4dc\u00b7\ud55c\uacbd \ub808\uc774\ub514\uc2a4\ucef5 2020] \ubc15\uacb0, '\uadf8\ub9bc\uac19\uc740 \uc2a4\uc719'", "headline": "[BC\uce74\ub4dc\u00b7\ud55c\uacbd \ub808\uc774\ub514\uc2a4\ucef5 2020] \ubc15\uacb0, '\uadf8\ub9bc\uac19\uc740 \uc2a4\uc719'", "date_str": "2020.06.25. \uc624\ud6c4 1:36", "writer": "\ucd5c\ud601 \uae30\uc790", "section": null, "original_article_link": null, "article_body": "\n\n\n\n\n'BC\uce74\ub4dc\u00b7\ud55c\uacbd \ub808\uc774\ub514\uc2a4\ucef5 2020'(\ucd1d\uc0c1\uae08 7\uc5b5 \uc6d0, \uc6b0\uc2b9\uc0c1\uae08 1\uc5b5 4000\ub9cc \uc6d0) 1\ub77c\uc6b4\ub4dc \uacbd\uae30\uac00 25\uc77c \uacbd\uae30\ub3c4 \ud3ec\ucc9c\uc2dc \ud3ec\ucc9c\ud790\uc2a4CC(\ud30c72\u00b76605\uc57c\ub4dc)\uc5d0\uc11c \uc5f4\ub838\ub2e4. \ubc15\uacb0(24, \uc0bc\uc77c\uc81c\uc57d)\uc774 10\ubc88 \ud640\uc5d0\uc11c \ud2f0\uc0f7\uc744 \ud558\uace0 \uc788\ub2e4.\ud3ec\ucc9c\ud790\uc2a4CC=\ucd5c\ud601 \ud55c\uacbd\ub2f7\ucef4 \uae30\uc790 chokob@hankyung.com\uae30\uc0ac\uc81c\ubcf4 \ubc0f \ubcf4\ub3c4\uc790\ub8cc newsinfo@hankyung.com\u25b6 \ub124\uc774\ubc84\uc5d0\uc11c \ud55c\uad6d\uacbd\uc81c \ub274\uc2a4\ub97c \ubc1b\uc544\ubcf4\uc138\uc694\u25b6 \ud55c\uacbd\ub2f7\ucef4 \ubc14\ub85c\uac00\uae30  \u25b6 \ubaa8\ubc14\uc77c\ud55c\uacbd \uad6c\ub3c5\uc2e0\uccad \u24d2 \ud55c\uad6d\uacbd\uc81c & hankyung.com, \ubb34\ub2e8\uc804\uc7ac \ubc0f \uc7ac\ubc30\ud3ec \uae08\uc9c0\n\t\t"}, {"market": "kospi", "sid": "000520", "codename": "\uc0bc\uc77c\uc81c\uc57d", "year": 2020, "month": 6, "article_url": "https://n.news.naver.com/sports/golf/article/015/0004367644", "news_company": "\ud55c\uad6d\uacbd\uc81c", "title": "[BC\uce74\ub4dc\u00b7\ud55c\uacbd \ub808\uc774\ub514\uc2a4\ucef5 2020] \ubc15\uacb0, '\ub05d\uae4c\uc9c0 \ubc14\ub77c\ubcf8\ub2e4~'", "headline": "[BC\uce74\ub4dc\u00b7\ud55c\uacbd \ub808\uc774\ub514\uc2a4\ucef5 2020] \ubc15\uacb0, '\ub05d\uae4c\uc9c0 \ubc14\ub77c\ubcf8\ub2e4~'", "date_str": "2020.06.25. \uc624\ud6c4 1:34", "writer": "\ucd5c\ud601 \uae30\uc790", "section": null, "original_article_link": null, "article_body": "\n\n\n\n\n'BC\uce74\ub4dc\u00b7\ud55c\uacbd \ub808\uc774\ub514\uc2a4\ucef5 2020'(\ucd1d\uc0c1\uae08 7\uc5b5 \uc6d0, \uc6b0\uc2b9\uc0c1\uae08 1\uc5b5 4000\ub9cc \uc6d0) 1\ub77c\uc6b4\ub4dc \uacbd\uae30\uac00 25\uc77c \uacbd\uae30\ub3c4 \ud3ec\ucc9c\uc2dc \ud3ec\ucc9c\ud790\uc2a4CC(\ud30c72\u00b76605\uc57c\ub4dc)\uc5d0\uc11c \uc5f4\ub838\ub2e4. \ubc15\uacb0(24, \uc0bc\uc77c\uc81c\uc57d)\uc774 10\ubc88 \ud640\uc5d0\uc11c \ud2f0\uc0f7\uc744 \ud558\uace0 \uc788\ub2e4.\ud3ec\ucc9c\ud790\uc2a4CC=\ucd5c\ud601 \ud55c\uacbd\ub2f7\ucef4 \uae30\uc790 chokob@hankyung.com\uae30\uc0ac\uc81c\ubcf4 \ubc0f \ubcf4\ub3c4\uc790\ub8cc newsinfo@hankyung.com\u25b6 \ub124\uc774\ubc84\uc5d0\uc11c \ud55c\uad6d\uacbd\uc81c \ub274\uc2a4\ub97c \ubc1b\uc544\ubcf4\uc138\uc694\u25b6 \ud55c\uacbd\ub2f7\ucef4 \ubc14\ub85c\uac00\uae30  \u25b6 \ubaa8\ubc14\uc77c\ud55c\uacbd \uad6c\ub3c5\uc2e0\uccad \u24d2 \ud55c\uad6d\uacbd\uc81c & hankyung.com, \ubb34\ub2e8\uc804\uc7ac \ubc0f \uc7ac\ubc30\ud3ec \uae08\uc9c0\n\t\t"}, {"market": "kospi", "sid": "000520", "codename": "\uc0bc\uc77c\uc81c\uc57d", "year": 2020, "month": 6, "article_url": "https://n.news.naver.com/sports/golf/article/311/0001166712", "news_company": "\uc5d1\uc2a4\ud3ec\uce20\ub274\uc2a4", "title": "\ubc15\uacb0 '\ubbf8\uc18c \uc0b4\uc9dd\ucff5'[\ud3ec\ud1a0]", "headline": "\ubc15\uacb0 '\ubbf8\uc18c \uc0b4\uc9dd\ucff5'[\ud3ec\ud1a0]", "date_str": "2020.06.25. \uc624\ud6c4 12:58", "writer": "\uae40\ud55c\uc900 \uae30\uc790", "section": null, "original_article_link": null, "article_body": "\n\n\n\n\n[\uc5d1\uc2a4\ud3ec\uce20\ub274\uc2a4 \ud3ec\ucc9c, \uae40\ud55c\uc900 \uae30\uc790] 25\uc77c \uacbd\uae30 \ud3ec\ucc9c\ud790\uc2a4CC(\ud30c72 / 6,605\uc57c\ub4dc)\uc5d0\uc11c \uc5f4\ub9b0 'BC\uce74\ub4dc-\ud55c\uacbd \ub808\uc774\ub514\uc2a4\ucef5 2020(\ucd1d\uc0c1\uae08 7\uc5b5\uc6d0, \uc6b0\uc2b9\uc0c1\uae08 1\uc5b5 4\ucc9c\ub9cc\uc6d0)' 1\ub77c\uc6b4\ub4dc \uacbd\uae30, \ubc15\uacb0(24, \uc0bc\uc77c\uc81c\uc57d)\uc774 10\ubc88\ud640 \uc138\ucee8\uc0f7\uc744 \uc704\ud574 \uc774\ub3d9\ud558\uace0 \uc788\ub2e4.kowel@xportsnews.com\u25b6 \uc694\uc998 \ud56b\ud55c \uc544\uc774\ub3cc \uacf5\ud56d \uc9c1\ucea0 \ubcf4\ub7ec\uac00\uae30 \u25b6 \uace0\ud654\uc9c8 \uc601\uc0c1\uc73c\ub85c \ub9cc\ub098\ub294 \ub098\uc758 \uc2a4\ud0c0 - \u24d2\uc5d1\uc2a4\ud3ec\uce20\ub274\uc2a4, \ubb34\ub2e8 \uc804\uc7ac \ubc0f \uc7ac\ubc30\ud3ec \uae08\uc9c0\n"}, {"market": "kospi", "sid": "000520", "codename": "\uc0bc\uc77c\uc81c\uc57d", "year": 2020, "month": 6, "article_url": "https://n.news.naver.com/sports/golf/article/311/0001166711", "news_company": "\uc5d1\uc2a4\ud3ec\uce20\ub274\uc2a4", "title": "\ubc15\uacb0 '\uc2dc\uc120 \uace0\uc815'[\ud3ec\ud1a0]", "headline": "\ubc15\uacb0 '\uc2dc\uc120 \uace0\uc815'[\ud3ec\ud1a0]", "date_str": "2020.06.25. \uc624\ud6c4 12:57", "writer": "\uae40\ud55c\uc900 \uae30\uc790", "section": null, "original_article_link": null, "article_body": "\n\n\n\n\n[\uc5d1\uc2a4\ud3ec\uce20\ub274\uc2a4 \ud3ec\ucc9c, \uae40\ud55c\uc900 \uae30\uc790] 25\uc77c \uacbd\uae30 \ud3ec\ucc9c\ud790\uc2a4CC(\ud30c72 / 6,605\uc57c\ub4dc)\uc5d0\uc11c \uc5f4\ub9b0 'BC\uce74\ub4dc-\ud55c\uacbd \ub808\uc774\ub514\uc2a4\ucef5 2020(\ucd1d\uc0c1\uae08 7\uc5b5\uc6d0, \uc6b0\uc2b9\uc0c1\uae08 1\uc5b5 4\ucc9c\ub9cc\uc6d0)' 1\ub77c\uc6b4\ub4dc \uacbd\uae30, \ubc15\uacb0(24, \uc0bc\uc77c\uc81c\uc57d)\uc774 10\ubc88\ud640 \ud2f0\uc0f7\uc744 \ub0a0\ub9ac\uace0 \uc788\ub2e4.kowel@xportsnews.com\u25b6 \uc694\uc998 \ud56b\ud55c \uc544\uc774\ub3cc \uacf5\ud56d \uc9c1\ucea0 \ubcf4\ub7ec\uac00\uae30 \u25b6 \uace0\ud654\uc9c8 \uc601\uc0c1\uc73c\ub85c \ub9cc\ub098\ub294 \ub098\uc758 \uc2a4\ud0c0 - \u24d2\uc5d1\uc2a4\ud3ec\uce20\ub274\uc2a4, \ubb34\ub2e8 \uc804\uc7ac \ubc0f \uc7ac\ubc30\ud3ec \uae08\uc9c0\n"}, {"market": "kospi", "sid": "000520", "codename": "\uc0bc\uc77c\uc81c\uc57d", "year": 2020, "month": 6, "article_url": "https://n.news.naver.com/sports/golf/article/311/0001166710", "news_company": "\uc5d1\uc2a4\ud3ec\uce20\ub274\uc2a4", "title": "\ubc15\uacb0 '\uc81c\ub300\ub85c \uac14\ub098?'[\ud3ec\ud1a0]", "headline": "\ubc15\uacb0 '\uc81c\ub300\ub85c \uac14\ub098?'[\ud3ec\ud1a0]", "date_str": "2020.06.25. \uc624\ud6c4 12:55", "writer": "\uae40\ud55c\uc900 \uae30\uc790", "section": null, "original_article_link": null, "article_body": "\n\n\n\n\n[\uc5d1\uc2a4\ud3ec\uce20\ub274\uc2a4 \ud3ec\ucc9c, \uae40\ud55c\uc900 \uae30\uc790] 25\uc77c \uacbd\uae30 \ud3ec\ucc9c\ud790\uc2a4CC(\ud30c72 / 6,605\uc57c\ub4dc)\uc5d0\uc11c \uc5f4\ub9b0 'BC\uce74\ub4dc-\ud55c\uacbd \ub808\uc774\ub514\uc2a4\ucef5 2020(\ucd1d\uc0c1\uae08 7\uc5b5\uc6d0, \uc6b0\uc2b9\uc0c1\uae08 1\uc5b5 4\ucc9c\ub9cc\uc6d0)' 1\ub77c\uc6b4\ub4dc \uacbd\uae30, \ubc15\uacb0(24, \uc0bc\uc77c\uc81c\uc57d)\uc774 10\ubc88\ud640 \ud2f0\uc0f7\uc744 \ub0a0\ub9ac\uace0 \uc788\ub2e4.kowel@xportsnews.com\u25b6 \uc694\uc998 \ud56b\ud55c \uc544\uc774\ub3cc \uacf5\ud56d \uc9c1\ucea0 \ubcf4\ub7ec\uac00\uae30 \u25b6 \uace0\ud654\uc9c8 \uc601\uc0c1\uc73c\ub85c \ub9cc\ub098\ub294 \ub098\uc758 \uc2a4\ud0c0 - \u24d2\uc5d1\uc2a4\ud3ec\uce20\ub274\uc2a4, \ubb34\ub2e8 \uc804\uc7ac \ubc0f \uc7ac\ubc30\ud3ec \uae08\uc9c0\n"}, {"market": "kospi", "sid": "000520", "codename": "\uc0bc\uc77c\uc81c\uc57d", "year": 2020, "month": 6, "article_url": "http://www.dailysmart.co.kr/news/articleView.html?idxno=28811", "news_company": "\uc2a4\ub9c8\ud2b8\uacbd\uc81c", "title": "(BC\uce74\ub4dc-\ud55c\uacbd \ub808\uc774\ub514\uc2a4\ucef5) \ubc15\uacb0 '\uc120\ube14\ub85d\uc740 \uaf3c\uaf3c\ud558\uac8c'", "headline": null, "date_str": null, "writer": null, "section": null, "original_article_link": null, "article_body": null}, {"market": "kospi", "sid": "000520", "codename": "\uc0bc\uc77c\uc81c\uc57d", "year": 2020, "month": 6, "article_url": "http://www.dailysmart.co.kr/news/articleView.html?idxno=28814", "news_company": "\uc2a4\ub9c8\ud2b8\uacbd\uc81c", "title": "(BC\uce74\ub4dc-\ud55c\uacbd \ub808\uc774\ub514\uc2a4\ucef5) \ubc15\uacb0 '\ud2f0\uc0f7 \uacf5\uc744 \ubc14\ub77c\ubcf4\uba70'", "headline": null, "date_str": null, "writer": null, "section": null, "original_article_link": null, "article_body": null}, {"market": "kospi", "sid": "000520", "codename": "\uc0bc\uc77c\uc81c\uc57d", "year": 2020, "month": 6, "article_url": "http://www.dailysmart.co.kr/news/articleView.html?idxno=28813", "news_company": "\uc2a4\ub9c8\ud2b8\uacbd\uc81c", "title": "(BC\uce74\ub4dc-\ud55c\uacbd \ub808\uc774\ub514\uc2a4\ucef5) \ubc15\uacb0 '\uac15\ud558\uac8c'", "headline": null, "date_str": null, "writer": null, "section": null, "original_article_link": null, "article_body": null}, {"market": "kospi", "sid": "000520", "codename": "\uc0bc\uc77c\uc81c\uc57d", "year": 2020, "month": 6, "article_url": "http://www.dailysmart.co.kr/news/articleView.html?idxno=28812", "news_company": "\uc2a4\ub9c8\ud2b8\uacbd\uc81c", "title": "(BC\uce74\ub4dc-\ud55c\uacbd \ub808\uc774\ub514\uc2a4\ucef5) \ubc15\uacb0 '\uc9c4\uc9c0\ud558\uac8c \uc2a4\uc719 \uc5f0\uc2b5'", "headline": null, "date_str": null, "writer": null, "section": null, "original_article_link": null, "article_body": null}, {"market": "kospi", "sid": "000520", "codename": "\uc0bc\uc77c\uc81c\uc57d", "year": 2020, "month": 6, "article_url": "https://n.news.naver.com/sports/golf/article/311/0001166708", "news_company": "\uc5d1\uc2a4\ud3ec\uce20\ub274\uc2a4", "title": "\ubc15\uacb0 '\ud544\ub4dc \uc778\ud615\uc758 \uc544\ub984\ub2e4\uc6c0'[\ud3ec\ud1a0]", "headline": "\ubc15\uacb0 '\ud544\ub4dc \uc778\ud615\uc758 \uc544\ub984\ub2e4\uc6c0'[\ud3ec\ud1a0]", "date_str": "2020.06.25. \uc624\ud6c4 12:45", "writer": "\uae40\ud55c\uc900 \uae30\uc790", "section": null, "original_article_link": null, "article_body": "\n\n\n\n\n[\uc5d1\uc2a4\ud3ec\uce20\ub274\uc2a4 \ud3ec\ucc9c, \uae40\ud55c\uc900 \uae30\uc790] 25\uc77c \uacbd\uae30 \ud3ec\ucc9c\ud790\uc2a4CC(\ud30c72 / 6,605\uc57c\ub4dc)\uc5d0\uc11c \uc5f4\ub9b0 'BC\uce74\ub4dc-\ud55c\uacbd \ub808\uc774\ub514\uc2a4\ucef5 2020(\ucd1d\uc0c1\uae08 7\uc5b5\uc6d0, \uc6b0\uc2b9\uc0c1\uae08 1\uc5b5 4\ucc9c\ub9cc\uc6d0)' 1\ub77c\uc6b4\ub4dc \uacbd\uae30, \ubc15\uacb0(24, \uc0bc\uc77c\uc81c\uc57d)\uac00 10\ubc88\ud640 \uc138\ucee8\uc0f7\uc744 \uc704\ud574 \uc774\ub3d9\ud558\uace0 \uc788\ub2e4.kowel@xportsnews.com\u00a0\u25b6 \uc694\uc998 \ud56b\ud55c \uc544\uc774\ub3cc \uacf5\ud56d \uc9c1\ucea0 \ubcf4\ub7ec\uac00\uae30 \u25b6 \uace0\ud654\uc9c8 \uc601\uc0c1\uc73c\ub85c \ub9cc\ub098\ub294 \ub098\uc758 \uc2a4\ud0c0 - \u24d2\uc5d1\uc2a4\ud3ec\uce20\ub274\uc2a4, \ubb34\ub2e8 \uc804\uc7ac \ubc0f \uc7ac\ubc30\ud3ec \uae08\uc9c0\n"}, {"market": "kospi", "sid": "000520", "codename": "\uc0bc\uc77c\uc81c\uc57d", "year": 2020, "month": 6, "article_url": "http://www.dailysmart.co.kr/news/articleView.html?idxno=28812", "news_company": "\uc2a4\ub9c8\ud2b8\uacbd\uc81c", "title": "(BC\uce74\ub4dc-\ud55c\uacbd \ub808\uc774\ub514\uc2a4\ucef5) \ubc15\uacb0 '\uc9c4\uc9c0\ud558\uac8c \uc2a4\uc719 \uc5f0\uc2b5'", "headline": null, "date_str": null, "writer": null, "section": null, "original_article_link": null, "article_body": null}, {"market": "kospi", "sid": "000520", "codename": "\uc0bc\uc77c\uc81c\uc57d", "year": 2020, "month": 6, "article_url": "http://www.dailysmart.co.kr/news/articleView.html?idxno=28811", "news_company": "\uc2a4\ub9c8\ud2b8\uacbd\uc81c", "title": "(BC\uce74\ub4dc-\ud55c\uacbd \ub808\uc774\ub514\uc2a4\ucef5) \ubc15\uacb0 '\uc120\ube14\ub85d\uc740 \uaf3c\uaf3c\ud558\uac8c'", "headline": null, "date_str": null, "writer": null, "section": null, "original_article_link": null, "article_body": null}, {"market": "kospi", "sid": "000520", "codename": "\uc0bc\uc77c\uc81c\uc57d", "year": 2020, "month": 6, "article_url": "https://n.news.naver.com/sports/golf/article/311/0001166708", "news_company": "\uc5d1\uc2a4\ud3ec\uce20\ub274\uc2a4", "title": "\ubc15\uacb0 '\ud544\ub4dc \uc778\ud615\uc758 \uc544\ub984\ub2e4\uc6c0'[\ud3ec\ud1a0]", "headline": "\ubc15\uacb0 '\ud544\ub4dc \uc778\ud615\uc758 \uc544\ub984\ub2e4\uc6c0'[\ud3ec\ud1a0]", "date_str": "2020.06.25. \uc624\ud6c4 12:45", "writer": "\uae40\ud55c\uc900 \uae30\uc790", "section": null, "original_article_link": null, "article_body": "\n\n\n\n\n[\uc5d1\uc2a4\ud3ec\uce20\ub274\uc2a4 \ud3ec\ucc9c, \uae40\ud55c\uc900 \uae30\uc790] 25\uc77c \uacbd\uae30 \ud3ec\ucc9c\ud790\uc2a4CC(\ud30c72 / 6,605\uc57c\ub4dc)\uc5d0\uc11c \uc5f4\ub9b0 'BC\uce74\ub4dc-\ud55c\uacbd \ub808\uc774\ub514\uc2a4\ucef5 2020(\ucd1d\uc0c1\uae08 7\uc5b5\uc6d0, \uc6b0\uc2b9\uc0c1\uae08 1\uc5b5 4\ucc9c\ub9cc\uc6d0)' 1\ub77c\uc6b4\ub4dc \uacbd\uae30, \ubc15\uacb0(24, \uc0bc\uc77c\uc81c\uc57d)\uac00 10\ubc88\ud640 \uc138\ucee8\uc0f7\uc744 \uc704\ud574 \uc774\ub3d9\ud558\uace0 \uc788\ub2e4.kowel@xportsnews.com\u00a0\u25b6 \uc694\uc998 \ud56b\ud55c \uc544\uc774\ub3cc \uacf5\ud56d \uc9c1\ucea0 \ubcf4\ub7ec\uac00\uae30 \u25b6 \uace0\ud654\uc9c8 \uc601\uc0c1\uc73c\ub85c \ub9cc\ub098\ub294 \ub098\uc758 \uc2a4\ud0c0 - \u24d2\uc5d1\uc2a4\ud3ec\uce20\ub274\uc2a4, \ubb34\ub2e8 \uc804\uc7ac \ubc0f \uc7ac\ubc30\ud3ec \uae08\uc9c0\n"}]}