{"data": [{"market": "kospi", "sid": "000850", "codename": "\ud654\ucc9c\uae30\uacf5", "year": 2018, "month": 8, "article_url": "http://m.kukinews.com/m/m_article.html?no=580443", "news_company": "\ucfe0\ud0a4\ub274\uc2a4", "title": "[\ubd80\uace0]\ud55c\uad6d\ud22c\uc790\uae08\uc735 \uc774\uac15\ud589 \ubd80\uc0ac\uc7a5 \ubaa8\uce5c\uc0c1", "headline": null, "date_str": null, "writer": null, "section": null, "original_article_link": null, "article_body": null}, {"market": "kospi", "sid": "000850", "codename": "\ud654\ucc9c\uae30\uacf5", "year": 2018, "month": 8, "article_url": "http://www.ftoday.co.kr/news/articleView.html?idxno=102371", "news_company": "\ud30c\uc774\ub0b8\uc15c\ud22c\ub370\uc774", "title": "[\ubd80\uace0] \uc774\uac15\ud589 \ud55c\uad6d\ud22c\uc790\uae08\uc735\uc9c0\uc8fc \ubd80\uc0ac\uc7a5 \ubaa8\uce5c\uc0c1", "headline": null, "date_str": null, "writer": null, "section": null, "original_article_link": null, "article_body": null}, {"market": "kospi", "sid": "000850", "codename": "\ud654\ucc9c\uae30\uacf5", "year": 2018, "month": 8, "article_url": "http://www.seoulfn.com/news/articleView.html?idxno=318028", "news_company": "\uc11c\uc6b8\ud30c\uc774\ub0b8\uc2a4", "title": "[\ubd80\uace0] \uc774\uac15\ud589(\ud55c\uad6d\ud22c\uc790\uae08\uc735\uc9c0\uc8fc \ubd80\uc0ac\uc7a5)\uc528 \ubaa8\uce5c\uc0c1", "headline": null, "date_str": null, "writer": null, "section": null, "original_article_link": null, "article_body": null}, {"market": "kospi", "sid": "000850", "codename": "\ud654\ucc9c\uae30\uacf5", "year": 2018, "month": 8, "article_url": "http://www.mediapen.com/news/view/379166", "news_company": "\ubbf8\ub514\uc5b4\ud39c", "title": "[\ubd80\uace0] \uc774\uac15\ud589(\ud55c\uad6d\ud22c\uc790\uae08\uc735\uc9c0\uc8fc \ubd80\uc0ac\uc7a5)\uc528 \ubaa8\uce5c\uc0c1", "headline": null, "date_str": null, "writer": null, "section": null, "original_article_link": null, "article_body": null}, {"market": "kospi", "sid": "000850", "codename": "\ud654\ucc9c\uae30\uacf5", "year": 2018, "month": 8, "article_url": "http://m.etoday.co.kr/view.php?idxno=1657367", "news_company": "\uc774\ud22c\ub370\uc774", "title": "[\ubd80\uace0] \uc774\uac15\ud589(\ud55c\uad6d\ud22c\uc790\uae08\uc735\uc9c0\uc8fc \ubd80\uc0ac\uc7a5)\uc528 \ubaa8\uce5c\uc0c1", "headline": null, "date_str": null, "writer": null, "section": null, "original_article_link": null, "article_body": null}, {"market": "kospi", "sid": "000850", "codename": "\ud654\ucc9c\uae30\uacf5", "year": 2018, "month": 8, "article_url": "https://n.news.naver.com/article/003/0008779327?sid=102", "news_company": "\ub274\uc2dc\uc2a4", "title": "[\ubd80\uace0]\uc774\uac15\ud589(\ud55c\uad6d\ud22c\uc790\uae08\uc735\uc9c0\uc8fc \ubd80\uc0ac\uc7a5)\uc528 \ubaa8\uce5c\uc0c1", "headline": "[\ubd80\uace0]\uc774\uac15\ud589(\ud55c\uad6d\ud22c\uc790\uae08\uc735\uc9c0\uc8fc \ubd80\uc0ac\uc7a5)\uc528 \ubaa8\uce5c\uc0c1 ", "date_str": "2018.08.29. \uc624\uc804 10:41", "writer": null, "section": "\uc0ac\ud68c", "original_article_link": "http://www.newsis.com/view/?id=NISX20180829_0000403346&cID=10904&pID=16000", "article_body": "\n\t\t\t\u3010\uc11c\uc6b8=\ub274\uc2dc\uc2a4\u3011\u25b2\ub098\uc6d0\uc21c\uc528 \ubcc4\uc138, \uc774\uc7ac\uc644(\uc804 \uc804\ub0a8\ub3c4 \ud559\ubb34\uad6d\uc7a5)\uc528 \ubd80\uc778\uc0c1, \uc774\ubcf5\ub828\u00b7\uc815\ud589(\ucef4\uc564\uc528 \ub300\ud45c\uc774\uc0ac)\u00b7\uc6a9\ud589(\ud654\ucc9c\uae30\uacf5 \uc774\uc0ac)\u00b7\uc5f0\uc219(\uc804\ubd81\uc0ac\ud68c\ubcf5\uc9c0\ud611\uc758\ud68c \ubd80\ud68c\uc7a5)\u00b7\uac15\ud589(\ud55c\uad6d\ud22c\uc790\uae08\uc735\uc9c0\uc8fc \ubd80\uc0ac\uc7a5)\uc528 \ubaa8\uce5c\uc0c1, \uc11c\uae30\ud56d(\uce58\uacfc\uc6d0\uc7a5)\uc528 \ube59\ubaa8\uc0c1 = 29\uc77c \uc624\uc804 3\uc2dc, \uad11\uc8fc \ucc9c\uc9c0\uc7a5\ub840\uc2dd\uc7a5 302\ud638, \ubc1c\uc778 31\uc77c \uc624\uc804 8\uc2dc 062-527-1000\u25b6 \ub274\uc2dc\uc2a4 \ube45\ub370\uc774\ud130 MSI \uc8fc\uac00\uc2dc\uc138\ud45c \ubc14\ub85c\uac00\uae30 \u25b6 \ub274\uc2dc\uc2a4 SNS [\ud398\uc774\uc2a4\ubd81] [\ud2b8\uc704\ud130]<\uc800\uc791\uad8c\uc790\u24d2 \uacf5\uac10\uc5b8\ub860 \ub274\uc2dc\uc2a4\ud1b5\uc2e0\uc0ac. \ubb34\ub2e8\uc804\uc7ac-\uc7ac\ubc30\ud3ec \uae08\uc9c0.>\n\t\t"}, {"market": "kospi", "sid": "000850", "codename": "\ud654\ucc9c\uae30\uacf5", "year": 2018, "month": 8, "article_url": "https://n.news.naver.com/article/008/0004097802?sid=102", "news_company": "\uba38\ub2c8\ud22c\ub370\uc774", "title": "[\ubd80\uace0]\uc774\uac15\ud589\uc528(\ud55c\uad6d\ud22c\uc790\uae08\uc735\uc9c0\uc8fc \ubd80\uc0ac\uc7a5) \ubaa8\uce5c\uc0c1", "headline": "[\ubd80\uace0]\uc774\uac15\ud589\uc528(\ud55c\uad6d\ud22c\uc790\uae08\uc735\uc9c0\uc8fc \ubd80\uc0ac\uc7a5) \ubaa8\uce5c\uc0c1", "date_str": "2018.08.29. \uc624\uc804 10:41", "writer": "\ubc30\uaddc\ubbfc \uae30\uc790", "section": "\uc0ac\ud68c", "original_article_link": "http://news.mt.co.kr/mtview.php?no=2018082910364153036", "article_body": "\n\t\t\t[\uba38\ub2c8\ud22c\ub370\uc774 \ubc30\uaddc\ubbfc \uae30\uc790] \u25a0\ub098\uc6d0\uc21c\uc528 \ubcc4\uc138. \uc774\uc7ac\uc644\uc528(\uc804 \uc804\ub0a8\ub3c4 \ud559\ubb34\uad6d\uc7a5) \ubd80\uc778\uc0c1, \uc774\ubcf5\ub828(\uac00\uc815\uc8fc\ubd80)\u00b7\uc815\ud589((\uc8fc)\ucef4\uc564\uc528\ub300\ud45c\uc774\uc0ac)\u00b7\uc6a9\ud589(\ud654\ucc9c\uae30\uacf5 \uc774\uc0ac)\u00b7\uc5f0\uc219(\uc804\ubd81\uc0ac\ud68c\ubcf5\uc9c0\ud611\uc758\ud68c \ubd80\ud68c\uc7a5)\u00b7\uac15\ud589\uc528(\ud55c\uad6d\ud22c\uc790\uae08\uc735\uc9c0\uc8fc \ubd80\uc0ac\uc7a5) \ubaa8\uce5c\uc0c1, \uc11c\uae30\ud56d\uc528(\uce58\uacfc\uc6d0\uc7a5) \ube59\ubaa8\uc0c1 = 29\uc77c \uc624\uc804 3\uc2dc, \uad11\uc8fc \ucc9c\uc9c0\uc7a5\ub840\uc2dd\uc7a5 302\ud638, \ubc1c\uc778 31\uc77c \uc624\uc804 8\uc2dc. (062)527-1000\u25b6\ub354 \ub9ce\uc740 \uba38\ub2c8\ud22c\ub370\uc774 \uae30\uc0ac\ubcf4\uae30\u25b6\uc2e4\uc2dc\uac04 \uae09\uc0c1\uc2b9 \uae30\uc0ac \u25b6'MT\ub9ac\ud3ec\ud2b8'\uac00 \uc0c8\ub85c \ubc1c\ud589\ub418\uc5c8\uc2b5\ub2c8\ub2e4 \ubc30\uaddc\ubbfc \uae30\uc790 bkm@mt.co.kr<\uc800\uc791\uad8c\uc790 \u24d2 '\ub3c8\uc774 \ubcf4\uc774\ub294 \ub9ac\uc5bc\ud0c0\uc784 \ub274\uc2a4' \uba38\ub2c8\ud22c\ub370\uc774, \ubb34\ub2e8\uc804\uc7ac \ubc0f \uc7ac\ubc30\ud3ec \uae08\uc9c0> \n"}, {"market": "kospi", "sid": "000850", "codename": "\ud654\ucc9c\uae30\uacf5", "year": 2018, "month": 8, "article_url": "http://m.lawissue.co.kr/view.php?ud=2018082910274187609817d053b9_12", "news_company": "\ub85c\uc774\uc288", "title": "[\ubd80\uace0] \uc774\uac15\ud589(\ud55c\uad6d\ud22c\uc790\uae08\uc735\uc9c0\uc8fc \ubd80\uc0ac\uc7a5)\uc528 \ubaa8\uce5c\uc0c1", "headline": null, "date_str": null, "writer": null, "section": null, "original_article_link": null, "article_body": null}, {"market": "kospi", "sid": "000850", "codename": "\ud654\ucc9c\uae30\uacf5", "year": 2018, "month": 8, "article_url": "http://m.economytalk.kr/news/articleView.html?idxno=167795", "news_company": "\uc774\ucf54\ub178\ubbf8\ud1a1\ub274\uc2a4", "title": "[\ubd80\uace0] \uc774\uac15\ud589(\ud55c\uad6d\ud22c\uc790\uae08\uc735\uc9c0\uc8fc \ubd80\uc0ac\uc7a5)\uc528 \ubaa8\uce5c\uc0c1", "headline": null, "date_str": null, "writer": null, "section": null, "original_article_link": null, "article_body": null}, {"market": "kospi", "sid": "000850", "codename": "\ud654\ucc9c\uae30\uacf5", "year": 2018, "month": 8, "article_url": "http://www.asiatime.co.kr/news/articleView.html?idxno=196435", "news_company": "\uc544\uc2dc\uc544\ud0c0\uc784\uc988", "title": "[\ubd80\uace0]\uc774\uac15\ud589(\ud55c\uad6d\ud22c\uc790\uae08\uc735\uc9c0\uc8fc \ubd80\uc0ac\uc7a5)\uc528 \ubaa8\uce5c\uc0c1", "headline": null, "date_str": null, "writer": null, "section": null, "original_article_link": null, "article_body": null}, {"market": "kospi", "sid": "000850", "codename": "\ud654\ucc9c\uae30\uacf5", "year": 2018, "month": 8, "article_url": "http://m.newspim.com/news/view/20180829000172", "news_company": "\ub274\uc2a4\ud54c", "title": "[\ubd80\uace0] \uc774\uac15\ud589(\ud55c\uad6d\ud22c\uc790\uae08\uc735\uc9c0\uc8fc \ubd80\uc0ac\uc7a5)\uc528 \ubaa8\uce5c\uc0c1", "headline": null, "date_str": null, "writer": null, "section": null, "original_article_link": null, "article_body": null}, {"market": "kospi", "sid": "000850", "codename": "\ud654\ucc9c\uae30\uacf5", "year": 2018, "month": 8, "article_url": "https://n.news.naver.com/article/014/0004083488?sid=102", "news_company": "\ud30c\uc774\ub0b8\uc15c\ub274\uc2a4", "title": "<\ubd80\uace0> \uc774\uac15\ud589\uc528(\ud55c\uad6d\ud22c\uc790\uae08\uc735\uc9c0\uc8fc \ubd80\uc0ac\uc7a5) \ubaa8\uce5c\uc0c1", "headline": "<\ubd80\uace0> \uc774\uac15\ud589\uc528(\ud55c\uad6d\ud22c\uc790\uae08\uc735\uc9c0\uc8fc \ubd80\uc0ac\uc7a5) \ubaa8\uce5c\uc0c1", "date_str": "2018.08.29. \uc624\uc804 10:37", "writer": null, "section": "\uc0ac\ud68c", "original_article_link": "http://www.fnnews.com/news/201808291030576732", "article_body": "\n\u25b2\ub098\uc6d0\uc21c\uc528 \ubcc4\uc138\u00b7 \uc774\uc7ac\uc644\uc528(\uc804 \uc804\ub0a8\ub3c4 \ud559\ubb34\uad6d\uc7a5) \ubd80\uc778\uc0c1\u00b7 \uc774\ubcf5\ub828(\uc8fc\ubd80)  \uc815\ud589(\ucef4\uc564\uc528 \ub300\ud45c\uc774\uc0ac)  \uc6a9\ud589(\ud654\ucc9c\uae30\uacf5 \uc774\uc0ac)  \uc5f0\uc219(\uc804\ubd81\uc0ac\ud68c\ubcf5\uc9c0\ud611\uc758\ud68c \ubd80\ud68c\uc7a5)  \uac15\ud589\uc528(\ud55c\uad6d\ud22c\uc790\uae08\uc735\uc9c0\uc8fc \ubd80\uc0ac\uc7a5) \ubaa8\uce5c\uc0c1=29\uc77c \uad11\uc8fc \ucc9c\uc9c0\uc7a5\ub840\uc2dd\uc7a5, \ubc1c\uc778 31\uc77c \uc624\uc804 8\uc2dc. (062)527-1000 \u25b6 \uc138\uc0c1\uc758 \ubaa8\ub4e0 \uace8 \ub54c\ub9ac\ub294 \uc774\uc57c\uae30 'fn\ud30c\uc2a4'\u25b6 \uc18d\ubcf4\uc774\ub294 \uc5f0\uc608\ub274\uc2a4 fn\uc2a4\ud0c0  \u203b \uc800\uc791\uad8c\uc790 \u24d2 \ud30c\uc774\ub0b8\uc15c\ub274\uc2a4. \ubb34\ub2e8 \uc804\uc7ac-\uc7ac\ubc30\ud3ec \uae08\uc9c0\n\t\t"}, {"market": "kospi", "sid": "000850", "codename": "\ud654\ucc9c\uae30\uacf5", "year": 2018, "month": 8, "article_url": "http://m.news.einfomax.co.kr/news/articleView.html?idxno=3465346", "news_company": "\uc5f0\ud569\uc778\ud3ec\ub9e5\uc2a4", "title": "[\ubd80\uace0] \uc774\uac15\ud589(\ud55c\uad6d\ud22c\uc790\uae08\uc735\uc9c0\uc8fc \ubd80\uc0ac\uc7a5)\uc528 \ubaa8\uce5c\uc0c1", "headline": null, "date_str": null, "writer": null, "section": null, "original_article_link": null, "article_body": null}, {"market": "kospi", "sid": "000850", "codename": "\ud654\ucc9c\uae30\uacf5", "year": 2018, "month": 8, "article_url": "http://m.ceoscoredaily.com/m/m_article.html?no=45226", "news_company": "CEO\uc2a4\ucf54\uc5b4\ub370\uc77c\ub9ac", "title": "[\ubd80\uace0] \uc774\uac15\ud589(\ud55c\uad6d\ud22c\uc790\uae08\uc735\uc9c0\uc8fc \ubd80\uc0ac\uc7a5)\uc528 \ubaa8\uce5c\uc0c1", "headline": null, "date_str": null, "writer": null, "section": null, "original_article_link": null, "article_body": null}, {"market": "kospi", "sid": "000850", "codename": "\ud654\ucc9c\uae30\uacf5", "year": 2018, "month": 8, "article_url": "https://n.news.naver.com/article/001/0010305476?sid=101", "news_company": "\uc5f0\ud569\ub274\uc2a4", "title": "[\ubd80\uace0] \uc774\uac15\ud589(\ud55c\uad6d\ud22c\uc790\uae08\uc735\uc9c0\uc8fc \ubd80\uc0ac\uc7a5)\uc528 \ubaa8\uce5c\uc0c1", "headline": "[\ubd80\uace0] \uc774\uac15\ud589(\ud55c\uad6d\ud22c\uc790\uae08\uc735\uc9c0\uc8fc \ubd80\uc0ac\uc7a5)\uc528 \ubaa8\uce5c\uc0c1", "date_str": "2018.08.29. \uc624\uc804 10:29", "writer": "\uc804\uba85\ud6c8 \uae30\uc790", "section": "\uacbd\uc81c", "original_article_link": "http://app.yonhapnews.co.kr/YNA/Basic/SNS/r.aspx?c=AKR20180829052500008&did=1195m", "article_body": "\n\t\t\t\u25b2 \ub098\uc6d0\uc21c\uc528 \ubcc4\uc138, \uc774\uc7ac\uc644(\uc804 \uc804\ub0a8\ub3c4 \ud559\ubb34\uad6d\uc7a5)\uc528 \ubd80\uc778\uc0c1, \uc774\ubcf5\ub828(\uc8fc\ubd80)\u00b7\uc774\uc815\ud589(\ucef4\uc564\uc528 \ub300\ud45c\uc774\uc0ac)\u00b7\uc774\uc6a9\ud589(\ud654\ucc9c\uae30\uacf5 \uc774\uc0ac)\u00b7\uc774\uc5f0\uc219(\uc804\ubd81\uc0ac\ud68c\ubcf5\uc9c0\ud611\uc758\ud68c \ubd80\ud68c\uc7a5)\u00b7\uc774\uac15\ud589(\ud55c\uad6d\ud22c\uc790\uae08\uc735\uc9c0\uc8fc \ubd80\uc0ac\uc7a5)\uc528 \ubaa8\uce5c\uc0c1 = 29\uc77c \uc624\uc804 3\uc2dc, \uad11\uc8fc \ucc9c\uc9c0\uc7a5\ub840\uc2dd\uc7a5 302\ud638, \ubc1c\uc778 31\uc77c \uc624\uc804 8\uc2dc \u260e 062-527-1000 (\uc11c\uc6b8=\uc5f0\ud569\ub274\uc2a4) \u25b6\ubb50\ud558\uace0 \ub180\uae4c? '#\ud765'   \u25b6\ub274\uc2a4\uac00 \ubcf4\uc5ec\uc694 - \uc5f0\ud569\ub274\uc2a4 \uc720\ud29c\ube0c \u25b6\ub124\uc774\ubc84 \ud648\uc5d0\uc11c [\uc5f0\ud569\ub274\uc2a4] \ucc44\ub110 \uad6c\ub3c5\ud558\uae30\n"}, {"market": "kospi", "sid": "000850", "codename": "\ud654\ucc9c\uae30\uacf5", "year": 2018, "month": 8, "article_url": "http://m.newspim.com/news/view/20180829000172", "news_company": "\ub274\uc2a4\ud54c", "title": "[\ubd80\uace0] \uc774\uac15\ud589(\ud55c\uad6d\ud22c\uc790\uae08\uc735\uc9c0\uc8fc \ubd80\uc0ac\uc7a5)\uc528 \ubaa8\uce5c\uc0c1", "headline": null, "date_str": null, "writer": null, "section": null, "original_article_link": null, "article_body": null}, {"market": "kospi", "sid": "000850", "codename": "\ud654\ucc9c\uae30\uacf5", "year": 2018, "month": 8, "article_url": "https://n.news.naver.com/article/014/0004083488?sid=102", "news_company": "\ud30c\uc774\ub0b8\uc15c\ub274\uc2a4", "title": "<\ubd80\uace0> \uc774\uac15\ud589\uc528(\ud55c\uad6d\ud22c\uc790\uae08\uc735\uc9c0\uc8fc \ubd80\uc0ac\uc7a5) \ubaa8\uce5c\uc0c1", "headline": "<\ubd80\uace0> \uc774\uac15\ud589\uc528(\ud55c\uad6d\ud22c\uc790\uae08\uc735\uc9c0\uc8fc \ubd80\uc0ac\uc7a5) \ubaa8\uce5c\uc0c1", "date_str": "2018.08.29. \uc624\uc804 10:37", "writer": null, "section": "\uc0ac\ud68c", "original_article_link": "http://www.fnnews.com/news/201808291030576732", "article_body": "\n\u25b2\ub098\uc6d0\uc21c\uc528 \ubcc4\uc138\u00b7 \uc774\uc7ac\uc644\uc528(\uc804 \uc804\ub0a8\ub3c4 \ud559\ubb34\uad6d\uc7a5) \ubd80\uc778\uc0c1\u00b7 \uc774\ubcf5\ub828(\uc8fc\ubd80)  \uc815\ud589(\ucef4\uc564\uc528 \ub300\ud45c\uc774\uc0ac)  \uc6a9\ud589(\ud654\ucc9c\uae30\uacf5 \uc774\uc0ac)  \uc5f0\uc219(\uc804\ubd81\uc0ac\ud68c\ubcf5\uc9c0\ud611\uc758\ud68c \ubd80\ud68c\uc7a5)  \uac15\ud589\uc528(\ud55c\uad6d\ud22c\uc790\uae08\uc735\uc9c0\uc8fc \ubd80\uc0ac\uc7a5) \ubaa8\uce5c\uc0c1=29\uc77c \uad11\uc8fc \ucc9c\uc9c0\uc7a5\ub840\uc2dd\uc7a5, \ubc1c\uc778 31\uc77c \uc624\uc804 8\uc2dc. (062)527-1000 \u25b6 \uc138\uc0c1\uc758 \ubaa8\ub4e0 \uace8 \ub54c\ub9ac\ub294 \uc774\uc57c\uae30 'fn\ud30c\uc2a4'\u25b6 \uc18d\ubcf4\uc774\ub294 \uc5f0\uc608\ub274\uc2a4 fn\uc2a4\ud0c0  \u203b \uc800\uc791\uad8c\uc790 \u24d2 \ud30c\uc774\ub0b8\uc15c\ub274\uc2a4. \ubb34\ub2e8 \uc804\uc7ac-\uc7ac\ubc30\ud3ec \uae08\uc9c0\n\t\t"}, {"market": "kospi", "sid": "000850", "codename": "\ud654\ucc9c\uae30\uacf5", "year": 2018, "month": 8, "article_url": "http://m.news.einfomax.co.kr/news/articleView.html?idxno=3465346", "news_company": "\uc5f0\ud569\uc778\ud3ec\ub9e5\uc2a4", "title": "[\ubd80\uace0] \uc774\uac15\ud589(\ud55c\uad6d\ud22c\uc790\uae08\uc735\uc9c0\uc8fc \ubd80\uc0ac\uc7a5)\uc528 \ubaa8\uce5c\uc0c1", "headline": null, "date_str": null, "writer": null, "section": null, "original_article_link": null, "article_body": null}, {"market": "kospi", "sid": "000850", "codename": "\ud654\ucc9c\uae30\uacf5", "year": 2018, "month": 8, "article_url": "http://m.ceoscoredaily.com/m/m_article.html?no=45226", "news_company": "CEO\uc2a4\ucf54\uc5b4\ub370\uc77c\ub9ac", "title": "[\ubd80\uace0] \uc774\uac15\ud589(\ud55c\uad6d\ud22c\uc790\uae08\uc735\uc9c0\uc8fc \ubd80\uc0ac\uc7a5)\uc528 \ubaa8\uce5c\uc0c1", "headline": null, "date_str": null, "writer": null, "section": null, "original_article_link": null, "article_body": null}, {"market": "kospi", "sid": "000850", "codename": "\ud654\ucc9c\uae30\uacf5", "year": 2018, "month": 8, "article_url": "https://n.news.naver.com/article/001/0010305476?sid=101", "news_company": "\uc5f0\ud569\ub274\uc2a4", "title": "[\ubd80\uace0] \uc774\uac15\ud589(\ud55c\uad6d\ud22c\uc790\uae08\uc735\uc9c0\uc8fc \ubd80\uc0ac\uc7a5)\uc528 \ubaa8\uce5c\uc0c1", "headline": "[\ubd80\uace0] \uc774\uac15\ud589(\ud55c\uad6d\ud22c\uc790\uae08\uc735\uc9c0\uc8fc \ubd80\uc0ac\uc7a5)\uc528 \ubaa8\uce5c\uc0c1", "date_str": "2018.08.29. \uc624\uc804 10:29", "writer": "\uc804\uba85\ud6c8 \uae30\uc790", "section": "\uacbd\uc81c", "original_article_link": "http://app.yonhapnews.co.kr/YNA/Basic/SNS/r.aspx?c=AKR20180829052500008&did=1195m", "article_body": "\n\t\t\t\u25b2 \ub098\uc6d0\uc21c\uc528 \ubcc4\uc138, \uc774\uc7ac\uc644(\uc804 \uc804\ub0a8\ub3c4 \ud559\ubb34\uad6d\uc7a5)\uc528 \ubd80\uc778\uc0c1, \uc774\ubcf5\ub828(\uc8fc\ubd80)\u00b7\uc774\uc815\ud589(\ucef4\uc564\uc528 \ub300\ud45c\uc774\uc0ac)\u00b7\uc774\uc6a9\ud589(\ud654\ucc9c\uae30\uacf5 \uc774\uc0ac)\u00b7\uc774\uc5f0\uc219(\uc804\ubd81\uc0ac\ud68c\ubcf5\uc9c0\ud611\uc758\ud68c \ubd80\ud68c\uc7a5)\u00b7\uc774\uac15\ud589(\ud55c\uad6d\ud22c\uc790\uae08\uc735\uc9c0\uc8fc \ubd80\uc0ac\uc7a5)\uc528 \ubaa8\uce5c\uc0c1 = 29\uc77c \uc624\uc804 3\uc2dc, \uad11\uc8fc \ucc9c\uc9c0\uc7a5\ub840\uc2dd\uc7a5 302\ud638, \ubc1c\uc778 31\uc77c \uc624\uc804 8\uc2dc \u260e 062-527-1000 (\uc11c\uc6b8=\uc5f0\ud569\ub274\uc2a4) \u25b6\ubb50\ud558\uace0 \ub180\uae4c? '#\ud765'   \u25b6\ub274\uc2a4\uac00 \ubcf4\uc5ec\uc694 - \uc5f0\ud569\ub274\uc2a4 \uc720\ud29c\ube0c \u25b6\ub124\uc774\ubc84 \ud648\uc5d0\uc11c [\uc5f0\ud569\ub274\uc2a4] \ucc44\ub110 \uad6c\ub3c5\ud558\uae30\n"}, {"market": "kospi", "sid": "000850", "codename": "\ud654\ucc9c\uae30\uacf5", "year": 2018, "month": 8, "article_url": "http://m.mtn.co.kr/news/news_view.php?id=2018082910231812556", "news_company": "MTN", "title": "[\ubd80\uace0] \uc774\uac15\ud589(\ud55c\uad6d\ud22c\uc790\uae08\uc735\uc9c0\uc8fc \ubd80\uc0ac\uc7a5)\uc528 \ubaa8\uce5c\uc0c1", "headline": null, "date_str": null, "writer": null, "section": null, "original_article_link": null, "article_body": null}, {"market": "kospi", "sid": "000850", "codename": "\ud654\ucc9c\uae30\uacf5", "year": 2018, "month": 8, "article_url": "https://n.news.naver.com/article/119/0002278601?sid=101", "news_company": "\ub370\uc77c\ub9ac\uc548", "title": "[\ubd80\uace0]\uc774\uac15\ud589(\ud55c\uad6d\ud22c\uc790\uae08\uc735\uc9c0\uc8fc \ubd80\uc0ac\uc7a5)\uc528 \ubaa8\uce5c\uc0c1", "headline": "[\ubd80\uace0]\uc774\uac15\ud589(\ud55c\uad6d\ud22c\uc790\uae08\uc735\uc9c0\uc8fc \ubd80\uc0ac\uc7a5)\uc528 \ubaa8\uce5c\uc0c1", "date_str": "2018.08.29. \uc624\uc804 10:26", "writer": null, "section": "\uacbd\uc81c", "original_article_link": "http://www.dailian.co.kr/news/view/735712/?sc=naver", "article_body": "\n\t\t\t\u25b2\ub098\uc6d0\uc21c\uc528 \ubcc4\uc138, \uc774\uc7ac\uc644(\uc804 \uc804\ub0a8\ub3c4 \ud559\ubb34\uad6d\uc7a5)\uc528 \ubd80\uc778\uc0c1, \uc774\ubcf5\ub828(\uac00\uc815\uc8fc\ubd80)\u00b7\uc815\ud589((\uc8fc)\ucef4\uc564\uc528 \ub300\ud45c\uc774\uc0ac)\u00b7\uc6a9\ud589(\ud654\ucc9c\uae30\uacf5 \uc774\uc0ac)\u00b7\uc5f0\uc219(\uc804\ubd81\uc0ac\ud68c\ubcf5\uc9c0\ud611\uc758\ud68c \ubd80\ud68c\uc7a5)\u00b7\uac15\ud589(\ud55c\uad6d\ud22c\uc790\uae08\uc735\uc9c0\uc8fc \ubd80\uc0ac\uc7a5)\uc528 \ubaa8\uce5c\uc0c1, \uc11c\uae30\ud56d(\uce58\uacfc\uc6d0\uc7a5)\uc528 \ube59\ubaa8\uc0c1 = 29\uc77c \uc624\uc804 3\uc2dc, \uad11\uc8fc \ucc9c\uc9c0\uc7a5\ub840\uc2dd\uc7a5 302\ud638, \ubc1c\uc778 31\uc77c \uc624\uc804 8\uc2dc. (062)527-1000\ub370\uc77c\ub9ac\uc548 \uc774\ubbf8\uacbd \uae30\uc790 (esit917@dailian.co.kr)\u24d2 (\uc8fc)\ub370\uc77c\ub9ac\uc548 - \ubb34\ub2e8\uc804\uc7ac, \ubcc0\ud615, \ubb34\ub2e8\ubc30\ud3ec \uae08\uc9c0\n\t\t"}, {"market": "kospi", "sid": "000850", "codename": "\ud654\ucc9c\uae30\uacf5", "year": 2018, "month": 8, "article_url": "http://m.g-enews.com/view.php?ud=201808291023325668c642673384_1", "news_company": "\uae00\ub85c\ubc8c\uc774\ucf54\ub178\ubbf9", "title": "[\ubd80\uace0] \uc774\uac15\ud589(\ud55c\uad6d\ud22c\uc790\uae08\uc735\uc9c0\uc8fc \ubd80\uc0ac\uc7a5)\uc528 \ubaa8\uce5c\uc0c1", "headline": null, "date_str": null, "writer": null, "section": null, "original_article_link": null, "article_body": null}]}