{"data": [{"market": "kospi", "sid": "000320", "codename": "\ub178\ub8e8\ud640\ub529\uc2a4", "year": 2022, "month": 5, "article_url": "https://m.dnews.co.kr/m_home/view.jsp?idxno=202205031643544260334", "news_company": "e\ub300\ud55c\uacbd\uc81c", "title": "\uc885\uc790\uc0ac\uc5c5 6\ub144\ub9cc\uc758 \ud751\uc790\u2026\ub178\ub8e8\uadf8\ub8f9 \uc2e0\uc0ac\uc5c5 \uc5f4\uc815, \uc5f4\ub9e4 \ub9fa\uc5c8\ub2e4", "headline": null, "date_str": null, "writer": null, "section": null, "original_article_link": null, "article_body": null}]}