{"data": [{"market": "kospi", "sid": "000540", "codename": "\ud765\uad6d\ud654\uc7ac", "year": 2022, "month": 4, "article_url": "https://n.news.naver.com/article/215/0001027516?sid=101", "news_company": "\ud55c\uad6d\uacbd\uc81cTV", "title": "\uc784\ub300\uc8fc\ud0dd \ubcf4\ud5d8 \ub2f4\ud569\ud55c 8\uac1c \ubcf4\ud5d8\uc0ac 17\uc5b5 \uacfc\uc9d5\uae08 \ucc98\ubd84", "headline": "\uc784\ub300\uc8fc\ud0dd \ubcf4\ud5d8 \ub2f4\ud569\ud55c 8\uac1c \ubcf4\ud5d8\uc0ac 17\uc5b5 \uacfc\uc9d5\uae08 \ucc98\ubd84", "date_str": "2022.04.24. \uc624\ud6c4 12:00", "writer": "\uc804\ud6a8\uc131 \uae30\uc790", "section": "\uacbd\uc81c", "original_article_link": "http://www.wowtv.co.kr/NewsCenter/News/Read?articleId=A202204240020&t=NN", "article_body": "\n\t\t\t\uacf5\uc815\uac70\ub798\uc704\uc6d0\ud68c\ub294 \uc784\ub300\uc8fc\ud0dd \ubcf4\ud5d8 \uc785\ucc30 \uacfc\uc815\uc5d0\uc11c \ub2f4\ud569\uc744 \ud55c 8\uac1c \uc190\ud574\ubcf4\ud5d8\uc0ac\uc5d0 \ub300\ud574 17\uc5b5 6,400\ub9cc\uc6d0\uc758 \uacfc\uc9d5\uae08\uc744 \ubd80\uacfc\ud558\uae30\ub85c \ud588\ub2e4.\ub2f4\ud569\uc5d0 \ucc38\uc5ec\ud55c \uc5c5\uccb4\ub294 KB\uc190\ud574\ubcf4\ud5d8, \uc0bc\uc131\ud654\uc7ac\ubcf4\ud5d8, MG\uc190\ud574\ubcf4\ud5d8, \ud55c\ud654\uc190\ud574\ubcf4\ud5d8, \ud765\uad6d\ud654\uc7ac\ubcf4\ud5d8, DB\uc190\ud574\ubcf4\ud5d8, \uba54\ub9ac\uce20\ud654\uc7ac\ubcf4\ud5d8, \uacf5\uae30\uc5c5\uc778\uc2a4 \ub4f1 8\uac1c \uc5c5\uccb4\ub2e4.\uacf5\uc815\uc704\ub294 \uc774 \uc911 \ub2f4\ud569\uc744 \uc8fc\ub3c4\ud55c KB\uc190\ud574\ubcf4\ud5d8\uacfc \uacf5\uae30\uc5c5\uc778\uc2a4\uc5d0 \ub300\ud574\uc11c\ub294 \uac80\ucc30\uc5d0 \uace0\ubc1c\ud558\uae30\ub85c \uacb0\uc815\ud588\ub2e4.\n\n\n\n\u25cf \ud3ec\ud56d\uc9c0\uc9c4 \uc190\ud574 \ub9cc\ud68c\ud558\ub824\uace0\u2026KB\uc190\ubcf4 \"\ub4e4\ub7ec\ub9ac \uc785\ucc30 \uc138\uc6b0\uae30\"KB\uc190\ud574\ubcf4\ud5d8\uc740 2017\ub144 LH\uac00 \ubc1c\uc8fc\ud55c \uc7ac\uc0b0\uc885\ud569\ubcf4\ud5d8\uacfc \uc804\uc138\uc784\ub300\uc8fc\ud0dd \ud654\uc7ac\ubcf4\ud5d8\uc5d0\uc11c \ub099\ucc30\ubc1b\uc558\ub2e4.\uc774\ud6c4 2017\ub144 11\uc6d4 \ud3ec\ud56d\uc9c0\uc9c4\uc774 \ubc1c\uc0dd\ud588\uace0 \uc57d 100\uc5b5\uc6d0\uc758 \uc190\ud574\uac00 \ubc1c\uc0dd\ud558\uc790 \uc774\ub97c \ub9cc\ud68c\ud558\uace0\uc790, 2018\ub144 \uc785\ucc30\uc5d0\uc11c \ub099\ucc30\ubc1b\uae30 \uc704\ud574 \uacf5\uae30\uc5c5\uc778\uc2a4\uc640 \ub2f4\ud569\uc744 \ubaa8\uc758\ud558\uace0 \uc2e4\ud589\ud588\ub2e4.KB\uc190\ud574\ubcf4\ud5d8\uacfc \uacf5\uae30\uc5c5\uc778\uc2a4\ub294 \uc0bc\uc131\ud654\uc7ac\ubcf4\ud5d8\uc744 \ub4e4\ub7ec\ub9ac\ub85c \uc12d\uc678\ud558\uace0, \ud55c\ud654\uc190\ud574\ubcf4\ud5d8\uacfc \ud765\uad6d\ud654\uc7ac\ubcf4\ud5d8\uc5d0\ub294 \uc785\ucc30\uc5d0 \ubd88\ucc38\ud558\uac8c \ud588\ub2e4.MG\uc190\ud574\ubcf4\ud5d8\uacfc DB\uc190\ud574\ubcf4\ud5d8\uc740 \uc0bc\uc131\ud654\uc7ac\ubcf4\ud5d8\uc774 \ub4e4\ub7ec\ub9ac\ub85c \uc785\ucc30\uc5d0 \ucc38\uac00\ud55c\ub2e4\ub294 \uc18c\uc2dd\uc744 \ub4e3\uace0 \uc785\ucc30\ub2f4\ud569\uc5d0 \uac00\ub2f4\ud588\ub2e4.\uc785\ucc30 \uacb0\uacfc KB\uacf5\ub3d9\uc218\uae09\uccb4\uac00 \ub099\ucc30\ub410\ub294\ub370, \ub099\ucc30\uae08\uc561\uc740 2017\ub144\uc5d0 \ube44\ud574 \uc57d 4.3\ubc30, \uc124\uacc4\uac00 \ub300\ube44 \ud22c\ucc30\ub960\uc740 2017\ub144 49.9%\uc5d0\uc11c 2018\ub144 93.0%\ub85c \uae09\uaca9\ud788 \uc0c1\uc2b9\ud588\ub2e4.KB\uc190\ud574\ubcf4\ud5d8\uacfc \uacf5\uae30\uc5c5\uc778\uc2a4\ub294 2018\ub144 \uc804\uc138\uc784\ub300\uc8fc\ud0dd \ud654\uc7ac\ubcf4\ud5d8\uc785\ucc30\uc5d0\uc11c\ub3c4 \ub2f4\ud569\uc744 \uc8fc\ub3c4\ud588\ub2e4.\ub2f4\ud569 \uacb0\uacfc KB\uacf5\ub3d9\uc218\uae09\uccb4\ub294 \uc784\ub300\uc8fc\ud0dd \ud654\uc7ac\ubcf4\ud5d8\ub3c4 \ub099\ucc30\ubc1b\uc744 \uc218 \uc788\uc5c8\ub294\ub370, \uc774 \uc5ed\uc2dc \ub099\ucc30\uae08\uc561\uc740 2017\ub144\uc5d0 \ube44\ud574 \uc57d 2.5\ubc30, \uc124\uacc4\uac00 \ub300\ube44 \ud22c\ucc30\ub960\uc740 2017\ub144 57.6%\uc5d0\uc11c 2018\ub144 93.7%\ub85c \uae09\uaca9\ud788 \uc0c1\uc2b9\ud588\ub2e4.\uc774\uc640 \ud568\uaed8 MG\uc190\ud574\ubcf4\ud5d8\uc740 LH\uc758 \uccad\uc57d\uc11c\uc640 \ubcf4\ud5d8\uc99d\uad8c\uc744 \uc704\uc870\ud55c \uc815\ud669\ub3c4 \ubc1c\uacac\ub410\ub2e4.\n\n\n\n\u25cf \uacfc\uc9d5\uae08 17\uc5b5 \ubd80\uacfc\u2026KB\uc190\ubcf4\u00b7\uacf5\uae30\uc5c5\uc778\uc2a4 3\uba85 \uac80\ucc30 \uace0\ubc1c\uc774\uac19\uc740 \uc785\ucc30\ub2f4\ud569\uc5d0 \ub300\ud574 \uacf5\uc815\uc704\ub294 \ub2f4\ud569\uc5d0 \uac00\ub2f4\ud55c 8\uac1c \uc0ac\uc5c5\uc790\uc5d0 \uc2dc\uc815\uba85\ub839\uacfc 17\uc5b5 6,400\ub9cc\uc6d0\uc758 \uacfc\uc9d5\uae08\uc744 \ubd80\uacfc\ud558\uae30\ub85c \uacb0\uc815\ud588\ub2e4.\ub2f4\ud569\uc744 \uc8fc\ub3c4\ud55c KB\uc190\ud574\ubcf4\ud5d8, \uacf5\uae30\uc5c5\uc778\uc2a4\uc5d0 \ub300\ud574\uc11c\ub294 \uc784\uc9c1\uc6d0 3\uba85\uc744 \uac80\ucc30\uc5d0 \uace0\ubc1c\ud558\uae30\ub85c \uacb0\uc815\ud588\ub2e4.\uacf5\uc815\uc704\ub294 \"\ubcf4\ud5d8\uc0ac\ub4e4\uc774 \ub4e4\ub7ec\ub9ac \uc785\ucc30\uacfc \uc785\ucc30\uc5d0 \ubd88\ucc38\ud574 \ub2f4\ud569\ud558\ub294 \ud615\ud0dc\ub97c \uc801\ubc1c\ud55c \ub370 \uc758\uc758\uac00 \uc788\ub2e4\"\uba70 \"\uc55e\uc73c\ub85c\ub3c4 \ubcf4\ud5d8\uacfc \uad00\ub828\ud55c \ub2e4\uc591\ud55c \ud615\ud0dc\uc758 \uc785\ucc30\ub2f4\ud569\ud589\uc704\uc5d0 \ub300\ud55c \uac10\uc2dc\ub97c \uac15\ud654\ud558\uace0 \ubc95 \uc704\ubc18\ud589\uc704 \uc801\ubc1c \uc2dc \uc5c4\uc815\ud558\uac8c \ub300\ucc98\ud560 \uacc4\ud68d\"\uc774\ub77c\uace0 \ubc1d\ud614\ub2e4.\n"}, {"market": "kospi", "sid": "000540", "codename": "\ud765\uad6d\ud654\uc7ac", "year": 2022, "month": 4, "article_url": "https://n.news.naver.com/article/056/0011253938?sid=101", "news_company": "KBS", "title": "\u201c\ud3ec\ud56d\uc9c0\uc9c4 \uc190\ud574 \uba54\uc6b0\uc790\uba70 \ub2f4\ud569\u201d\u2026\ubcf4\ud5d8\uc0ac 7\uacf3 \uc81c\uc7ac", "headline": "\u201c\ud3ec\ud56d\uc9c0\uc9c4 \uc190\ud574 \uba54\uc6b0\uc790\uba70 \ub2f4\ud569\u201d\u2026\ubcf4\ud5d8\uc0ac 7\uacf3 \uc81c\uc7ac", "date_str": "2022.04.24. \uc624\ud6c4 12:00", "writer": "\uc815\uc0c8\ubc30 \uae30\uc790", "section": "\uacbd\uc81c", "original_article_link": "https://news.kbs.co.kr/news/view.do?ncd=5447439&amp;ref=A", "article_body": "\n\n\n\n\nLH(\ud55c\uad6d\ud1a0\uc9c0\uc8fc\ud0dd\uacf5\uc0ac)\uac00 \uc9c4\ud589\ud55c \ubcf4\ud5d8 \uc785\ucc30 \uacfc\uc815\uc5d0\uc11c \ub2f4\ud569\uc744 \ud55c \uad6d\ub0b4 \uc8fc\uc694 \ubcf4\ud5d8\uc0ac\ub4e4\uc5d0 \ub300\ud574 \uacf5\uc815\uac70\ub798\uc704\uc6d0\ud68c\uac00 \uacfc\uc9d5\uae08\uc744 \ubd80\uacfc\ud558\uace0, \ub2f4\ud569\uc744 \uc8fc\ub3c4\ud55c \uc5c5\uccb4\ub294 \uac80\ucc30\uc5d0 \uace0\ubc1c\ud558\uae30\ub85c \uacb0\uc815\ud588\uc2b5\ub2c8\ub2e4. \uacf5\uc815\uc704\ub294 KB\uc190\ud574\ubcf4\ud5d8\uacfc \uc0bc\uc131\ud654\uc7ac, MG\uc190\ud574\ubcf4\ud5d8, \ud55c\ud654\uc190\ud574\ubcf4\ud5d8, \ud765\uad6d\ud654\uc7ac, DB\uc190\ud574\ubcf4\ud5d8, \uba54\ub9ac\uce20\ud654\uc7ac \ub4f1 7\uac1c \ubcf4\ud5d8\uc0ac\uc640 \ub300\ub9ac\uc810 \uacf5\uae30\uc5c5\uc778\uc2a4\ucee8\uc124\ud305\uc5d0 \ub300\ud574 \ubaa8\ub450 17\uc5b56\ucc9c4\ubc31\ub9cc \uc6d0\uc758 \uacfc\uc9d5\uae08\uc744 \ubd80\uacfc\ud558\uace0, KB\uc190\ud574\ubcf4\ud5d8\uacfc \uacf5\uae30\uc5c5\uc778\uc2a4\ucee8\uc124\ud305\uc740 \uac80\ucc30\uc5d0 \uace0\ubc1c\ud558\uae30\ub85c \uacb0\uc815\ud588\ub2e4\uace0 \ubc1d\ud614\uc2b5\ub2c8\ub2e4.  \uacf5\uc815\uc704 \uc870\uc0ac \uacb0\uacfc \uc774\ub4e4 \ubcf4\ud5d8\uc0ac\ub294 2018\ub144 LH\uac00 \uc804\uad6d \uc57d 100\ub9cc \uac00\uad6c\uc758 \uc784\ub300\uc8fc\ud0dd\uc5d0 \ub300\ud574 \ubc1c\uc8fc\ud55c '\uc7ac\uc0b0\uc885\ud569\ubcf4\ud5d8'\uacfc LH\uac00 \uc800\uc18c\ub4dd\uce35\uc758 \uc8fc\uac70\uc548\uc815 \ub4f1\uc744 \uc704\ud574 \uc7ac\uc784\ub300\ud558\ub294 \uc57d 25\ub9cc \uac00\uad6c\uc758 '\uc804\uc138\uc784\ub300\uc8fc\ud0dd\uc5d0 \ub300\ud55c \ud654\uc7ac\ubcf4\ud5d8' \uc785\ucc30\uc5d0\uc11c \ub2f4\ud569\uc744 \ud55c \uac83\uc73c\ub85c \ub098\ud0c0\ub0ac\uc2b5\ub2c8\ub2e4.  \ub2f9\uc2dc KB\uc190\ud574\ubcf4\ud5d8\uc740 \uc804\ub144\ub3c4\uc778 2017\ub144 LH\ub85c\ubd80\ud130 \uc7ac\uc0b0\uc885\ud569\ubcf4\ud5d8\uc744 \ub099\ucc30 \ubc1b\uc558\ub294\ub370, \uac19\uc740\ud574 \ud3ec\ud56d\uc9c0\uc9c4\uc774 \ubc1c\uc0dd\ud558\uba74\uc11c 100\uc5b5 \uc6d0\uc774 \ub118\ub294 \ubcf4\ud5d8\uae08\uc744 \uc9c0\ucd9c\ud558\uac8c \ub418\uc790 \uc774\uac19\uc740 \uc190\ud574\ub97c \ub9cc\ud68c\ud558\uae30 \uc704\ud574 2018\ub144 \ubcf4\ud5d8 \uc785\ucc30\uc5d0 \ub6f0\uc5b4\ub4e4\uc5c8\uc2b5\ub2c8\ub2e4. \uc774 \uacfc\uc815\uc5d0\uc11c KB\uc190\ubcf4\ub294 \ub2e4\ub978 \ubcf4\ud5d8\uc0ac\ub4e4\uc744 \uacf5\ub3d9\uc218\uae09\uccb4\uc5d0 \ub04c\uc5b4\ub4e4\uc600\ub294\ub370, \uc774 \uac00\uc6b4\ub370 DB\uc190\ubcf4\uc640 MG\uc190\ubcf4\ub294 \ub2f4\ud569 \uc0ac\uc2e4\uc744 \uc54c\uba74\uc11c \uc218\uae09\uccb4\uc5d0 \ucc38\uc5ec\ud55c \uac83\uc73c\ub85c \ub4dc\ub7ec\ub0ac\uc2b5\ub2c8\ub2e4.  \ub610 \uc0bc\uc131\ud654\uc7ac\ub294 \uc785\ucc30\uc5d0 \ub4e4\ub7ec\ub9ac\ub97c \uc11c\ub294 \ub300\uac00\ub85c \uc218\uae09\uccb4\ub85c\ubd80\ud130 \uc7ac\uc7ac\ubcf4\ud5d8 \ubb3c\ub7c9\uc744 \ubc1b\uc544\ub0c8\uace0, \ud55c\ud654\uc190\ubcf4\ub3c4 \uc77c\ubd80 \ubb3c\ub7c9\uc744 \ubc1b\uc740 \uac83\uc73c\ub85c \ub098\ud0c0\ub0ac\uc2b5\ub2c8\ub2e4. KB\uc190\ubcf4\ub294 \uac19\uc740\ud574 LH\uc758 \ud654\uc7ac\ubcf4\ud5d8 \uc785\ucc30\uc5d0\ub3c4 \uac19\uc740 \ubc29\uc2dd\uc73c\ub85c \ucc38\uc5ec\ud588\ub294\ub370 MG\uc190\ubcf4\ub294 \uc774\ubc88\uc5d0\ub3c4 \ub2f4\ud569 \uc0ac\uc2e4\uc744 \uc54c\uba74\uc11c \uacf5\ub3d9\uc218\uae09\uccb4\uc5d0 \ucc38\uc5ec\ud588\uace0, \ud765\uad6d\ud654\uc7ac\ub294 \uc55e\uc11c \uc7ac\uc0b0\uc885\ud569\ubcf4\ud5d8\uc5d0 \ucc38\uc5ec\ud558\uc9c0 \uc54a\ub294 \ub300\uac00\ub85c \ud654\uc7ac\ubcf4\ud5d8 \ucc38\uc5ec\ub97c \ubcf4\uc7a5 \ubc1b\uc740 \uac83\uc73c\ub85c \uc870\uc0ac\ub410\uc2b5\ub2c8\ub2e4.  \ub610 \ud55c\ud654\uc190\ubcf4\uc640 \uba54\ub9ac\uce20\ud654\uc7ac\ub294 \uc785\ucc30\uc5d0 \ubd88\ucc38\ud558\ub294 \ub300\uac00\ub85c \ucd94\ud6c4\uc5d0 \uc218\uae09\uccb4 \ubb3c\ub7c9\uc758 \uc77c\ubd80\ub97c \uac01\uac01 \uc7ac\ubc30\uc815 \ubc1b\uc558\ub294\ub370, \uc774 \uacfc\uc815\uc5d0\uc11c MG\uc190\ubcf4\ub294 \ubb3c\ub7c9\uc744 \ube44\uacf5\uc2dd\uc801\uc73c\ub85c \ub098\ub220\uc8fc\uae30 \uc704\ud574 LH\uc758 \uccad\uc57d\uc11c\uc640 \ubcf4\ud5d8\uc99d\uad8c \ub4f1\uc744 \uc704\uc870\ud558\uae30\ub3c4 \ud588\uc2b5\ub2c8\ub2e4.  \uacf5\uc815\uc704\ub294 \uc774\uac19\uc740 \ub2f4\ud569\uc73c\ub85c 2018\ub144 LH \ubc1c\uc8fc \uc7ac\uc0b0\ubcf4\ud5d8\uacfc \ud654\uc7ac\ubcf4\ud5d8\uc758 \ub099\ucc30\uae08\uc561\uc774 \uc804\ub144\ub3c4\uc5d0 \ube44\ud574 \uac01\uac01 4.3\ubc30\uc640 2.5\ubc30 \uac00\ub7c9 \ub298\uc5c8\uace0, \uc124\uacc4\uac00 \ub300\ube44 \ud22c\ucc30\ub960\ub3c4 \uae09\uaca9\ud788 \uc0c1\uc2b9\ud588\ub2e4\uace0 \ubc1d\ud614\uc2b5\ub2c8\ub2e4.  \uacf5\uc815\uc704\ub294 KB\uc190\ubcf4(2\uc5b58\ucc9c4\ubc31\ub9cc \uc6d0), \uc0bc\uc131\ud654\uc7ac(2\uc5b53\ucc9c\ub9cc \uc6d0), \ud55c\ud654\uc190\ubcf4(2\uc5b56\ucc9c3\ubc31\ub9cc \uc6d0), \ud765\uad6d\ud654\uc7ac(2\uc5b53\ucc9c\ub9cc \uc6d0), DB\uc190\ubcf4(2\uc5b57\ubc31\ub9cc \uc6d0), MG\uc190\ubcf4(2\uc5b56\ucc9c3\ubc31\ub9cc \uc6d0), \uba54\ub9ac\uce20\ud654\uc7ac(2\ucc9c4\ubc31\ub9cc \uc6d0), \ub300\ub9ac\uc810 \uacf5\uae30\uc5c5\uc778\uc2a4\ucee8\uc124\ud305(2\uc5b56\ucc9c3\ubc31\ub9cc \uc6d0)\uc5d0 \uac01\uac01 \uacfc\uc9d5\uae08\uc744 \ubd80\uacfc\ud558\uae30\ub85c \ud588\uc2b5\ub2c8\ub2e4. \uadf8\ub7ec\uba74\uc11c \ub2f4\ud569\uc744 \uc8fc\ub3c4\ud55c KB\uc190\ubcf4\uc640 \uacf5\uae30\uc5c5\uc778\uc2a4\ucee8\uc124\ud305 \ubc95\uc778\uc740 \ubb3c\ub860 \uac01\uac01 \ub2f4\ub2f9 \uc9c1\uc6d0 2\uba85\uacfc 1\uba85\uc744 \uac80\ucc30\uc5d0 \uace0\ubc1c\ud560 \ubc29\uce68\uc785\ub2c8\ub2e4.[\uc0ac\uc9c4 \ucd9c\ucc98 : \uc5f0\ud569\ub274\uc2a4] \n"}, {"market": "kospi", "sid": "000540", "codename": "\ud765\uad6d\ud654\uc7ac", "year": 2022, "month": 4, "article_url": "https://www.ebn.co.kr/news/view/1528040/?sc=Naver", "news_company": "EBN", "title": "\uacf5\uc815\uc704, '\uc785\ucc30 \ub2f4\ud569' \uc190\ubcf4\uc0ac 8\uacf3\uc5d0 \uacfc\uc9d5\uae08 17\uc5b56400\ub9cc\uc6d0", "headline": null, "date_str": null, "writer": null, "section": null, "original_article_link": null, "article_body": null}, {"market": "kospi", "sid": "000540", "codename": "\ud765\uad6d\ud654\uc7ac", "year": 2022, "month": 4, "article_url": "http://m.viva100.com/view.php?key=20220421010005614", "news_company": "\ube0c\ub9bf\uc9c0\uacbd\uc81c", "title": "\u201c\u2018\uc5c5\uacc4 \ucd5c\ucd08\u2019 \ud0c0\uc774\ud2c0\ub85c \ube44\uc988 \ud655\uc7a5\u201d\u2026\ubcf4\ud5d8\uc5c5\uacc4, \ubc30\ud0c0\uc801 \uc0ac\uc6a9\uad8c \ud68d\ub4dd \uacbd\uc7c1", "headline": null, "date_str": null, "writer": null, "section": null, "original_article_link": null, "article_body": null}, {"market": "kospi", "sid": "000540", "codename": "\ud765\uad6d\ud654\uc7ac", "year": 2022, "month": 4, "article_url": "https://www.youthdaily.co.kr/mobile/article.html?no=98487", "news_company": "\uccad\ub144\uc77c\ubcf4", "title": "[\uc9c0\ub09c\uc8fc \uae08\uc735\uad8c \uc8fc\uc694\uc774\uc288] KB\uae08\uc735\uc9c0\uc8fc, \uc815\uc0c1\uc790\ub9ac \ub450\uace0 \uc2e0\ud55c\uae08\uc735\uc5d0 '\uc9c4\ub540\uc2b9'...\uc774\ucc3d\uc6a9 \ud55c\uc740 \ucd1d\uc7ac, \ubb3c\uac00\u00b7\uac00\uacc4\ubd80\ucc44\u00b7\uc131\uc7a5 '\ub09c\uc81c' \u5916", "headline": null, "date_str": null, "writer": null, "section": null, "original_article_link": null, "article_body": null}]}