{"data": [{"market": "kospi", "sid": "000520", "codename": "\uc0bc\uc77c\uc81c\uc57d", "year": 2022, "month": 3, "article_url": "http://m.whosaeng.com/134586", "news_company": "\ud6c4\uc0dd\uc2e0\ubcf4", "title": "\uc0bc\uc77c\uc81c\uc57d, \ube44\uac74\ube0c\ub79c\ub4dc \uc55e\uc138\uc6cc \uac74\uc2dd \uc2dc\uc7a5 \uc815\uc870\uc900", "headline": null, "date_str": null, "writer": null, "section": null, "original_article_link": null, "article_body": null}, {"market": "kospi", "sid": "000520", "codename": "\uc0bc\uc77c\uc81c\uc57d", "year": 2022, "month": 3, "article_url": "http://m.dailypharm.com/newsView.html?ID=286203&REFERER=NP", "news_company": "\ub370\uc77c\ub9ac\ud31c", "title": "'\ucf54\ub85c\ub098 2\ub144' \uc81c\uc57d \uc601\uc5c5\uc774\uc775 2\ubc30\ub85c\u2026\ubc31\uc2e0 CMO\uac00 \uc218\ud61c", "headline": null, "date_str": null, "writer": null, "section": null, "original_article_link": null, "article_body": null}]}