{"data": [{"market": "kospi", "sid": "000300", "codename": "\ub300\uc720\ud50c\ub7ec\uc2a4", "year": 2021, "month": 12, "article_url": "https://m.dnews.co.kr/m_home/view.jsp?idxno=202112010859279470837", "news_company": "e\ub300\ud55c\uacbd\uc81c", "title": "\ub300\uc720\uc704\ub2c8\uc544\uadf8\ub8f9, 2022\ub144 \uc815\uae30 \uc784\uc6d0 \uc778\uc0ac\u2026\"\uc5f0\uad6c\uac1c\ubc1c\u00b7\uad6d\ub0b4 \uc601\uc5c5 \uc911\uc810\"", "headline": null, "date_str": null, "writer": null, "section": null, "original_article_link": null, "article_body": null}, {"market": "kospi", "sid": "000300", "codename": "\ub300\uc720\ud50c\ub7ec\uc2a4", "year": 2021, "month": 12, "article_url": "http://www.seoulfn.com/news/articleView.html?idxno=439501", "news_company": "\uc11c\uc6b8\ud30c\uc774\ub0b8\uc2a4", "title": "\ub300\uc720\uc704\ub2c8\uc544\uadf8\ub8f9, \uc815\uae30 \uc784\uc6d0 \uc778\uc0ac [\uba85\ub2e8]", "headline": null, "date_str": null, "writer": null, "section": null, "original_article_link": null, "article_body": null}, {"market": "kospi", "sid": "000300", "codename": "\ub300\uc720\ud50c\ub7ec\uc2a4", "year": 2021, "month": 12, "article_url": "https://m.news.naver.com/read?mode=LSD&mid=sec&sid1=101&oid=008&aid=0004677450", "news_company": "\uba38\ub2c8\ud22c\ub370\uc774", "title": "\ub300\uc720\uc704\ub2c8\uc544\uadf8\ub8f9, \uc784\uc6d0\uc778\uc0ac '70\ub144\ub300\uc0dd \ub2e4\uc218 \ubc1c\ud0c1'", "headline": "\ub300\uc720\uc704\ub2c8\uc544\uadf8\ub8f9, \uc784\uc6d0\uc778\uc0ac '70\ub144\ub300\uc0dd \ub2e4\uc218 \ubc1c\ud0c1'", "date_str": "2021.12.01. \uc624\uc804 9:12", "writer": "\uad6c\ub2e8\ube44 \uae30\uc790", "section": "\uacbd\uc81c", "original_article_link": "http://news.mt.co.kr/mtview.php?no=2021120108123369097", "article_body": "\n\n\n\n\n/\uc0ac\uc9c4\uc81c\uacf5=\ub300\uc720\uc704\ub2c8\uc544\uadf8\ub8f9 \ub300\uc720\uc704\ub2c8\uc544\uadf8\ub8f9\uc774 2022\ub144 \uc815\uae30 \uc784\uc6d0 \uc778\uc0ac\ub97c \uc2e4\uc2dc\ud588\ub2e4\uace0 1\uc77c \ubc1d\ud614\ub2e4. \ubd80\uc0ac\uc7a5 3\uba85, \uc804\ubb34 3\uba85, \uc0c1\ubb34 2\uba85 \ub4f1 22\uba85\uc5d0 \ub300\ud55c \uc2b9\uc9c4 \uc778\uc0ac\ub97c \uc9c4\ud589\ud588\ub2e4. \uc784\uc6d0 \uc778\uc0ac\ub294 \ub0b4\ub144 1\uc6d41\uc77c\ubd80\ub85c \uc2dc\ud589\ub41c\ub2e4. \uc774\ubc88 \uc784\uc6d0 \uc778\uc0ac \ud0a4\uc6cc\ub4dc\ub294 \uc5f0\uad6c\uac1c\ubc1c(R&D) \ubc0f \uad6d\ub0b4 \uc601\uc5c5\uc5d0 \uc911\uc810\uc744 \ub480\ub2e4. \ucf54\ub85c\ub09819(COVID-19)\ub85c \ube60\ub974\uac8c \ubcc0\ud654\ud558\ub294 \uc2dc\uc7a5 \ud658\uacbd\uc5d0 \uc801\uadf9 \ub300\uc751\ud558\uae30 \uc704\ud574 \uc5f0\uad6c\uac1c\ubc1c \ub2a5\ub825 \uac15\ud654\uc640 \uc601\uc5c5 \uc5ed\ub7c9 \ud655\ubcf4\uc5d0 \uc9d1\uc911\ud55c\ub2e4\ub294 \ubc29\uce68\uc774\ub2e4.  \uc774\uc640 \ud568\uaed8 \ube44\uc804\uacfc \uc5ed\ub7c9\uc744 \uac16\ucd98 \uc80a\uace0 \uc5ed\ub3d9\uc131 \uc788\ub294 70\ub144\ub300\uc0dd \uc784\uc6d0\uc744 \ub2e4\uc218 \ubc1c\ud0c1\ud588\ub2e4. \uc774\ub97c \ud1b5\ud574 \uc870\uc9c1 \ubb38\ud654\ub97c \uac1c\uc120\ud558\uace0 \ub2e4\uc591\ud55c \uc2e0\uc0ac\uc5c5 \ucd94\uc9c4\uc744 \ubcf8\uaca9\ud654\ud55c\ub2e4\ub294 \uad6c\uc0c1\uc774\ub2e4. \ud55c\ud3b8 \ub300\uc720\uc704\ub2c8\uc544\uadf8\ub8f9\uc740 \ub0b4\ub144 \ucd08 \uacbd\uae30\ub3c4 \uc131\ub0a8\uc73c\ub85c \uc0ac\uc625\uc744 \uc774\uc804\ud558\uba70 \uc81c2\uc758 \ub3c4\uc57d\uc744 \uc704\ud55c \ubc1c\ud310\uc744 \ub9c8\ub828\ud560 \uacc4\ud68d\uc774\ub2e4. \ub2e4\uc74c\uc740 \ub300\uc720\uc704\ub2c8\uc544\uadf8\ub8f9 2022\ub144 \uc815\uae30 \uc784\uc6d0 \uc778\uc0ac \uba85\ub2e8.\u25c6\uc704\ub2c8\uc544\uc804\uc790 \u25b7\ubd80\uc0ac\uc7a5(2\uae09) \u25b3\uc7a5\ubd80\ubc31 \u25b7\uc0c1\ubb34\ubcf4 \u25b3\uae40\ucc3d\uc11d \u25b3\ubb38\uc9c0\ud61c\u25c6\uc704\ub2c8\uc544\uc804\uc790\ub9e4\ub274\ud329\ucc98\ub9c1 \u25b7\uc804\ubb34 \u25b3\uae40\uc885\uba74\u25c6\uc704\ub2c8\uc544\ub524\ucc44 \u25b7\ubd80\uc0ac\uc7a5(1\uae09) \u25b3\ucd5c\ucc2c\uc218 \u25b7\uc0c1\ubb34 \u25b3\uae40\uc601\ud314 \u25b3\ubc15\uc740\uc9c4 \u25b7\uc0c1\ubb34\ubcf4 \u25b3\uae40\uc885\ud45c \u25b3\uc774\ucc3d\uc775 \u25b3\uc774\uc815\uae30\u25c6\uc704\ub2c8\uc544\uc5d0\uc774\ub4dc \u25b7\uc804\ubb34 \u25b3\uae40\uc778\uc11d \u25b7\uc0c1\ubb34\ubcf4 \u25b3\uae40\ud76c\uc6c5 \u25b3\uc774\ud589\uc7ac\u25c6\ub300\uc720\uc5d0\uc774\ud14d \u25b7\uc0c1\ubb34\ubcf4 \u25b3\uc720\uc0c1\ud604 \u25b3\ubb38\uacbd\uc77c\u25c6\ub300\uc720\ud50c\ub7ec\uc2a4 \u25b7\ubd80\uc0ac\uc7a5(2\uae09) \u25b3\ubc15\uc0c1\ubbfc \u25b7\uc0c1\ubb34\ubcf4 \u25b3\ubc15\ubb38\uc218 \u25b3\ucd5c\uc900\uc6a9\u25c6\ub300\uc720\uc5d0\uc774\ud53c \u25b7\uc0c1\ubb34\ubcf4 \u25b3\uae40\ub300\uc2dd\u25c6\ub300\uc720\uae00\ub85c\ubc8c \u25b7\uc0c1\ubb34\ubcf4 \u25b3\uae40\uc0bc\uaddc\u25c6\ub300\uc720\ubabd\ubca0\ub974\uc870\ud569 \u25b7\uc0c1\ubb34\ubcf4 \u25b3\uc7a5\uad00\ud76c\u25c6\ub3d9\uac15\ud640\ub529\uc2a4 \u25b7\uc804\ubb34 \u25b3\uc774\uc7ac\ud64d\n"}, {"market": "kospi", "sid": "000300", "codename": "\ub300\uc720\ud50c\ub7ec\uc2a4", "year": 2021, "month": 12, "article_url": "http://www.pressm.kr/news/articleView.html?idxno=52013", "news_company": "\ud504\ub808\uc2a4\ub9e8", "title": "[\uc778\uc0ac] \ub300\uc720\uc704\ub2c8\uc544\uadf8\ub8f9, 2022\ub144 \uc815\uae30 \uc784\uc6d0 \uc778\uc0ac\u00a0", "headline": null, "date_str": null, "writer": null, "section": null, "original_article_link": null, "article_body": null}, {"market": "kospi", "sid": "000300", "codename": "\ub300\uc720\ud50c\ub7ec\uc2a4", "year": 2021, "month": 12, "article_url": "http://m.businesspost.co.kr/BP?command=mobile_view&idxno=262149", "news_company": "\ube44\uc988\ub2c8\uc2a4\ud3ec\uc2a4\ud2b8", "title": "[\uc778\uc0ac] \ud55c\uaca8\ub808, \ub300\uc720\uc704\ub2c8\uc544\uadf8\ub8f9", "headline": null, "date_str": null, "writer": null, "section": null, "original_article_link": null, "article_body": null}, {"market": "kospi", "sid": "000300", "codename": "\ub300\uc720\ud50c\ub7ec\uc2a4", "year": 2021, "month": 12, "article_url": "https://m.news.naver.com/read?mode=LSD&mid=sec&sid1=101&oid=018&aid=0005097484", "news_company": "\uc774\ub370\uc77c\ub9ac", "title": "\ub300\uc720\uc704\ub2c8\uc544\uadf8\ub8f9, 'R&D\u00b7\uc601\uc5c5' \uc911\uc810 \uc778\uc0ac\u202670\ub144\ub300\uc0dd \ub2e4\uc218 \ubc1c\ud0c1", "headline": "\ub300\uc720\uc704\ub2c8\uc544\uadf8\ub8f9, 'R&D\u00b7\uc601\uc5c5' \uc911\uc810 \uc778\uc0ac\u202670\ub144\ub300\uc0dd \ub2e4\uc218 \ubc1c\ud0c1", "date_str": "2021.12.01. \uc624\uc804 9:02", "writer": null, "section": "\uacbd\uc81c", "original_article_link": "http://www.edaily.co.kr/news/newspath.asp?newsid=01551446629274256", "article_body": "\n2022\ub144 \uc815\uae30 \uc784\uc6d0\uc778\uc0ac\u2026\ucd1d 22\uba85 \uc2b9\uc9c4\ubd80\uc0ac\uc7a5 3\uba85, \uc804\ubb34 3\uba85, \uc0c1\ubb34 2\uba85 \ub4f1 \uc2b9\uc9c4[\uc774\ub370\uc77c\ub9ac \uc2e0\uc911\uc12d \uae30\uc790] \ub300\uc720\uc704\ub2c8\uc544\uadf8\ub8f9\uc740 2022\ub144 \uc815\uae30 \uc784\uc6d0 \uc778\uc0ac\ub97c \uc2e4\uc2dc\ud588\ub2e4\uace0 1\uc77c \ubc1d\ud614\ub2e4.\n\n\n\n\uc774\ubc88 \uc778\uc0ac\uc5d0\uc11c\ub294 \ubd80\uc0ac\uc7a5 3\uba85, \uc804\ubb34 3\uba85, \uc0c1\ubb34 2\uba85 \ub4f1 \ucd1d 22\uba85\uc5d0 \ub300\ud55c \uc2b9\uc9c4\uc774 \uc774\ub904\uc84c\ub2e4. \uc784\uc6d0 \uc778\uc0ac\ub294 \ub0b4\ub144 1\uc6d4 1\uc77c\ubd80\ub85c \uc2dc\ud589\ub41c\ub2e4.\ub300\uc720\uc704\ub2c8\uc544\uadf8\ub8f9\uc740 \uc774\ubc88 \uc784\uc6d0 \uc778\uc0ac\uc5d0\uc11c \u2018\uc5f0\uad6c\uac1c\ubc1c(R&D) \ubc0f \uad6d\ub0b4 \uc601\uc5c5\u2019\uc5d0 \uc911\uc810\uc744 \ub480\ub2e4. \ucf54\ub85c\ub09819\ub85c \ube60\ub974\uac8c \ubcc0\ud654\ud558\ub294 \uc2dc\uc7a5 \ud658\uacbd\uc5d0 \uc801\uadf9 \ub300\uc751\ud558\uae30 \uc704\ud574 \uc5f0\uad6c\uac1c\ubc1c \ub2a5\ub825 \uac15\ud654\uc640 \uc601\uc5c5 \uc5ed\ub7c9 \ud655\ubcf4\uc5d0 \uc9d1\uc911\ud55c\ub2e4\ub294 \ubc29\uce68\uc774\ub2e4. \ub610\ud55c \ub354\uc6b1 \uc5b4\ub824\uc6cc\uc9c0\ub294 \uc2dc\uc7a5 \ud658\uacbd\uc744 \uadf9\ubcf5\ud558\uae30 \uc704\ud574 \uad6d\ub0b4 \uc2dc\uc7a5 \ud310\ub9e4 \ubc0f \ube0c\ub79c\ub4dc \uc5ed\ub7c9\uc744 \ub192\uc774\ub294 \ub370 \ud798\uc4f0\uaca0\ub2e8 \uacc4\ud68d\uc774\ub2e4.\uc774\ubc88 \uc778\uc0ac\uc5d0\uc120 1970\ub144\ub300\uc0dd \uc784\uc6d0\uc774 \ub2e4\uc218 \ubc1c\ud0c1\ub410\ub2e4. \ube44\uc804\uacfc \uc5ed\ub7c9\uc744 \uac16\ucd98 \uc80a\uace0 \uc5ed\ub3d9\uc131 \uc788\ub294 \uc778\uc0ac\ub97c \ud1b5\ud574 \uc870\uc9c1 \ubb38\ud654\ub97c \uac1c\uc120\ud558\uace0, \ub2e4\uc591\ud55c \uc2e0\uc0ac\uc5c5 \ucd94\uc9c4\uc744 \ubcf8\uaca9\ud654\ud55c\ub2e4\ub294 \uad6c\uc0c1\uc774\ub2e4. \ud55c\ud3b8, \ub300\uc720\uc704\ub2c8\uc544\uadf8\ub8f9\uc740 \ub0b4\ub144 \ucd08 \uacbd\uae30\ub3c4 \uc131\ub0a8\uc73c\ub85c \uc0ac\uc625\uc744 \uc774\uc804\ud558\uba70 \uc81c2\uc758 \ub3c4\uc57d\uc744 \uc704\ud55c \ubc1c\ud310\uc744 \ub9c8\ub828\ud560 \uacc4\ud68d\uc774\ub2e4.\ub2e4\uc74c\uc740 \ub300\uc720\uc704\ub2c8\uc544\uadf8\ub8f9\uc758 2022\ub144 \uc815\uae30 \uc784\uc6d0 \uc778\uc0ac \uba85\ub2e8\uc774\ub2e4.\u25c7\uc704\ub2c8\uc544\uc804\uc790(3\uba85)\u25b3\ubd80\uc0ac\uc7a5(2\uae09) \uc7a5\ubd80\ubc31\u25b3\uc0c1\ubb34\ubcf4 \uae40\ucc3d\uc11d\u25b3\uc0c1\ubb34\ubcf4 \ubb38\uc9c0\ud61c\u25c7\uc704\ub2c8\uc544\uc804\uc790\ub9e4\ub274\ud329\ucc98\ub9c1(1\uba85)\u25b3\uc804\ubb34 \uae40\uc885\uba74\u25c7\uc704\ub2c8\uc544\ub524\ucc44(6\uba85)\u25b3\ubd80\uc0ac\uc7a5(1\uae09) \ucd5c\ucc2c\uc218\u25b3\uc0c1\ubb34 \uae40\uc601\ud314\u25b3\uc0c1\ubb34 \ubc15\uc740\uc9c4\u25b3\uc0c1\ubb34\ubcf4 \uae40\uc885\ud45c\u25b3\uc0c1\ubb34\ubcf4 \uc774\ucc3d\uc775\u25b3\uc0c1\ubb34\ubcf4 \uc774\uc815\uae30\u25c7\uc704\ub2c8\uc544\uc5d0\uc774\ub4dc(3\uba85)\u25b3\uc804\ubb34 \uae40\uc778\uc11d\u25b3\uc0c1\ubb34\ubcf4 \uae40\ud76c\uc6c5\u25b3\uc0c1\ubb34\ubcf4 \uc774\ud589\uc7ac\u25c7\ub300\uc720\uc5d0\uc774\ud14d(2\uba85)\u25b3\uc0c1\ubb34\ubcf4 \uc720\uc0c1\ud604\u25b3\uc0c1\ubb34\ubcf4 \ubb38\uacbd\uc77c\u25c7\ub300\uc720\ud50c\ub7ec\uc2a4(3\uba85)\u25b3\ubd80\uc0ac\uc7a5(2\uae09) \ubc15\uc0c1\ubbfc\u25b3\uc0c1\ubb34\ubcf4 \ubc15\ubb38\uc218\u25b3\uc0c1\ubb34\ubcf4 \ucd5c\uc900\uc6a9\u25c7\ub300\uc720\uc5d0\uc774\ud53c(1\uba85)\u25b3\uc0c1\ubb34\ubcf4 \uae40\ub300\uc2dd\u25c7\ub300\uc720\uae00\ub85c\ubc8c(1\uba85)\u25b3\uc0c1\ubb34\ubcf4 \uae40\uc0bc\uaddc\u25c7\ub300\uc720\ubabd\ubca0\ub974\uc870\ud569(1\uba85)\u25b3\uc0c1\ubb34\ubcf4 \uc7a5\uad00\ud76c\u25c7\ub3d9\uac15\ud640\ub529\uc2a4(1\uba85)\u25b3\uc804\ubb34 \uc774\uc7ac\ud64d\n"}, {"market": "kospi", "sid": "000300", "codename": "\ub300\uc720\ud50c\ub7ec\uc2a4", "year": 2021, "month": 12, "article_url": "http://m.viva100.com/view.php?key=20211201010000028", "news_company": "\ube0c\ub9bf\uc9c0\uacbd\uc81c", "title": "[\uc778\uc0ac] \ub300\uc720\uc704\ub2c8\uc544\uadf8\ub8f9", "headline": null, "date_str": null, "writer": null, "section": null, "original_article_link": null, "article_body": null}, {"market": "kospi", "sid": "000300", "codename": "\ub300\uc720\ud50c\ub7ec\uc2a4", "year": 2021, "month": 12, "article_url": "http://www.kpinews.co.kr/news/articleView.html?idxno=164076", "news_company": "\uad7f\ubaa8\ub2dd\uacbd\uc81c", "title": "[\uc778\uc0ac] \ub300\uc720\uc704\ub2c8\uc544\uadf8\ub8f9", "headline": null, "date_str": null, "writer": null, "section": null, "original_article_link": null, "article_body": null}, {"market": "kospi", "sid": "000300", "codename": "\ub300\uc720\ud50c\ub7ec\uc2a4", "year": 2021, "month": 12, "article_url": "https://m.dnews.co.kr/m_home/view.jsp?idxno=202112010846444200833", "news_company": "e\ub300\ud55c\uacbd\uc81c", "title": "[\uc778\uc0ac] \ub300\uc720\uc704\ub2c8\uc544\uadf8\ub8f9", "headline": null, "date_str": null, "writer": null, "section": null, "original_article_link": null, "article_body": null}, {"market": "kospi", "sid": "000300", "codename": "\ub300\uc720\ud50c\ub7ec\uc2a4", "year": 2021, "month": 12, "article_url": "http://www.getnews.co.kr/news/articleView.html?idxno=562186", "news_company": "\uae00\ub85c\ubc8c\uacbd\uc81c", "title": "\ub300\uc720\uc704\ub2c8\uc544\uadf8\ub8f9, 2022 \uc815\uae30 \uc784\uc6d0\uc778\uc0ac\u2026 R&D\u00b7\uad6d\ub0b4\uc601\uc5c5 \uc911\uc810", "headline": null, "date_str": null, "writer": null, "section": null, "original_article_link": null, "article_body": null}, {"market": "kospi", "sid": "000300", "codename": "\ub300\uc720\ud50c\ub7ec\uc2a4", "year": 2021, "month": 12, "article_url": "https://m.news.naver.com/read?mode=LSD&mid=sec&sid1=101&oid=003&aid=0010863452", "news_company": "\ub274\uc2dc\uc2a4", "title": "[\uc778\uc0ac]\ub300\uc720\uc704\ub2c8\uc544\uadf8\ub8f9", "headline": "[\uc778\uc0ac]\ub300\uc720\uc704\ub2c8\uc544\uadf8\ub8f9", "date_str": "2021.12.01. \uc624\uc804 8:47", "writer": "\uc774\uc7ac\uc740 \uae30\uc790", "section": "\uacbd\uc81c", "original_article_link": "http://www.newsis.com/view/?id=NISX20211201_0001671017&cID=13001&pID=13000", "article_body": "\n\t\t\t[\uc11c\uc6b8=\ub274\uc2dc\uc2a4] \uc774\uc7ac\uc740 \uae30\uc790 = \u25c7\uc704\ub2c8\uc544\uc804\uc790\u25b2\ubd80\uc0ac\uc7a5(2\uae09) \uc7a5\ubd80\ubc31\u25b2\uc0c1\ubb34\ubcf4 \uae40\ucc3d\uc11d\u25b2\uc0c1\ubb34\ubcf4 \ubb38\uc9c0\ud61c\u25c7\uc704\ub2c8\uc544\uc804\uc790\ub9e4\ub274\ud329\ucc98\ub9c1\u25b2\uc804\ubb34 \uae40\uc885\uba74\u25c7\uc704\ub2c8\uc544\ub524\ucc44\u25b2\ubd80\uc0ac\uc7a5(1\uae09) \ucd5c\ucc2c\uc218\u25b2\uc0c1\ubb34 \uae40\uc601\ud314\u25b2\uc0c1\ubb34 \ubc15\uc740\uc9c4\u25b2\uc0c1\ubb34\ubcf4 \uae40\uc885\ud45c\u25b2\uc0c1\ubb34\ubcf4 \uc774\ucc3d\uc775\u25b2\uc0c1\ubb34\ubcf4 \uc774\uc815\uae30\u25c7\uc704\ub2c8\uc544\uc5d0\uc774\ub4dc\u25b2\uc804\ubb34 \uae40\uc778\uc11d\u25b2\uc0c1\ubb34\ubcf4 \uae40\ud76c\uc6c5\u25b2\uc0c1\ubb34\ubcf4 \uc774\ud589\uc7ac\u25c7\ub300\uc720\uc5d0\uc774\ud14d\u25b2\uc0c1\ubb34\ubcf4 \uc720\uc0c1\ud604\u25b2\uc0c1\ubb34\ubcf4 \ubb38\uacbd\uc77c\u25c7\ub300\uc720\ud50c\ub7ec\uc2a4\u25b2\ubd80\uc0ac\uc7a5(2\uae09) \ubc15\uc0c1\ubbfc\u25b2\uc0c1\ubb34\ubcf4 \ubc15\ubb38\uc218\u25b2\uc0c1\ubb34\ubcf4 \ucd5c\uc900\uc6a9\u25c7\ub300\uc720\uc5d0\uc774\ud53c\u25b2\uc0c1\ubb34\ubcf4 \uae40\ub300\uc2dd\u25c7\ub300\uc720\uae00\ub85c\ubc8c\u25b2\uc0c1\ubb34\ubcf4 \uae40\uc0bc\uaddc\u25c7\ub300\uc720\ubabd\ubca0\ub974\uc870\ud569\u25b2\uc0c1\ubb34\ubcf4 \uc7a5\uad00\ud76c\u25c7\ub3d9\uac15\ud640\ub529\uc2a4\u25b2 \uc804\ubb34 \uc774\uc7ac\ud64d\n"}, {"market": "kospi", "sid": "000300", "codename": "\ub300\uc720\ud50c\ub7ec\uc2a4", "year": 2021, "month": 12, "article_url": "http://m.asiatoday.co.kr/kn/view.php?key=20211201010000055", "news_company": "\uc544\uc2dc\uc544\ud22c\ub370\uc774", "title": "<\uc778\uc0ac> \ub300\uc720\uc704\ub2c8\uc544\uadf8\ub8f9", "headline": null, "date_str": null, "writer": null, "section": null, "original_article_link": null, "article_body": null}, {"market": "kospi", "sid": "000300", "codename": "\ub300\uc720\ud50c\ub7ec\uc2a4", "year": 2021, "month": 12, "article_url": "http://www.wolyo.co.kr/news/articleView.html?idxno=126704", "news_company": "\uc6d4\uc694\uc2e0\ubb38", "title": "[\uc778\uc0ac] \ub300\uc720\uc704\ub2c8\uc544\uadf8\ub8f9", "headline": null, "date_str": null, "writer": null, "section": null, "original_article_link": null, "article_body": null}, {"market": "kospi", "sid": "000300", "codename": "\ub300\uc720\ud50c\ub7ec\uc2a4", "year": 2021, "month": 12, "article_url": "https://m.news.naver.com/read?mode=LSD&mid=sec&sid1=101&oid=119&aid=0002553062", "news_company": "\ub370\uc77c\ub9ac\uc548", "title": "[\uc778\uc0ac] \ub300\uc720\uc704\ub2c8\uc544\uadf8\ub8f9", "headline": "[\uc778\uc0ac] \ub300\uc720\uc704\ub2c8\uc544\uadf8\ub8f9", "date_str": "2021.12.01. \uc624\uc804 8:44", "writer": "\uc774\uac74\uc5c4 \uae30\uc790", "section": "\uacbd\uc81c", "original_article_link": "https://www.dailian.co.kr/news/view/1058345/?sc=Naver", "article_body": "\n\t\t\t[\ub370\uc77c\ub9ac\uc548 = \uc774\uac74\uc5c4 \uae30\uc790] \u25a1\uc704\ub2c8\uc544\uc804\uc790\u25c7 \ubd80\uc0ac\uc7a5(2\uae09) \u25b2\uc7a5\ubd80\ubc31\u25c7 \uc0c1\ubb34\ubcf4 \u25b2\uae40\ucc3d\uc11d\u25c7 \uc0c1\ubb34\ubcf4 \u25b2\ubb38\uc9c0\ud61c\u25a1 \uc704\ub2c8\uc544\uc804\uc790\ub9e4\ub274\ud329\ucc98\ub9c1\u25c7 \uc804\ubb34 \u25b2\uae40\uc885\uba74\u25a1 \uc704\ub2c8\uc544\ub524\ucc44\u25c7 \ubd80\uc0ac\uc7a5(1\uae09) \u25b2\ucd5c\ucc2c\uc218\u25c7 \uc0c1\ubb34 \u25b2\uae40\uc601\ud314\u25c7 \uc0c1\ubb34 \u25b2\ubc15\uc740\uc9c4\u25c7 \uc0c1\ubb34\ubcf4 \u25b2\uae40\uc885\ud45c\u25c7 \uc0c1\ubb34\ubcf4 \u25b2\uc774\ucc3d\uc775\u25c7 \uc0c1\ubb34\ubcf4 \u25b2\uc774\uc815\uae30\u25a1 \uc704\ub2c8\uc544\uc5d0\uc774\ub4dc\u25c7 \uc804\ubb34 \u25b2\uae40\uc778\uc11d\u25c7 \uc0c1\ubb34\ubcf4 \u25b2\uae40\ud76c\uc6c5\u25c7 \uc0c1\ubb34\ubcf4 \u25b2\uc774\ud589\uc7ac\u25a1 \ub300\uc720\uc5d0\uc774\ud14d\u25c7 \uc0c1\ubb34\ubcf4 \u25b2\uc720\uc0c1\ud604\u25c7 \uc0c1\ubb34\ubcf4 \u25b2\ubb38\uacbd\uc77c\u25a1 \ub300\uc720\ud50c\ub7ec\uc2a4\u25c7 \ubd80\uc0ac\uc7a5(2\uae09) \u25b2\ubc15\uc0c1\ubbfc\u25c7 \uc0c1\ubb34\ubcf4 \u25b2\ubc15\ubb38\uc218\u25c7 \uc0c1\ubb34\ubcf4 \u25b2\ucd5c\uc900\uc6a9\u25a1 \ub300\uc720\uc5d0\uc774\ud53c\u25c7 \uc0c1\ubb34\ubcf4 \u25b2\uae40\ub300\uc2dd\u25a1 \ub300\uc720\uae00\ub85c\ubc8c\u25c7 \uc0c1\ubb34\ubcf4 \u25b2\uae40\uc0bc\uaddc\u25a1 \ub300\uc720\ubabd\ubca0\ub974\uc870\ud569\u25c7 \uc0c1\ubb34\ubcf4 \u25b2\uc7a5\uad00\ud76c\u25a1 \ub3d9\uac15\ud640\ub529\uc2a4\u25c7 \uc804\ubb34 \u25b2\uc774\uc7ac\ud64d\n\t\t"}, {"market": "kospi", "sid": "000300", "codename": "\ub300\uc720\ud50c\ub7ec\uc2a4", "year": 2021, "month": 12, "article_url": "http://m.fntimes.com/html/view.php?ud=202112010830596524645ffc9771_18", "news_company": "\ud55c\uad6d\uae08\uc735\uc2e0\ubb38", "title": "\ub300\uc720\uc704\ub2c8\uc544\uadf8\ub8f9, 2022\ub144 \uc784\uc6d0 \uc778\uc0ac \uc2e4\uc2dc\u2026\uc5f0\uad6c\uac1c\ubc1c\u00b7\uad6d\ub0b4\uc601\uc5c5 \uc911\uc810", "headline": null, "date_str": null, "writer": null, "section": null, "original_article_link": null, "article_body": null}, {"market": "kospi", "sid": "000300", "codename": "\ub300\uc720\ud50c\ub7ec\uc2a4", "year": 2021, "month": 12, "article_url": "https://m.news.naver.com/read?mode=LSD&mid=sec&sid1=101&oid=003&aid=0010863452", "news_company": "\ub274\uc2dc\uc2a4", "title": "[\uc778\uc0ac]\ub300\uc720\uc704\ub2c8\uc544\uadf8\ub8f9", "headline": "[\uc778\uc0ac]\ub300\uc720\uc704\ub2c8\uc544\uadf8\ub8f9", "date_str": "2021.12.01. \uc624\uc804 8:47", "writer": "\uc774\uc7ac\uc740 \uae30\uc790", "section": "\uacbd\uc81c", "original_article_link": "http://www.newsis.com/view/?id=NISX20211201_0001671017&cID=13001&pID=13000", "article_body": "\n\t\t\t[\uc11c\uc6b8=\ub274\uc2dc\uc2a4] \uc774\uc7ac\uc740 \uae30\uc790 = \u25c7\uc704\ub2c8\uc544\uc804\uc790\u25b2\ubd80\uc0ac\uc7a5(2\uae09) \uc7a5\ubd80\ubc31\u25b2\uc0c1\ubb34\ubcf4 \uae40\ucc3d\uc11d\u25b2\uc0c1\ubb34\ubcf4 \ubb38\uc9c0\ud61c\u25c7\uc704\ub2c8\uc544\uc804\uc790\ub9e4\ub274\ud329\ucc98\ub9c1\u25b2\uc804\ubb34 \uae40\uc885\uba74\u25c7\uc704\ub2c8\uc544\ub524\ucc44\u25b2\ubd80\uc0ac\uc7a5(1\uae09) \ucd5c\ucc2c\uc218\u25b2\uc0c1\ubb34 \uae40\uc601\ud314\u25b2\uc0c1\ubb34 \ubc15\uc740\uc9c4\u25b2\uc0c1\ubb34\ubcf4 \uae40\uc885\ud45c\u25b2\uc0c1\ubb34\ubcf4 \uc774\ucc3d\uc775\u25b2\uc0c1\ubb34\ubcf4 \uc774\uc815\uae30\u25c7\uc704\ub2c8\uc544\uc5d0\uc774\ub4dc\u25b2\uc804\ubb34 \uae40\uc778\uc11d\u25b2\uc0c1\ubb34\ubcf4 \uae40\ud76c\uc6c5\u25b2\uc0c1\ubb34\ubcf4 \uc774\ud589\uc7ac\u25c7\ub300\uc720\uc5d0\uc774\ud14d\u25b2\uc0c1\ubb34\ubcf4 \uc720\uc0c1\ud604\u25b2\uc0c1\ubb34\ubcf4 \ubb38\uacbd\uc77c\u25c7\ub300\uc720\ud50c\ub7ec\uc2a4\u25b2\ubd80\uc0ac\uc7a5(2\uae09) \ubc15\uc0c1\ubbfc\u25b2\uc0c1\ubb34\ubcf4 \ubc15\ubb38\uc218\u25b2\uc0c1\ubb34\ubcf4 \ucd5c\uc900\uc6a9\u25c7\ub300\uc720\uc5d0\uc774\ud53c\u25b2\uc0c1\ubb34\ubcf4 \uae40\ub300\uc2dd\u25c7\ub300\uc720\uae00\ub85c\ubc8c\u25b2\uc0c1\ubb34\ubcf4 \uae40\uc0bc\uaddc\u25c7\ub300\uc720\ubabd\ubca0\ub974\uc870\ud569\u25b2\uc0c1\ubb34\ubcf4 \uc7a5\uad00\ud76c\u25c7\ub3d9\uac15\ud640\ub529\uc2a4\u25b2 \uc804\ubb34 \uc774\uc7ac\ud64d\n"}, {"market": "kospi", "sid": "000300", "codename": "\ub300\uc720\ud50c\ub7ec\uc2a4", "year": 2021, "month": 12, "article_url": "http://m.asiatoday.co.kr/kn/view.php?key=20211201010000055", "news_company": "\uc544\uc2dc\uc544\ud22c\ub370\uc774", "title": "<\uc778\uc0ac> \ub300\uc720\uc704\ub2c8\uc544\uadf8\ub8f9", "headline": null, "date_str": null, "writer": null, "section": null, "original_article_link": null, "article_body": null}, {"market": "kospi", "sid": "000300", "codename": "\ub300\uc720\ud50c\ub7ec\uc2a4", "year": 2021, "month": 12, "article_url": "http://www.wolyo.co.kr/news/articleView.html?idxno=126704", "news_company": "\uc6d4\uc694\uc2e0\ubb38", "title": "[\uc778\uc0ac] \ub300\uc720\uc704\ub2c8\uc544\uadf8\ub8f9", "headline": null, "date_str": null, "writer": null, "section": null, "original_article_link": null, "article_body": null}, {"market": "kospi", "sid": "000300", "codename": "\ub300\uc720\ud50c\ub7ec\uc2a4", "year": 2021, "month": 12, "article_url": "https://m.news.naver.com/read?mode=LSD&mid=sec&sid1=101&oid=119&aid=0002553062", "news_company": "\ub370\uc77c\ub9ac\uc548", "title": "[\uc778\uc0ac] \ub300\uc720\uc704\ub2c8\uc544\uadf8\ub8f9", "headline": "[\uc778\uc0ac] \ub300\uc720\uc704\ub2c8\uc544\uadf8\ub8f9", "date_str": "2021.12.01. \uc624\uc804 8:44", "writer": "\uc774\uac74\uc5c4 \uae30\uc790", "section": "\uacbd\uc81c", "original_article_link": "https://www.dailian.co.kr/news/view/1058345/?sc=Naver", "article_body": "\n\t\t\t[\ub370\uc77c\ub9ac\uc548 = \uc774\uac74\uc5c4 \uae30\uc790] \u25a1\uc704\ub2c8\uc544\uc804\uc790\u25c7 \ubd80\uc0ac\uc7a5(2\uae09) \u25b2\uc7a5\ubd80\ubc31\u25c7 \uc0c1\ubb34\ubcf4 \u25b2\uae40\ucc3d\uc11d\u25c7 \uc0c1\ubb34\ubcf4 \u25b2\ubb38\uc9c0\ud61c\u25a1 \uc704\ub2c8\uc544\uc804\uc790\ub9e4\ub274\ud329\ucc98\ub9c1\u25c7 \uc804\ubb34 \u25b2\uae40\uc885\uba74\u25a1 \uc704\ub2c8\uc544\ub524\ucc44\u25c7 \ubd80\uc0ac\uc7a5(1\uae09) \u25b2\ucd5c\ucc2c\uc218\u25c7 \uc0c1\ubb34 \u25b2\uae40\uc601\ud314\u25c7 \uc0c1\ubb34 \u25b2\ubc15\uc740\uc9c4\u25c7 \uc0c1\ubb34\ubcf4 \u25b2\uae40\uc885\ud45c\u25c7 \uc0c1\ubb34\ubcf4 \u25b2\uc774\ucc3d\uc775\u25c7 \uc0c1\ubb34\ubcf4 \u25b2\uc774\uc815\uae30\u25a1 \uc704\ub2c8\uc544\uc5d0\uc774\ub4dc\u25c7 \uc804\ubb34 \u25b2\uae40\uc778\uc11d\u25c7 \uc0c1\ubb34\ubcf4 \u25b2\uae40\ud76c\uc6c5\u25c7 \uc0c1\ubb34\ubcf4 \u25b2\uc774\ud589\uc7ac\u25a1 \ub300\uc720\uc5d0\uc774\ud14d\u25c7 \uc0c1\ubb34\ubcf4 \u25b2\uc720\uc0c1\ud604\u25c7 \uc0c1\ubb34\ubcf4 \u25b2\ubb38\uacbd\uc77c\u25a1 \ub300\uc720\ud50c\ub7ec\uc2a4\u25c7 \ubd80\uc0ac\uc7a5(2\uae09) \u25b2\ubc15\uc0c1\ubbfc\u25c7 \uc0c1\ubb34\ubcf4 \u25b2\ubc15\ubb38\uc218\u25c7 \uc0c1\ubb34\ubcf4 \u25b2\ucd5c\uc900\uc6a9\u25a1 \ub300\uc720\uc5d0\uc774\ud53c\u25c7 \uc0c1\ubb34\ubcf4 \u25b2\uae40\ub300\uc2dd\u25a1 \ub300\uc720\uae00\ub85c\ubc8c\u25c7 \uc0c1\ubb34\ubcf4 \u25b2\uae40\uc0bc\uaddc\u25a1 \ub300\uc720\ubabd\ubca0\ub974\uc870\ud569\u25c7 \uc0c1\ubb34\ubcf4 \u25b2\uc7a5\uad00\ud76c\u25a1 \ub3d9\uac15\ud640\ub529\uc2a4\u25c7 \uc804\ubb34 \u25b2\uc774\uc7ac\ud64d\n\t\t"}, {"market": "kospi", "sid": "000300", "codename": "\ub300\uc720\ud50c\ub7ec\uc2a4", "year": 2021, "month": 12, "article_url": "http://m.fntimes.com/html/view.php?ud=202112010830596524645ffc9771_18", "news_company": "\ud55c\uad6d\uae08\uc735\uc2e0\ubb38", "title": "\ub300\uc720\uc704\ub2c8\uc544\uadf8\ub8f9, 2022\ub144 \uc784\uc6d0 \uc778\uc0ac \uc2e4\uc2dc\u2026\uc5f0\uad6c\uac1c\ubc1c\u00b7\uad6d\ub0b4\uc601\uc5c5 \uc911\uc810", "headline": null, "date_str": null, "writer": null, "section": null, "original_article_link": null, "article_body": null}, {"market": "kospi", "sid": "000300", "codename": "\ub300\uc720\ud50c\ub7ec\uc2a4", "year": 2021, "month": 12, "article_url": "http://m.newspim.com/news/view/20211201000053", "news_company": "\ub274\uc2a4\ud54c", "title": "[\uc778\uc0ac] \ub300\uc720\uc704\ub2c8\uc544\uadf8\ub8f9", "headline": null, "date_str": null, "writer": null, "section": null, "original_article_link": null, "article_body": null}, {"market": "kospi", "sid": "000300", "codename": "\ub300\uc720\ud50c\ub7ec\uc2a4", "year": 2021, "month": 12, "article_url": "http://m.hankooki.com/m_dh_view.php?m=&WM=dh&WEB_GSNO=7026844&s_ref=nv", "news_company": "\ub370\uc77c\ub9ac\ud55c\uad6d", "title": "[\uc778\uc0ac] \ub300\uc720\uc704\ub2c8\uc544\uadf8\ub8f9", "headline": null, "date_str": null, "writer": null, "section": null, "original_article_link": null, "article_body": null}, {"market": "kospi", "sid": "000300", "codename": "\ub300\uc720\ud50c\ub7ec\uc2a4", "year": 2021, "month": 12, "article_url": "https://m.news.naver.com/read?mode=LSD&mid=sec&sid1=102&oid=421&aid=0005756526", "news_company": "\ub274\uc2a41", "title": "[\uc778\uc0ac]\ub300\uc720\uc704\ub2c8\uc544\uadf8\ub8f9", "headline": "[\uc778\uc0ac]\ub300\uc720\uc704\ub2c8\uc544\uadf8\ub8f9", "date_str": "2021.12.01. \uc624\uc804 8:35", "writer": null, "section": "\uc0ac\ud68c", "original_article_link": "https://www.news1.kr/articles/?4509219", "article_body": "\n\t\t\t(\uc11c\uc6b8=\ub274\uc2a41) = <\uc2b9\uc9c4>\u25c6\uc704\ub2c8\uc544\uc804\uc790\u25b7\ubd80\uc0ac\uc7a5(2\uae09) \u0394\uc7a5\ubd80\ubc31\u25b7\uc0c1\ubb34\ubcf4 \u0394\uae40\ucc3d\uc11d \u0394\ubb38\uc9c0\ud61c\u25c6\uc704\ub2c8\uc544\uc804\uc790\ub9e4\ub274\ud329\ucc98\ub9c1\u25b7\uc804\ubb34 \u0394\uae40\uc885\uba74\u25c6\uc704\ub2c8\uc544\ub524\ucc44\u25b7\ubd80\uc0ac\uc7a5(1\uae09) \u0394\ucd5c\ucc2c\uc218\u25b7\uc0c1\ubb34 \u0394\uae40\uc601\ud314 \u0394\ubc15\uc740\uc9c4\u25b7\uc0c1\ubb34\ubcf4 \u0394\uae40\uc885\ud45c \u0394\uc774\ucc3d\uc775 \u0394\uc774\uc815\uae30\u25c6\uc704\ub2c8\uc544\uc5d0\uc774\ub4dc\u25b7\uc804\ubb34 \u0394\uae40\uc778\uc11d\u25b7\uc0c1\ubb34\ubcf4 \u0394\uae40\ud76c\uc6c5 \u0394\uc774\ud589\uc7ac\u25c6\ub300\uc720\uc5d0\uc774\ud14d\u25b7\uc0c1\ubb34\ubcf4 \u0394\uc720\uc0c1\ud604 \u0394\ubb38\uacbd\uc77c\u25c6\ub300\uc720\ud50c\ub7ec\uc2a4\u25b7\ubd80\uc0ac\uc7a5(2\uae09) \u0394\ubc15\uc0c1\ubbfc\u25b7\uc0c1\ubb34\ubcf4 \u0394\ubc15\ubb38\uc218 \u0394\ucd5c\uc900\uc6a9\u25c6\ub300\uc720\uc5d0\uc774\ud53c\u25b7\uc0c1\ubb34\ubcf4 \u0394\uae40\ub300\uc2dd\u25c6\ub300\uc720\uae00\ub85c\ubc8c\u25b7\uc0c1\ubb34\ubcf4 \u0394\uae40\uc0bc\uaddc\u25c6\ub300\uc720\ubabd\ubca0\ub974\uc870\ud569\u25b7\uc0c1\ubb34\ubcf4 \u0394\uc7a5\uad00\ud76c\u25c6\ub3d9\uac15\ud640\ub529\uc2a4\u25b7\uc804\ubb34 \u0394\uc774\uc7ac\ud64d\n\t\t"}, {"market": "kospi", "sid": "000300", "codename": "\ub300\uc720\ud50c\ub7ec\uc2a4", "year": 2021, "month": 12, "article_url": "https://www.tfmedia.co.kr/mobile/article.html?no=116520", "news_company": "\uc870\uc138\uae08\uc735\uc2e0\ubb38", "title": "[\uc778\uc0ac] \ub300\uc720\uc704\ub2c8\uc544\uadf8\ub8f9 \uacc4\uc5f4\uc0ac \uace0\uc704\uae09 \uc778\uc0ac", "headline": null, "date_str": null, "writer": null, "section": null, "original_article_link": null, "article_body": null}, {"market": "kospi", "sid": "000300", "codename": "\ub300\uc720\ud50c\ub7ec\uc2a4", "year": 2021, "month": 12, "article_url": "http://m.newsway.co.kr/news/view?tp=1&ud=2021120108301385992", "news_company": "\ub274\uc2a4\uc6e8\uc774", "title": "[\uc778\uc0ac]\ub300\uc720\uc704\ub2c8\uc544\uadf8\ub8f9", "headline": null, "date_str": null, "writer": null, "section": null, "original_article_link": null, "article_body": null}, {"market": "kospi", "sid": "000300", "codename": "\ub300\uc720\ud50c\ub7ec\uc2a4", "year": 2021, "month": 12, "article_url": "https://m.news.naver.com/read?mode=LSD&mid=sec&sid1=102&oid=421&aid=0005756524", "news_company": "\ub274\uc2a41", "title": "\ub300\uc720\uc704\ub2c8\uc544\uadf8\ub8f9, 2022\ub144 \uc815\uae30 \uc784\uc6d0 \uc778\uc0ac\u2026\"R&D, \uad6d\ub0b4 \uc601\uc5c5 \uc911\uc810\"", "headline": "\ub300\uc720\uc704\ub2c8\uc544\uadf8\ub8f9, 2022\ub144 \uc815\uae30 \uc784\uc6d0 \uc778\uc0ac\u2026\"R&D, \uad6d\ub0b4 \uc601\uc5c5 \uc911\uc810\"", "date_str": "2021.12.01. \uc624\uc804 8:34", "writer": "\ub958\uc815\ubbfc \uae30\uc790", "section": "\uc0ac\ud68c", "original_article_link": "https://www.news1.kr/articles/?4509210", "article_body": "\n\ucd1d 22\uba85 \uc2b9\uc9c4 \ubc1c\ub839, 1970\ub144\ub300 \uc0dd \ub2e4\uc218 \ubc1c\ud0c1\n\n\n\n\u00a9 \ub274\uc2a41(\uc11c\uc6b8=\ub274\uc2a41) \ub958\uc815\ubbfc \uae30\uc790 = \ub300\uc720\uc704\ub2c8\uc544\uadf8\ub8f9\uc740 \ucd1d 22\uba85\uc744 \uc2b9\uc9c4 \ubc1c\ub839\ud558\ub294 \ub0b4\uc6a9\uc758 2022\ub144 \uc815\uae30 \uc784\uc6d0\uc778\uc0ac\ub97c \ub2e8\ud589\ud588\ub2e4\uace0 1\uc77c \ubc1d\ud614\ub2e4. \uc138\ubd80\uc801\uc73c\ub294 \ubd80\uc0ac\uc7a5 3\uba85, \uc804\ubb34 3\uba85, \uc0c1\ubb34 2\uba85, \uc0c1\ubb34\ubcf4 14\uba85 \ub4f1\uc774\ub2e4. \uc784\uc6d0 \uc778\uc0ac\ub294 \ub0b4\ub144 1\uc6d4 1\uc77c\ubd80\ub85c \uc2dc\ud589\ub41c\ub2e4.\ub300\uc720\uc704\ub2c8\uc544\uadf8\ub8f9 \uce21\uc740 \"\uc774\ubc88 \uc784\uc6d0 \uc778\uc0ac\uc5d0\uc11c\ub294 \uc5f0\uad6c\uac1c\ubc1c(R&D) \ubc0f \uad6d\ub0b4 \uc601\uc5c5\uc5d0 \uc911\uc810\uc744 \ub480\ub2e4\"\uba70 \"\ucf54\ub85c\ub09819\ub85c \ube60\ub974\uac8c \ubcc0\ud654\ud558\ub294 \uc2dc\uc7a5 \ud658\uacbd\uc5d0 \uc801\uadf9 \ub300\uc751\ud558\uae30 \uc704\ud574 \uc5f0\uad6c\uac1c\ubc1c \ub2a5\ub825 \uac15\ud654\uc640 \uc601\uc5c5 \uc5ed\ub7c9 \ud655\ubcf4\uc5d0 \uc9d1\uc911\ud55c\ub2e4\ub294 \ubc29\uce68\"\uc774\ub77c\uace0 \uc124\uba85\ud588\ub2e4. \uc774\uc5b4 \"\ub354\uc6b1 \uc5b4\ub824\uc6cc\uc9c0\ub294 \uc2dc\uc7a5 \ud658\uacbd\uc744 \uadf9\ubcf5\ud558\uae30 \uc704\ud574 \uad6d\ub0b4 \uc2dc\uc7a5 \ud310\ub9e4 \ubc0f \ube0c\ub79c\ub4dc \uc5ed\ub7c9\uc744 \ub192\uc774\ub294\ub370 \ud798\uc4f8 \uacc4\ud68d\"\uc774\ub77c\uace0 \ubd80\uc5f0\ud588\ub2e4.\ub300\uc720\uc704\ub2c8\uc544\uadf8\ub8f9\uc740 \uc774\ubc88 \uc784\uc6d0 \uc778\uc0ac\uc5d0\uc11c \ube44\uc804\uacfc \uc5ed\ub7c9\uc744 \uac16\ucd98 \uc80a\uace0 \uc5ed\ub3d9\uc131 \uc788\ub294 1970\ub144\ub300 \uc0dd \uc784\uc6d0\uc744 \ub2e4\uc218 \ubc1c\ud0c1\ud588\ub2e4. \uc774\ub97c \ud1b5\ud574 \uc870\uc9c1 \ubb38\ud654\ub97c \uac1c\uc120\ud558\uace0, \ub2e4\uc591\ud55c \uc2e0\uc0ac\uc5c5 \ucd94\uc9c4\uc744 \ubcf8\uaca9\ud654\ud55c\ub2e4\ub294 \uad6c\uc0c1\uc774\ub2e4.\ud55c\ud3b8, \ub300\uc720\uc704\ub2c8\uc544\uadf8\ub8f9\uc740 \ub0b4\ub144 \ucd08 \uacbd\uae30\ub3c4 \uc131\ub0a8\uc73c\ub85c \uc0ac\uc625\uc744 \uc774\uc804\ud558\uace0, \uc81c2\uc758 \ub3c4\uc57d\uc744 \ucd94\uad6c\ud560 \uacc4\ud68d\uc774\ub2e4. \ub2e4\uc74c\uc740 \ub300\uc720\uc704\ub2c8\uc544\uadf8\ub8f9\uc758 2022\ub144 \uc815\uae30 \uc784\uc6d0 \uc778\uc0ac \uba85\ub2e8\uc774\ub2e4.[\uc778\uc0ac]\ub300\uc720\uc704\ub2c8\uc544\uadf8\ub8f9<\uc2b9\uc9c4>\u25c6\uc704\ub2c8\uc544\uc804\uc790\u25b7\ubd80\uc0ac\uc7a5(2\uae09) \u0394\uc7a5\ubd80\ubc31\u25b7\uc0c1\ubb34\ubcf4 \u0394\uae40\ucc3d\uc11d \u0394\ubb38\uc9c0\ud61c\u25c6\uc704\ub2c8\uc544\uc804\uc790\ub9e4\ub274\ud329\ucc98\ub9c1\u25b7\uc804\ubb34 \u0394\uae40\uc885\uba74\u25c6\uc704\ub2c8\uc544\ub524\ucc44\u25b7\ubd80\uc0ac\uc7a5(1\uae09) \u0394\ucd5c\ucc2c\uc218\u25b7\uc0c1\ubb34 \u0394\uae40\uc601\ud314 \u0394\ubc15\uc740\uc9c4\u25b7\uc0c1\ubb34\ubcf4 \u0394\uae40\uc885\ud45c \u0394\uc774\ucc3d\uc775 \u0394\uc774\uc815\uae30\u25c6\uc704\ub2c8\uc544\uc5d0\uc774\ub4dc\u25b7\uc804\ubb34 \u0394\uae40\uc778\uc11d\u25b7\uc0c1\ubb34\ubcf4 \u0394\uae40\ud76c\uc6c5 \u0394\uc774\ud589\uc7ac\u25c6\ub300\uc720\uc5d0\uc774\ud14d\u25b7\uc0c1\ubb34\ubcf4 \u0394\uc720\uc0c1\ud604 \u0394\ubb38\uacbd\uc77c\u25c6\ub300\uc720\ud50c\ub7ec\uc2a4\u25b7\ubd80\uc0ac\uc7a5(2\uae09) \u0394\ubc15\uc0c1\ubbfc\u25b7\uc0c1\ubb34\ubcf4 \u0394\ubc15\ubb38\uc218 \u0394\ucd5c\uc900\uc6a9\u25c6\ub300\uc720\uc5d0\uc774\ud53c\u25b7\uc0c1\ubb34\ubcf4 \u0394\uae40\ub300\uc2dd\u25c6\ub300\uc720\uae00\ub85c\ubc8c\u25b7\uc0c1\ubb34\ubcf4 \u0394\uae40\uc0bc\uaddc\u25c6\ub300\uc720\ubabd\ubca0\ub974\uc870\ud569\u25b7\uc0c1\ubb34\ubcf4 \u0394\uc7a5\uad00\ud76c\u25c6\ub3d9\uac15\ud640\ub529\uc2a4\u25b7\uc804\ubb34 \u0394\uc774\uc7ac\ud64d\n\t\t"}, {"market": "kospi", "sid": "000300", "codename": "\ub300\uc720\ud50c\ub7ec\uc2a4", "year": 2021, "month": 12, "article_url": "http://www.mediapen.com/news/view/682490", "news_company": "\ubbf8\ub514\uc5b4\ud39c", "title": "\ub300\uc720\uc704\ub2c8\uc544\uadf8\ub8f9, 2022\ub144 \uc815\uae30 \uc784\uc6d0 \uc778\uc0ac \uc2e4\uc2dc", "headline": null, "date_str": null, "writer": null, "section": null, "original_article_link": null, "article_body": null}, {"market": "kospi", "sid": "000300", "codename": "\ub300\uc720\ud50c\ub7ec\uc2a4", "year": 2021, "month": 12, "article_url": "https://m.news.naver.com/read?mode=LSD&mid=sec&sid1=101&oid=277&aid=0005008168", "news_company": "\uc544\uc2dc\uc544\uacbd\uc81c", "title": "\ub300\uc720\uc704\ub2c8\uc544, \ubd80\uc0ac\uc7a5 3\uba85 \uc2b9\uc9c4 \ub4f1 22\uba85 \uc784\uc6d0\uc778\uc0ac\u2026\ub0b4\ub144 \uc131\ub0a8\uc0ac\uc625 \uc774\uc804", "headline": "\ub300\uc720\uc704\ub2c8\uc544, \ubd80\uc0ac\uc7a5 3\uba85 \uc2b9\uc9c4 \ub4f1 22\uba85 \uc784\uc6d0\uc778\uc0ac\u2026\ub0b4\ub144 \uc131\ub0a8\uc0ac\uc625 \uc774\uc804", "date_str": "2021.12.01. \uc624\uc804 8:29", "writer": "\uae40\ud765\uc21c \uae30\uc790", "section": "\uacbd\uc81c", "original_article_link": "https://view.asiae.co.kr/article/2021120108294222668", "article_body": "\n\n\n\n\n\ucd5c\ucc2c\uc218 \uc704\ub2c8\uc544\ub524\ucc44 \ubd80\uc0ac\uc7a5(\uc67c\ucabd\ubd80\ud130), \uc7a5\ubd80\ubc31 \uc704\ub2c8\uc544\uc804\uc790 \ubd80\uc0ac\uc7a5, \ubc15\uc0c1\ubbfc \ub300\uc720\ud50c\ub7ec\uc2a4 \ubd80\uc0ac\uc7a5\ub300\uc720\uc704\ub2c8\uc544\uadf8\ub8f9\uc740 2022\ub144 \uc815\uae30\uc784\uc6d0 \uc778\uc0ac\ub97c \uc2e4\uc2dc\ud588\ub2e4\uace0 1\uc77c \ubc1d\ud614\ub2e4. \uc774\ubc88 \uc778\uc0ac\ub97c \ud1b5\ud574 \ubd80\uc0ac\uc7a5 3\uba85\uacfc \uc804\ubb34 3\uba85, \uc0c1\ubb34 2\uba85\uc744 \ud3ec\ud568\ud55c \uc784\uc6d0 \ucd1d 22\uba85\uc774 \uc2b9\uc9c4\ud588\ub2e4. \uc784\uc6d0 \uac00\uc6b4\ub370 1970\ub144\ub300\uc0dd\uc744 \ub2e4\uc218 \ubc1c\ud0c1\ud574 \uc5ed\ub3d9\uc131 \uc788\ub294 \uc870\uc9c1 \ubb38\ud654\ub97c \uaf80\ud558\uace0, \ub2e4\uc591\ud55c \uc2e0\uc0ac\uc5c5\uc744 \ubcf8\uaca9\uc801\uc73c\ub85c \ucd94\uc9c4\ud55c\ub2e4\ub294 \uad6c\uc0c1\uc744 \uc138\uc6e0\ub2e4. \ub300\uc720\uc704\ub2c8\uc544\uadf8\ub8f9\uc740 \uc774\ubc88 \uc784\uc6d0 \uc778\uc0ac\uac00 \uc5f0\uad6c\uac1c\ubc1c(R&D)\uacfc \uad6d\ub0b4 \uc601\uc5c5\uc5d0 \uc911\uc810\uc744 \ub480\ub2e4\uace0 \uc124\uba85\ud588\ub2e4. \ucf54\ub85c\ub09819\ub85c \ube60\ub974\uac8c \ubcc0\ud654\ud558\ub294 \uc2dc\uc7a5 \ud658\uacbd\uc5d0 \uc801\uadf9 \ub300\uc751\ud558\uae30 \uc704\ud574 \uc5f0\uad6c\uac1c\ubc1c \ub2a5\ub825\uc744 \uac15\ud654\ud558\uace0 \uc601\uc5c5 \uc5ed\ub7c9\uc744 \ud655\ubcf4\ud558\ub294\ub370 \uc9d1\uc911\ud55c\ub2e4\ub294 \ubc29\uce68\uc774\ub2e4. \ub610 \uc5b4\ub824\uc6cc\uc9c0\ub294 \uc2dc\uc7a5 \ud658\uacbd\uc744 \uadf9\ubcf5\ud558\uae30 \uc704\ud574 \uad6d\ub0b4 \uc2dc\uc7a5 \ud310\ub9e4\uc640\ube0c\ub79c\ub4dc \uc5ed\ub7c9\uc744 \ub192\uc774\ub294\ub370 \ud798\uc4f8 \uacc4\ud68d\uc774\ub77c\uace0 \ub367\ubd99\uc600\ub2e4.\ud55c\ud3b8 \ub300\uc720\uc704\ub2c8\uc544\uadf8\ub8f9\uc740 \uc81c 2\uc758 \ub3c4\uc57d\uc744 \ubaa9\ud45c\ub85c \ub0b4\ub144 \ucd08 \uacbd\uae30\ub3c4 \uc131\ub0a8\uc73c\ub85c \uc0ac\uc625\uc744 \uc774\uc804\ud560 \uacc4\ud68d\uc774\ub77c\uace0 \ubc1d\ud614\ub2e4. \ub300\uc720\uc704\ub2c8\uc544\uadf8\ub8f9\uc758 2022\ub144 \uc815\uae30 \uc784\uc6d0 \uc778\uc0ac \uba85\ub2e8\u25c7 \uc704\ub2c8\uc544\uc804\uc790\u25b2\ubd80\uc0ac\uc7a5(2\uae09) \uc7a5\ubd80\ubc31\u25b2\uc0c1\ubb34\ubcf4 \uae40\ucc3d\uc11d \ubb38\uc9c0\ud61c\u25c7 \uc704\ub2c8\uc544\uc804\uc790\ub9e4\ub274\ud329\ucc98\ub9c1\u25b2\uc804\ubb34 \uae40\uc885\uba74\u25c7 \uc704\ub2c8\uc544\ub524\ucc44\u25b2\ubd80\uc0ac\uc7a5(1\uae09) \ucd5c\ucc2c\uc218\u25b2\uc0c1\ubb34 \uae40\uc601\ud314 \ubc15\uc740\uc9c4\u25b2\uc0c1\ubb34\ubcf4 \uae40\uc885\ud45c \uc774\ucc3d\uc775 \uc774\uc815\uae30\u25c7 \uc704\ub2c8\uc544\uc5d0\uc774\ub4dc\u25b2\uc804\ubb34 \uae40\uc778\uc11d\u25b2\uc0c1\ubb34\ubcf4 \uae40\ud76c\uc6c5 \uc774\ud589\uc7ac\u25c7 \ub300\uc720\uc5d0\uc774\ud14d\u25b2\uc0c1\ubb34\ubcf4 \uc720\uc0c1\ud604 \ubb38\uacbd\uc77c\u25c7 \ub300\uc720\ud50c\ub7ec\uc2a4\u25b2\ubd80\uc0ac\uc7a5(2\uae09) \ubc15\uc0c1\ubbfc\u25b2\uc0c1\ubb34\ubcf4 \ubc15\ubb38\uc218 \ucd5c\uc900\uc6a9\u25c7 \ub300\uc720\uc5d0\uc774\ud53c\u25b2\uc0c1\ubb34\ubcf4 \uae40\ub300\uc2dd\u25c7 \ub300\uc720\uae00\ub85c\ubc8c\u25b2\uc0c1\ubb34\ubcf4 \uae40\uc0bc\uaddc\u25c7 \ub300\uc720\ubabd\ubca0\ub974\uc870\ud569\u25b2\uc0c1\ubb34\ubcf4 \uc7a5\uad00\ud76c\u25c7 \ub3d9\uac15\ud640\ub529\uc2a4\u25b2\uc804\ubb34 \uc774\uc7ac\ud64d\n"}, {"market": "kospi", "sid": "000300", "codename": "\ub300\uc720\ud50c\ub7ec\uc2a4", "year": 2021, "month": 12, "article_url": "http://www.shinailbo.co.kr/news/articleView.html?idxno=1488408", "news_company": "\uc2e0\uc544\uc77c\ubcf4", "title": "[\uc778\uc0ac] \ub300\uc720\uc704\ub2c8\uc544\uadf8\ub8f9", "headline": null, "date_str": null, "writer": null, "section": null, "original_article_link": null, "article_body": null}, {"market": "kospi", "sid": "000300", "codename": "\ub300\uc720\ud50c\ub7ec\uc2a4", "year": 2021, "month": 12, "article_url": "https://m.news.naver.com/read?mode=LSD&mid=sec&sid1=101&oid=001&aid=0012838177", "news_company": "\uc5f0\ud569\ub274\uc2a4", "title": "[\uc778\uc0ac] \ub300\uc720\uc704\ub2c8\uc544\uadf8\ub8f9", "headline": "[\uc778\uc0ac] \ub300\uc720\uc704\ub2c8\uc544\uadf8\ub8f9", "date_str": "2021.12.01. \uc624\uc804 8:27", "writer": "\uae40\ucca0\uc120 \uae30\uc790", "section": "\uacbd\uc81c", "original_article_link": "http://yna.kr/AKR20211201027800003?did=1195m", "article_body": "\n \uc704\ub2c8\uc544\uc804\uc790    \u25b2 \ubd80\uc0ac\uc7a5 \uc7a5\ubd80\ubc31    \u25b2 \uc0c1\ubb34\ubcf4 \uae40\ucc3d\uc11d \ubb38\uc9c0\ud61c \uc704\ub2c8\uc544\uc804\uc790\ub9e4\ub274\ud329\ucc98\ub9c1    \u25b2 \uc804\ubb34 \uae40\uc885\uba74 \uc704\ub2c8\uc544\ub524\ucc44    \u25b2 \ubd80\uc0ac\uc7a5 \ucd5c\ucc2c\uc218    \u25b2 \uc0c1\ubb34 \uae40\uc601\ud314 \ubc15\uc740\uc9c4    \u25b2 \uc0c1\ubb34\ubcf4 \uae40\uc885\ud45c \uc774\ucc3d\uc775 \uc774\uc815\uae30 \uc704\ub2c8\uc544\uc5d0\uc774\ub4dc    \u25b2 \uc804\ubb34 \uae40\uc778\uc11d    \u25b2 \uc0c1\ubb34\ubcf4 \uae40\ud76c\uc6c5 \uc774\ud589\uc7ac \ub300\uc720\uc5d0\uc774\ud14d    \u25b2 \uc0c1\ubb34\ubcf4 \uc720\uc0c1\ud604 \ubb38\uacbd\uc77c \ub300\uc720\ud50c\ub7ec\uc2a4    \u25b2 \ubd80\uc0ac\uc7a5 \ubc15\uc0c1\ubbfc    \u25b2 \uc0c1\ubb34\ubcf4 \ubc15\ubb38\uc218 \ucd5c\uc900\uc6a9 \ub300\uc720\uc5d0\uc774\ud53c    \u25b2 \uc0c1\ubb34\ubcf4 \uae40\ub300\uc2dd \ub300\uc720\uae00\ub85c\ubc8c    \u25b2 \uc0c1\ubb34\ubcf4 \uae40\uc0bc\uaddc \ub300\uc720\ubabd\ubca0\ub974\uc870\ud569    \u25b2 \uc0c1\ubb34\ubcf4 \uc7a5\uad00\ud76c \ub3d9\uac15\ud640\ub529\uc2a4    \u25b2 \uc804\ubb34 \uc774\uc7ac\ud64d (\uc11c\uc6b8=\uc5f0\ud569\ub274\uc2a4)\n"}, {"market": "kospi", "sid": "000300", "codename": "\ub300\uc720\ud50c\ub7ec\uc2a4", "year": 2021, "month": 12, "article_url": "https://m.news.naver.com/read?mode=LSD&mid=sec&sid1=102&oid=421&aid=0005756524", "news_company": "\ub274\uc2a41", "title": "\ub300\uc720\uc704\ub2c8\uc544\uadf8\ub8f9, 2022\ub144 \uc815\uae30 \uc784\uc6d0 \uc778\uc0ac\u2026\"R&D, \uad6d\ub0b4 \uc601\uc5c5 \uc911\uc810\"", "headline": "\ub300\uc720\uc704\ub2c8\uc544\uadf8\ub8f9, 2022\ub144 \uc815\uae30 \uc784\uc6d0 \uc778\uc0ac\u2026\"R&D, \uad6d\ub0b4 \uc601\uc5c5 \uc911\uc810\"", "date_str": "2021.12.01. \uc624\uc804 8:34", "writer": "\ub958\uc815\ubbfc \uae30\uc790", "section": "\uc0ac\ud68c", "original_article_link": "https://www.news1.kr/articles/?4509210", "article_body": "\n\ucd1d 22\uba85 \uc2b9\uc9c4 \ubc1c\ub839, 1970\ub144\ub300 \uc0dd \ub2e4\uc218 \ubc1c\ud0c1\n\n\n\n\u00a9 \ub274\uc2a41(\uc11c\uc6b8=\ub274\uc2a41) \ub958\uc815\ubbfc \uae30\uc790 = \ub300\uc720\uc704\ub2c8\uc544\uadf8\ub8f9\uc740 \ucd1d 22\uba85\uc744 \uc2b9\uc9c4 \ubc1c\ub839\ud558\ub294 \ub0b4\uc6a9\uc758 2022\ub144 \uc815\uae30 \uc784\uc6d0\uc778\uc0ac\ub97c \ub2e8\ud589\ud588\ub2e4\uace0 1\uc77c \ubc1d\ud614\ub2e4. \uc138\ubd80\uc801\uc73c\ub294 \ubd80\uc0ac\uc7a5 3\uba85, \uc804\ubb34 3\uba85, \uc0c1\ubb34 2\uba85, \uc0c1\ubb34\ubcf4 14\uba85 \ub4f1\uc774\ub2e4. \uc784\uc6d0 \uc778\uc0ac\ub294 \ub0b4\ub144 1\uc6d4 1\uc77c\ubd80\ub85c \uc2dc\ud589\ub41c\ub2e4.\ub300\uc720\uc704\ub2c8\uc544\uadf8\ub8f9 \uce21\uc740 \"\uc774\ubc88 \uc784\uc6d0 \uc778\uc0ac\uc5d0\uc11c\ub294 \uc5f0\uad6c\uac1c\ubc1c(R&D) \ubc0f \uad6d\ub0b4 \uc601\uc5c5\uc5d0 \uc911\uc810\uc744 \ub480\ub2e4\"\uba70 \"\ucf54\ub85c\ub09819\ub85c \ube60\ub974\uac8c \ubcc0\ud654\ud558\ub294 \uc2dc\uc7a5 \ud658\uacbd\uc5d0 \uc801\uadf9 \ub300\uc751\ud558\uae30 \uc704\ud574 \uc5f0\uad6c\uac1c\ubc1c \ub2a5\ub825 \uac15\ud654\uc640 \uc601\uc5c5 \uc5ed\ub7c9 \ud655\ubcf4\uc5d0 \uc9d1\uc911\ud55c\ub2e4\ub294 \ubc29\uce68\"\uc774\ub77c\uace0 \uc124\uba85\ud588\ub2e4. \uc774\uc5b4 \"\ub354\uc6b1 \uc5b4\ub824\uc6cc\uc9c0\ub294 \uc2dc\uc7a5 \ud658\uacbd\uc744 \uadf9\ubcf5\ud558\uae30 \uc704\ud574 \uad6d\ub0b4 \uc2dc\uc7a5 \ud310\ub9e4 \ubc0f \ube0c\ub79c\ub4dc \uc5ed\ub7c9\uc744 \ub192\uc774\ub294\ub370 \ud798\uc4f8 \uacc4\ud68d\"\uc774\ub77c\uace0 \ubd80\uc5f0\ud588\ub2e4.\ub300\uc720\uc704\ub2c8\uc544\uadf8\ub8f9\uc740 \uc774\ubc88 \uc784\uc6d0 \uc778\uc0ac\uc5d0\uc11c \ube44\uc804\uacfc \uc5ed\ub7c9\uc744 \uac16\ucd98 \uc80a\uace0 \uc5ed\ub3d9\uc131 \uc788\ub294 1970\ub144\ub300 \uc0dd \uc784\uc6d0\uc744 \ub2e4\uc218 \ubc1c\ud0c1\ud588\ub2e4. \uc774\ub97c \ud1b5\ud574 \uc870\uc9c1 \ubb38\ud654\ub97c \uac1c\uc120\ud558\uace0, \ub2e4\uc591\ud55c \uc2e0\uc0ac\uc5c5 \ucd94\uc9c4\uc744 \ubcf8\uaca9\ud654\ud55c\ub2e4\ub294 \uad6c\uc0c1\uc774\ub2e4.\ud55c\ud3b8, \ub300\uc720\uc704\ub2c8\uc544\uadf8\ub8f9\uc740 \ub0b4\ub144 \ucd08 \uacbd\uae30\ub3c4 \uc131\ub0a8\uc73c\ub85c \uc0ac\uc625\uc744 \uc774\uc804\ud558\uace0, \uc81c2\uc758 \ub3c4\uc57d\uc744 \ucd94\uad6c\ud560 \uacc4\ud68d\uc774\ub2e4. \ub2e4\uc74c\uc740 \ub300\uc720\uc704\ub2c8\uc544\uadf8\ub8f9\uc758 2022\ub144 \uc815\uae30 \uc784\uc6d0 \uc778\uc0ac \uba85\ub2e8\uc774\ub2e4.[\uc778\uc0ac]\ub300\uc720\uc704\ub2c8\uc544\uadf8\ub8f9<\uc2b9\uc9c4>\u25c6\uc704\ub2c8\uc544\uc804\uc790\u25b7\ubd80\uc0ac\uc7a5(2\uae09) \u0394\uc7a5\ubd80\ubc31\u25b7\uc0c1\ubb34\ubcf4 \u0394\uae40\ucc3d\uc11d \u0394\ubb38\uc9c0\ud61c\u25c6\uc704\ub2c8\uc544\uc804\uc790\ub9e4\ub274\ud329\ucc98\ub9c1\u25b7\uc804\ubb34 \u0394\uae40\uc885\uba74\u25c6\uc704\ub2c8\uc544\ub524\ucc44\u25b7\ubd80\uc0ac\uc7a5(1\uae09) \u0394\ucd5c\ucc2c\uc218\u25b7\uc0c1\ubb34 \u0394\uae40\uc601\ud314 \u0394\ubc15\uc740\uc9c4\u25b7\uc0c1\ubb34\ubcf4 \u0394\uae40\uc885\ud45c \u0394\uc774\ucc3d\uc775 \u0394\uc774\uc815\uae30\u25c6\uc704\ub2c8\uc544\uc5d0\uc774\ub4dc\u25b7\uc804\ubb34 \u0394\uae40\uc778\uc11d\u25b7\uc0c1\ubb34\ubcf4 \u0394\uae40\ud76c\uc6c5 \u0394\uc774\ud589\uc7ac\u25c6\ub300\uc720\uc5d0\uc774\ud14d\u25b7\uc0c1\ubb34\ubcf4 \u0394\uc720\uc0c1\ud604 \u0394\ubb38\uacbd\uc77c\u25c6\ub300\uc720\ud50c\ub7ec\uc2a4\u25b7\ubd80\uc0ac\uc7a5(2\uae09) \u0394\ubc15\uc0c1\ubbfc\u25b7\uc0c1\ubb34\ubcf4 \u0394\ubc15\ubb38\uc218 \u0394\ucd5c\uc900\uc6a9\u25c6\ub300\uc720\uc5d0\uc774\ud53c\u25b7\uc0c1\ubb34\ubcf4 \u0394\uae40\ub300\uc2dd\u25c6\ub300\uc720\uae00\ub85c\ubc8c\u25b7\uc0c1\ubb34\ubcf4 \u0394\uae40\uc0bc\uaddc\u25c6\ub300\uc720\ubabd\ubca0\ub974\uc870\ud569\u25b7\uc0c1\ubb34\ubcf4 \u0394\uc7a5\uad00\ud76c\u25c6\ub3d9\uac15\ud640\ub529\uc2a4\u25b7\uc804\ubb34 \u0394\uc774\uc7ac\ud64d\n\t\t"}, {"market": "kospi", "sid": "000300", "codename": "\ub300\uc720\ud50c\ub7ec\uc2a4", "year": 2021, "month": 12, "article_url": "http://www.mediapen.com/news/view/682490", "news_company": "\ubbf8\ub514\uc5b4\ud39c", "title": "\ub300\uc720\uc704\ub2c8\uc544\uadf8\ub8f9, 2022\ub144 \uc815\uae30 \uc784\uc6d0 \uc778\uc0ac \uc2e4\uc2dc", "headline": null, "date_str": null, "writer": null, "section": null, "original_article_link": null, "article_body": null}, {"market": "kospi", "sid": "000300", "codename": "\ub300\uc720\ud50c\ub7ec\uc2a4", "year": 2021, "month": 12, "article_url": "https://m.news.naver.com/read?mode=LSD&mid=sec&sid1=101&oid=277&aid=0005008168", "news_company": "\uc544\uc2dc\uc544\uacbd\uc81c", "title": "\ub300\uc720\uc704\ub2c8\uc544, \ubd80\uc0ac\uc7a5 3\uba85 \uc2b9\uc9c4 \ub4f1 22\uba85 \uc784\uc6d0\uc778\uc0ac\u2026\ub0b4\ub144 \uc131\ub0a8\uc0ac\uc625 \uc774\uc804", "headline": "\ub300\uc720\uc704\ub2c8\uc544, \ubd80\uc0ac\uc7a5 3\uba85 \uc2b9\uc9c4 \ub4f1 22\uba85 \uc784\uc6d0\uc778\uc0ac\u2026\ub0b4\ub144 \uc131\ub0a8\uc0ac\uc625 \uc774\uc804", "date_str": "2021.12.01. \uc624\uc804 8:29", "writer": "\uae40\ud765\uc21c \uae30\uc790", "section": "\uacbd\uc81c", "original_article_link": "https://view.asiae.co.kr/article/2021120108294222668", "article_body": "\n\n\n\n\n\ucd5c\ucc2c\uc218 \uc704\ub2c8\uc544\ub524\ucc44 \ubd80\uc0ac\uc7a5(\uc67c\ucabd\ubd80\ud130), \uc7a5\ubd80\ubc31 \uc704\ub2c8\uc544\uc804\uc790 \ubd80\uc0ac\uc7a5, \ubc15\uc0c1\ubbfc \ub300\uc720\ud50c\ub7ec\uc2a4 \ubd80\uc0ac\uc7a5\ub300\uc720\uc704\ub2c8\uc544\uadf8\ub8f9\uc740 2022\ub144 \uc815\uae30\uc784\uc6d0 \uc778\uc0ac\ub97c \uc2e4\uc2dc\ud588\ub2e4\uace0 1\uc77c \ubc1d\ud614\ub2e4. \uc774\ubc88 \uc778\uc0ac\ub97c \ud1b5\ud574 \ubd80\uc0ac\uc7a5 3\uba85\uacfc \uc804\ubb34 3\uba85, \uc0c1\ubb34 2\uba85\uc744 \ud3ec\ud568\ud55c \uc784\uc6d0 \ucd1d 22\uba85\uc774 \uc2b9\uc9c4\ud588\ub2e4. \uc784\uc6d0 \uac00\uc6b4\ub370 1970\ub144\ub300\uc0dd\uc744 \ub2e4\uc218 \ubc1c\ud0c1\ud574 \uc5ed\ub3d9\uc131 \uc788\ub294 \uc870\uc9c1 \ubb38\ud654\ub97c \uaf80\ud558\uace0, \ub2e4\uc591\ud55c \uc2e0\uc0ac\uc5c5\uc744 \ubcf8\uaca9\uc801\uc73c\ub85c \ucd94\uc9c4\ud55c\ub2e4\ub294 \uad6c\uc0c1\uc744 \uc138\uc6e0\ub2e4. \ub300\uc720\uc704\ub2c8\uc544\uadf8\ub8f9\uc740 \uc774\ubc88 \uc784\uc6d0 \uc778\uc0ac\uac00 \uc5f0\uad6c\uac1c\ubc1c(R&D)\uacfc \uad6d\ub0b4 \uc601\uc5c5\uc5d0 \uc911\uc810\uc744 \ub480\ub2e4\uace0 \uc124\uba85\ud588\ub2e4. \ucf54\ub85c\ub09819\ub85c \ube60\ub974\uac8c \ubcc0\ud654\ud558\ub294 \uc2dc\uc7a5 \ud658\uacbd\uc5d0 \uc801\uadf9 \ub300\uc751\ud558\uae30 \uc704\ud574 \uc5f0\uad6c\uac1c\ubc1c \ub2a5\ub825\uc744 \uac15\ud654\ud558\uace0 \uc601\uc5c5 \uc5ed\ub7c9\uc744 \ud655\ubcf4\ud558\ub294\ub370 \uc9d1\uc911\ud55c\ub2e4\ub294 \ubc29\uce68\uc774\ub2e4. \ub610 \uc5b4\ub824\uc6cc\uc9c0\ub294 \uc2dc\uc7a5 \ud658\uacbd\uc744 \uadf9\ubcf5\ud558\uae30 \uc704\ud574 \uad6d\ub0b4 \uc2dc\uc7a5 \ud310\ub9e4\uc640\ube0c\ub79c\ub4dc \uc5ed\ub7c9\uc744 \ub192\uc774\ub294\ub370 \ud798\uc4f8 \uacc4\ud68d\uc774\ub77c\uace0 \ub367\ubd99\uc600\ub2e4.\ud55c\ud3b8 \ub300\uc720\uc704\ub2c8\uc544\uadf8\ub8f9\uc740 \uc81c 2\uc758 \ub3c4\uc57d\uc744 \ubaa9\ud45c\ub85c \ub0b4\ub144 \ucd08 \uacbd\uae30\ub3c4 \uc131\ub0a8\uc73c\ub85c \uc0ac\uc625\uc744 \uc774\uc804\ud560 \uacc4\ud68d\uc774\ub77c\uace0 \ubc1d\ud614\ub2e4. \ub300\uc720\uc704\ub2c8\uc544\uadf8\ub8f9\uc758 2022\ub144 \uc815\uae30 \uc784\uc6d0 \uc778\uc0ac \uba85\ub2e8\u25c7 \uc704\ub2c8\uc544\uc804\uc790\u25b2\ubd80\uc0ac\uc7a5(2\uae09) \uc7a5\ubd80\ubc31\u25b2\uc0c1\ubb34\ubcf4 \uae40\ucc3d\uc11d \ubb38\uc9c0\ud61c\u25c7 \uc704\ub2c8\uc544\uc804\uc790\ub9e4\ub274\ud329\ucc98\ub9c1\u25b2\uc804\ubb34 \uae40\uc885\uba74\u25c7 \uc704\ub2c8\uc544\ub524\ucc44\u25b2\ubd80\uc0ac\uc7a5(1\uae09) \ucd5c\ucc2c\uc218\u25b2\uc0c1\ubb34 \uae40\uc601\ud314 \ubc15\uc740\uc9c4\u25b2\uc0c1\ubb34\ubcf4 \uae40\uc885\ud45c \uc774\ucc3d\uc775 \uc774\uc815\uae30\u25c7 \uc704\ub2c8\uc544\uc5d0\uc774\ub4dc\u25b2\uc804\ubb34 \uae40\uc778\uc11d\u25b2\uc0c1\ubb34\ubcf4 \uae40\ud76c\uc6c5 \uc774\ud589\uc7ac\u25c7 \ub300\uc720\uc5d0\uc774\ud14d\u25b2\uc0c1\ubb34\ubcf4 \uc720\uc0c1\ud604 \ubb38\uacbd\uc77c\u25c7 \ub300\uc720\ud50c\ub7ec\uc2a4\u25b2\ubd80\uc0ac\uc7a5(2\uae09) \ubc15\uc0c1\ubbfc\u25b2\uc0c1\ubb34\ubcf4 \ubc15\ubb38\uc218 \ucd5c\uc900\uc6a9\u25c7 \ub300\uc720\uc5d0\uc774\ud53c\u25b2\uc0c1\ubb34\ubcf4 \uae40\ub300\uc2dd\u25c7 \ub300\uc720\uae00\ub85c\ubc8c\u25b2\uc0c1\ubb34\ubcf4 \uae40\uc0bc\uaddc\u25c7 \ub300\uc720\ubabd\ubca0\ub974\uc870\ud569\u25b2\uc0c1\ubb34\ubcf4 \uc7a5\uad00\ud76c\u25c7 \ub3d9\uac15\ud640\ub529\uc2a4\u25b2\uc804\ubb34 \uc774\uc7ac\ud64d\n"}, {"market": "kospi", "sid": "000300", "codename": "\ub300\uc720\ud50c\ub7ec\uc2a4", "year": 2021, "month": 12, "article_url": "http://www.shinailbo.co.kr/news/articleView.html?idxno=1488408", "news_company": "\uc2e0\uc544\uc77c\ubcf4", "title": "[\uc778\uc0ac] \ub300\uc720\uc704\ub2c8\uc544\uadf8\ub8f9", "headline": null, "date_str": null, "writer": null, "section": null, "original_article_link": null, "article_body": null}, {"market": "kospi", "sid": "000300", "codename": "\ub300\uc720\ud50c\ub7ec\uc2a4", "year": 2021, "month": 12, "article_url": "https://m.news.naver.com/read?mode=LSD&mid=sec&sid1=101&oid=001&aid=0012838177", "news_company": "\uc5f0\ud569\ub274\uc2a4", "title": "[\uc778\uc0ac] \ub300\uc720\uc704\ub2c8\uc544\uadf8\ub8f9", "headline": "[\uc778\uc0ac] \ub300\uc720\uc704\ub2c8\uc544\uadf8\ub8f9", "date_str": "2021.12.01. \uc624\uc804 8:27", "writer": "\uae40\ucca0\uc120 \uae30\uc790", "section": "\uacbd\uc81c", "original_article_link": "http://yna.kr/AKR20211201027800003?did=1195m", "article_body": "\n \uc704\ub2c8\uc544\uc804\uc790    \u25b2 \ubd80\uc0ac\uc7a5 \uc7a5\ubd80\ubc31    \u25b2 \uc0c1\ubb34\ubcf4 \uae40\ucc3d\uc11d \ubb38\uc9c0\ud61c \uc704\ub2c8\uc544\uc804\uc790\ub9e4\ub274\ud329\ucc98\ub9c1    \u25b2 \uc804\ubb34 \uae40\uc885\uba74 \uc704\ub2c8\uc544\ub524\ucc44    \u25b2 \ubd80\uc0ac\uc7a5 \ucd5c\ucc2c\uc218    \u25b2 \uc0c1\ubb34 \uae40\uc601\ud314 \ubc15\uc740\uc9c4    \u25b2 \uc0c1\ubb34\ubcf4 \uae40\uc885\ud45c \uc774\ucc3d\uc775 \uc774\uc815\uae30 \uc704\ub2c8\uc544\uc5d0\uc774\ub4dc    \u25b2 \uc804\ubb34 \uae40\uc778\uc11d    \u25b2 \uc0c1\ubb34\ubcf4 \uae40\ud76c\uc6c5 \uc774\ud589\uc7ac \ub300\uc720\uc5d0\uc774\ud14d    \u25b2 \uc0c1\ubb34\ubcf4 \uc720\uc0c1\ud604 \ubb38\uacbd\uc77c \ub300\uc720\ud50c\ub7ec\uc2a4    \u25b2 \ubd80\uc0ac\uc7a5 \ubc15\uc0c1\ubbfc    \u25b2 \uc0c1\ubb34\ubcf4 \ubc15\ubb38\uc218 \ucd5c\uc900\uc6a9 \ub300\uc720\uc5d0\uc774\ud53c    \u25b2 \uc0c1\ubb34\ubcf4 \uae40\ub300\uc2dd \ub300\uc720\uae00\ub85c\ubc8c    \u25b2 \uc0c1\ubb34\ubcf4 \uae40\uc0bc\uaddc \ub300\uc720\ubabd\ubca0\ub974\uc870\ud569    \u25b2 \uc0c1\ubb34\ubcf4 \uc7a5\uad00\ud76c \ub3d9\uac15\ud640\ub529\uc2a4    \u25b2 \uc804\ubb34 \uc774\uc7ac\ud64d (\uc11c\uc6b8=\uc5f0\ud569\ub274\uc2a4)\n"}, {"market": "kospi", "sid": "000300", "codename": "\ub300\uc720\ud50c\ub7ec\uc2a4", "year": 2021, "month": 12, "article_url": "https://m.etoday.co.kr/view.php?idxno=2082935", "news_company": "\uc774\ud22c\ub370\uc774", "title": "[\uc778\uc0ac] \ub300\uc720\uc704\ub2c8\uc544\uadf8\ub8f9", "headline": null, "date_str": null, "writer": null, "section": null, "original_article_link": null, "article_body": null}, {"market": "kospi", "sid": "000300", "codename": "\ub300\uc720\ud50c\ub7ec\uc2a4", "year": 2021, "month": 12, "article_url": "http://www.sportsseoul.com/news/read/1080961?ref=naver", "news_company": "\uc2a4\ud3ec\uce20\uc11c\uc6b8", "title": "\ub300\uc720\uc704\ub2c8\uc544\uadf8\ub8f9, 2022\ub144 \uc815\uae30 \uc784\uc6d0 \uc778\uc0ac\u202670\ub144\ub300 \uc0dd \uc784\uc6d0 \ubc1c\ud0c1", "headline": null, "date_str": null, "writer": null, "section": null, "original_article_link": null, "article_body": null}, {"market": "kospi", "sid": "000300", "codename": "\ub300\uc720\ud50c\ub7ec\uc2a4", "year": 2021, "month": 12, "article_url": "https://m.news.naver.com/read?mode=LSD&mid=sec&sid1=102&oid=366&aid=0000777329", "news_company": "\uc870\uc120\ube44\uc988", "title": "[\uc778\uc0ac] \ub300\uc720\uc704\ub2c8\uc544 \uadf8\ub8f9", "headline": "[\uc778\uc0ac] \ub300\uc720\uc704\ub2c8\uc544 \uadf8\ub8f9", "date_str": "2021.12.01. \uc624\uc804 8:18", "writer": "\ubc15\uc9c4\uc6b0 \uae30\uc790", "section": "\uc0ac\ud68c", "original_article_link": "https://biz.chosun.com/notice/appointment/2021/12/01/LLHNLRMDMRGODC2YRNM3X7632A/?utm_source=naver&utm_medium=original&utm_campaign=biz", "article_body": "\n\t\t\t        <\uc704\ub2c8\uc544 \uc804\uc790>\u25c7\ubd80\uc0ac\uc7a5(2\uae09) \uc2b9\uc9c4\u25b2\uc7a5\ubb34\ubc31 \ubd80\uc0ac\uc7a5\u25c7\uc0c1\ubb34\ubcf4 \uc2b9\uc9c4\u25b2\uae40\ucc3d\uc11d \uc0c1\ubb34\ubcf4 \u25b2\ubb38\uc9c0\ud61c \uc0c1\ubb34\ubcf4<\uc704\ub2c8\uc544\uc804\uc790\uba54\ub274\ud329\ud130\ub9c1>\u25c7\uc804\ubb34 \uc2b9\uc9c4\u25b2\uae40\uc885\uba74 \uc804\ubb34<\uc704\ub2c8\uc544\ub524\ucc44>\u25c7\ubd80\uc0ac\uc7a5(1\uae09) \uc2b9\uc9c4\u25b2\ucd5c\ucc2c\uc218 \ubd80\uc0ac\uc7a5\u25c7\uc0c1\ubb34 \uc2b9\uc9c4\u25b2\uae40\uc601\ud314 \uc0c1\ubb34 \u25b2\ubc15\uc740\uc9c4 \uc0c1\ubb34\u25c7\uc0c1\ubb34\ubcf4 \uc2b9\uc9c4\u25b2\uae40\uc885\ud45c \uc0c1\ubb34\ubcf4 \u25b2\uc774\ucc3d\uc775 \uc0c1\ubb34\ubcf4 \u25b2\uc774\uc815\uae30 \uc0c1\ubb34\ubcf4<\uc704\ub2c8\uc544\uc5d0\uc774\ub4dc>\u25c7\uc804\ubb34 \uc2b9\uc9c4\u25b2\uae40\uc778\uc11d \uc804\ubb34\u25c7\uc0c1\ubb34\ubcf4 \uc2b9\uc9c4\u25b2\uae40\ud76c\uc6c5 \uc0c1\ubb34\ubcf4 \u25b2\uc774\ud589\uc7ac \uc0c1\ubb34\ubcf4<\ub300\uc720\uc5d0\uc774\ud14d>\u25c7\uc0c1\ubb34\ubcf4 \uc2b9\uc9c4\u25b2\uc720\uc0c1\ud604 \uc0c1\ubb34\ubcf4 \u25b2\ubb38\uacbd\uc77c \uc0c1\ubb34\ubcf4<\ub300\uc720\ud50c\ub7ec\uc2a4>\u25c7\ubd80\uc0ac\uc7a5(2\uae09) \uc2b9\uc9c4\u25b2\ubc15\uc0c1\ubbfc \ubd80\uc0ac\uc7a5\u25c7\uc0c1\ubb34\ubcf4 \uc2b9\uc9c4\u25b2\ubc15\ubb38\uc218 \uc0c1\ubb34\ubcf4 \u25b2\ucd5c\uc900\uc6a9 \uc0c1\ubb34\ubcf4<\ub300\uc720\uc5d0\uc774\ud53c>\u25c7\uc0c1\ubb34\ubcf4 \uc2b9\uc9c4\u25b2\uae40\ub300\uc2dd \uc0c1\ubb34\ubcf4<\ub300\uc720\uae00\ub85c\ubc8c>\u25c7\uc0c1\ubb34\ubcf4 \uc2b9\uc9c4\u25b2\uae40\uc0bc\uaddc \uc0c1\ubb34\ubcf4<\ub300\uc720\ubabd\ubca0\ub974\uc870\ud569>\u25c7\uc0c1\ubb34\ubcf4 \uc2b9\uc9c4\u25b2\uc7a5\uad00\ud76c \uc0c1\ubb34\ubcf4<\ub3d9\uac15\ud640\ub529\uc2a4>\u25c7\uc804\ubb34 \uc2b9\uc9c4\u25b2\uc774\uc7ac\ud64d \uc804\ubb34\n"}, {"market": "kospi", "sid": "000300", "codename": "\ub300\uc720\ud50c\ub7ec\uc2a4", "year": 2021, "month": 12, "article_url": "https://m.ajunews.com/view/20211201081529980", "news_company": "\uc544\uc8fc\uacbd\uc81c", "title": "[\uc778\uc0ac] \ub300\uc720\uc704\ub2c8\uc544\uadf8\ub8f9 2022\ub144\ub3c4 \uc784\uc6d0\uc778\uc0ac", "headline": null, "date_str": null, "writer": null, "section": null, "original_article_link": null, "article_body": null}, {"market": "kospi", "sid": "000300", "codename": "\ub300\uc720\ud50c\ub7ec\uc2a4", "year": 2021, "month": 12, "article_url": "http://m.lawissue.co.kr/view.php?ud=202112010807402804204ead0791_12", "news_company": "\ub85c\uc774\uc288", "title": "\ub300\uc720\uc704\ub2c8\uc544\uadf8\ub8f9, 2022\ub144 \uc815\uae30 \uc784\uc6d0 \uc778\uc0ac \uc2e4\uc2dc", "headline": null, "date_str": null, "writer": null, "section": null, "original_article_link": null, "article_body": null}, {"market": "kospi", "sid": "000300", "codename": "\ub300\uc720\ud50c\ub7ec\uc2a4", "year": 2021, "month": 12, "article_url": "http://m.g-enews.com/view.php?ud=202112010606046011e250e8e188_1", "news_company": "\uae00\ub85c\ubc8c\uc774\ucf54\ub178\ubbf9", "title": "[\ub274\uc695 e\uc885\ubaa9] \uc804\uae30\ucc28 \ucda9\uc804\uc8fc \ud30c\uc774\uc624\ub2c8\uc5b4 \ud30c\uc6cc 32.50% \ud3ed\ub4f1\u2026 \uad6d\ub0b4 \uc218\ud61c\uc8fc\ub294?", "headline": null, "date_str": null, "writer": null, "section": null, "original_article_link": null, "article_body": null}, {"market": "kospi", "sid": "000300", "codename": "\ub300\uc720\ud50c\ub7ec\uc2a4", "year": 2021, "month": 12, "article_url": "http://m.g-enews.com/view.php?ud=202112010606046011e250e8e188_1", "news_company": "\uae00\ub85c\ubc8c\uc774\ucf54\ub178\ubbf9", "title": "[\ub274\uc695 e\uc885\ubaa9] \uc804\uae30\ucc28 \ucda9\uc804\uc8fc \ud30c\uc774\uc624\ub2c8\uc5b4 \ud30c\uc6cc 32.50% \ud3ed\ub4f1\u2026 \uad6d\ub0b4 \uc218\ud61c\uc8fc\ub294?", "headline": null, "date_str": null, "writer": null, "section": null, "original_article_link": null, "article_body": null}]}