{"data": [{"market": "kospi", "sid": "000850", "codename": "\ud654\ucc9c\uae30\uacf5", "year": 2020, "month": 1, "article_url": "http://nbntv.co.kr/news/view/808921", "news_company": "\ub0b4\uc678\uacbd\uc81ctv", "title": "\uc2e4\uc2dc\uac04\uc8fc\uc2dd\ud604\ud669 \ud654\ucc9c\uae30\uacf5 \uc8fc\uac00 14\uc77c \ud604\uc7ac 40,500\uc6d0", "headline": null, "date_str": null, "writer": null, "section": null, "original_article_link": null, "article_body": null}, {"market": "kospi", "sid": "000850", "codename": "\ud654\ucc9c\uae30\uacf5", "year": 2020, "month": 1, "article_url": "http://www.gokorea.kr/news/articleView.html?idxno=631852", "news_company": "\uacf5\uac10\uc2e0\ubb38", "title": "\ud654\ucc9c\uae30\uacf5(000850), 14\uc77c 1.38%", "headline": null, "date_str": null, "writer": null, "section": null, "original_article_link": null, "article_body": null}]}