{"data": [{"market": "kospi", "sid": "000640", "codename": "\ub3d9\uc544\uc3d8\uc2dc\uc624\ud640\ub529\uc2a4", "year": 2021, "month": 12, "article_url": "http://www.babytimes.co.kr/news/articleView.html?idxno=53097", "news_company": "\ubca0\uc774\ube44\ud0c0\uc784\uc988", "title": "[\uc778\uc0ac] \ub3d9\uc544\uc3d8\uc2dc\uc624\uadf8\ub8f9 \uc784\uc6d0 \uc778\uc0ac", "headline": null, "date_str": null, "writer": null, "section": null, "original_article_link": null, "article_body": null}, {"market": "kospi", "sid": "000640", "codename": "\ub3d9\uc544\uc3d8\uc2dc\uc624\ud640\ub529\uc2a4", "year": 2021, "month": 12, "article_url": "http://www.monews.co.kr/news/articleView.html?idxno=308915", "news_company": "\uba54\ub514\uce7c\uc5c5\uc800\ubc84", "title": "[\uc778\uc0ac] \ub3d9\uc544\uc3d8\uc2dc\uc624\uadf8\ub8f9 \uc784\uc6d0 \uc778\uc0ac", "headline": null, "date_str": null, "writer": null, "section": null, "original_article_link": null, "article_body": null}, {"market": "kospi", "sid": "000640", "codename": "\ub3d9\uc544\uc3d8\uc2dc\uc624\ud640\ub529\uc2a4", "year": 2021, "month": 12, "article_url": "http://www.wolyo.co.kr/news/articleView.html?idxno=126793", "news_company": "\uc6d4\uc694\uc2e0\ubb38", "title": "[\uc778\uc0ac] \ub3d9\uc544\uc3d8\uc2dc\uc624\uadf8\ub8f9", "headline": null, "date_str": null, "writer": null, "section": null, "original_article_link": null, "article_body": null}, {"market": "kospi", "sid": "000640", "codename": "\ub3d9\uc544\uc3d8\uc2dc\uc624\ud640\ub529\uc2a4", "year": 2021, "month": 12, "article_url": "http://m.rapportian.com/news/articleView.html?idxno=141377", "news_company": "\ub77c\ud3ec\ub974\uc2dc\uc548", "title": "\ub3d9\uc544\uc3d8\uc2dc\uc624\uadf8\ub8f9 \uc784\uc6d0 \uc778\uc0ac", "headline": null, "date_str": null, "writer": null, "section": null, "original_article_link": null, "article_body": null}, {"market": "kospi", "sid": "000640", "codename": "\ub3d9\uc544\uc3d8\uc2dc\uc624\ud640\ub529\uc2a4", "year": 2021, "month": 12, "article_url": "http://www.newswatch.kr/news/articleView.html?idxno=57314", "news_company": "\ub274\uc2a4\uc6cc\uce58", "title": "[\uc778\uc0ac] \ub3d9\uc544\uc3d8\uc2dc\uc624\uadf8\ub8f9, \uc784\uc6d0 \uc778\uc0ac \ub2e8\ud589", "headline": null, "date_str": null, "writer": null, "section": null, "original_article_link": null, "article_body": null}, {"market": "kospi", "sid": "000640", "codename": "\ub3d9\uc544\uc3d8\uc2dc\uc624\ud640\ub529\uc2a4", "year": 2021, "month": 12, "article_url": "https://www.ebn.co.kr/news/view/1510545/?sc=Naver", "news_company": "EBN", "title": "[\uc778\uc0ac] \ub3d9\uc544\uc3d8\uc2dc\uc624\uadf8\ub8f9", "headline": null, "date_str": null, "writer": null, "section": null, "original_article_link": null, "article_body": null}, {"market": "kospi", "sid": "000640", "codename": "\ub3d9\uc544\uc3d8\uc2dc\uc624\ud640\ub529\uc2a4", "year": 2021, "month": 12, "article_url": "http://www.econovill.com/news/articleView.html?idxno=557578", "news_company": "\uc774\ucf54\ub178\ubbf9\ub9ac\ubdf0", "title": "[\uc778\uc0ac] \ub3d9\uc544\uc3d8\uc2dc\uc624\uadf8\ub8f9", "headline": null, "date_str": null, "writer": null, "section": null, "original_article_link": null, "article_body": null}, {"market": "kospi", "sid": "000640", "codename": "\ub3d9\uc544\uc3d8\uc2dc\uc624\ud640\ub529\uc2a4", "year": 2021, "month": 12, "article_url": "https://m.news.naver.com/read?mode=LSD&mid=sec&sid1=101&oid=018&aid=0005098714", "news_company": "\uc774\ub370\uc77c\ub9ac", "title": "[\uc778\uc0ac]\ub3d9\uc544\uc3d8\uc2dc\uc624\uadf8\ub8f9", "headline": "[\uc778\uc0ac]\ub3d9\uc544\uc3d8\uc2dc\uc624\uadf8\ub8f9", "date_str": "2021.12.02. \uc624\uc804 11:44", "writer": "\uc720\uc9c4\ud76c \uae30\uc790", "section": "\uacbd\uc81c", "original_article_link": "http://www.edaily.co.kr/news/newspath.asp?newsid=02581366629274584", "article_body": "\n\t\t\t\u25cb\ub3d9\uc544\uc3d8\uc2dc\uc624\uadf8\ub8f9 \u25c7DMBio \u25b3\uc0ac\uc7a5 \ucd5c\uacbd\uc740 \u25b3\uc0c1\ubb34\ubcf4 \uad8c\uc21c\ud658 \u25c7\uc544\ubca4\uc885\ud569\uac74\uc124 \u25b3\uc0ac\uc7a5 \ubc15\uc724\uc774 \u25c7\ub3d9\uc544\uc3d8\uc2dc\uc624\ud640\ub529\uc2a4 \u25b3\uc0c1\ubb34\uc774\uc0ac \ubc31\uc0c1\ud658 \u25c7\ub3d9\uc544ST\u25b3\uc0c1\ubb34 \uc870\uaddc\ud64d \u25b3\uc0c1\ubb34\ubcf4 \uc870\uc0c1\uc6b1 \u25c7\ub3d9\uc544\uc81c\uc57d \u25b3\uc0c1\ubb34 \uae40\uc9c4\uad6c \u25b3\uc0c1\ubb34\ubcf4 \uc724\ucd98\ud76c \uc815\uc131\uc6d0 \uc870\uc9c4\uc6b1 \u25c7 \ub3d9\uc544\uc624\uce20\uce74 \u25b3\uc0c1\ubb34 \ucd5c\uc11d\uc554 \u25b3\uc0c1\ubb34\ubcf4 \uc8fc\uc7ac\ud604 \uc724\ub3d9\uc218 \u25c7\uc6a9\ub9c8\ub85c\uc9c0\uc2a4 \u25b3\uc0c1\ubb34\ubcf4 \ub958\uc815\ud558 \ubc15\uc6d0\uc21c \u25c7\uc5d0\uc2a4\ud2f0\ud31c\u25b3\uc804\ubb34\uc774\uc0ac \uc774\ud604\ubbfc \u25b3\uc804\ubb34 \ucd5c\uc11d\uc6b0 \uae40\uacbd\uc5f0 \u25b3\uc0c1\ubb34\ubcf4 \ucd5c\uc6a9\ub77d \uc774\uc900\uc6d0 \uae40\uc131\uc6d0 \u25c7DA \uc778\ud3ec\uba54\uc774\uc158 \u25b3\uc0c1\ubb34 \uc548\ucca0\uc218\u25c7\ud55c\uad6d\uc2e0\ub3d9\uacf5\uc5c5 \u25b3\uc0c1\ubb34\ubcf4 \ucd5c\uc7ac\uadfc\n\n\n\n\ucd5c\uacbd\uc740 \ub514\uc5e0\ubc14\uc774\uc624 \ub300\ud45c\uc774\uc0ac. (\uc0ac\uc9c4=\ub3d9\uc544\uc3d8\uc2dc\uc624\uadf8\ub8f9)\n"}, {"market": "kospi", "sid": "000640", "codename": "\ub3d9\uc544\uc3d8\uc2dc\uc624\ud640\ub529\uc2a4", "year": 2021, "month": 12, "article_url": "http://m.thebigdata.co.kr/view.php?ud=2021120211371295019071791b3a_23", "news_company": "\ube45\ub370\uc774\ud130\ub274\uc2a4", "title": "[\uc778\uc0ac] \ub3d9\uc544\uc3d8\uc2dc\uc624\uadf8\ub8f9", "headline": null, "date_str": null, "writer": null, "section": null, "original_article_link": null, "article_body": null}, {"market": "kospi", "sid": "000640", "codename": "\ub3d9\uc544\uc3d8\uc2dc\uc624\ud640\ub529\uc2a4", "year": 2021, "month": 12, "article_url": "http://www.medigatenews.com/board/people/view/933", "news_company": "\uba54\ub514\uac8c\uc774\ud2b8\ub274\uc2a4", "title": "\ub3d9\uc544\uc3d8\uc2dc\uc624\uadf8\ub8f9 \uc784\uc6d0 \uc778\uc0ac", "headline": null, "date_str": null, "writer": null, "section": null, "original_article_link": null, "article_body": null}, {"market": "kospi", "sid": "000640", "codename": "\ub3d9\uc544\uc3d8\uc2dc\uc624\ud640\ub529\uc2a4", "year": 2021, "month": 12, "article_url": "http://m.asiatoday.co.kr/kn/view.php?key=20211202010001271", "news_company": "\uc544\uc2dc\uc544\ud22c\ub370\uc774", "title": "<\uc778\uc0ac> \ub3d9\uc544\uc3d8\uc2dc\uc624\uadf8\ub8f9", "headline": null, "date_str": null, "writer": null, "section": null, "original_article_link": null, "article_body": null}, {"market": "kospi", "sid": "000640", "codename": "\ub3d9\uc544\uc3d8\uc2dc\uc624\ud640\ub529\uc2a4", "year": 2021, "month": 12, "article_url": "http://www.consumernews.co.kr/news/articleView.html?idxno=638937", "news_company": "\uc18c\ube44\uc790\uac00 \ub9cc\ub4dc\ub294 \uc2e0\ubb38", "title": "\ub3d9\uc544\uc3d8\uc2dc\uc624\uadf8\ub8f9 \uc784\uc6d0 \uc778\uc0ac, \ub9ac\ub354\uc2ed \uc788\ub294 \uc778\uc7ac \uc911\uc6a9\ud574 \uc815\ub3c4\uacbd\uc601 \uac15\ud654", "headline": null, "date_str": null, "writer": null, "section": null, "original_article_link": null, "article_body": null}, {"market": "kospi", "sid": "000640", "codename": "\ub3d9\uc544\uc3d8\uc2dc\uc624\ud640\ub529\uc2a4", "year": 2021, "month": 12, "article_url": "http://www.dailypharm.com/Users/News/TodayFocus.html?mode=View&nKind=2&ID=18020", "news_company": "\ub370\uc77c\ub9ac\ud31c", "title": "[\uc778\uc0ac] \ub3d9\uc544\uc3d8\uc2dc\uc624\uadf8\ub8f9 \uc784\uc6d0 \uc778\uc0ac", "headline": null, "date_str": null, "writer": null, "section": null, "original_article_link": null, "article_body": null}, {"market": "kospi", "sid": "000640", "codename": "\ub3d9\uc544\uc3d8\uc2dc\uc624\ud640\ub529\uc2a4", "year": 2021, "month": 12, "article_url": "http://www.lcnews.co.kr/news/articleView.html?idxno=27704", "news_company": "\ub77c\uc774\uc13c\uc2a4\ub274\uc2a4", "title": "[\uc778\uc0ac] \ub3d9\uc544\uc3d8\uc2dc\uc624\uadf8\ub8f9", "headline": null, "date_str": null, "writer": null, "section": null, "original_article_link": null, "article_body": null}, {"market": "kospi", "sid": "000640", "codename": "\ub3d9\uc544\uc3d8\uc2dc\uc624\ud640\ub529\uc2a4", "year": 2021, "month": 12, "article_url": "http://m.dailypharm.com/newsView.html?ID=282984&REFERER=NP", "news_company": "\ub370\uc77c\ub9ac\ud31c", "title": "\ub514\uc5e0\ubc14\uc774\uc624, \ucd5c\uacbd\uc740 \ub300\ud45c\uc774\uc0ac \uc0ac\uc7a5 \uc2b9\uc9c4", "headline": null, "date_str": null, "writer": null, "section": null, "original_article_link": null, "article_body": null}, {"market": "kospi", "sid": "000640", "codename": "\ub3d9\uc544\uc3d8\uc2dc\uc624\ud640\ub529\uc2a4", "year": 2021, "month": 12, "article_url": "http://m.asiatoday.co.kr/kn/view.php?key=20211202010001271", "news_company": "\uc544\uc2dc\uc544\ud22c\ub370\uc774", "title": "<\uc778\uc0ac> \ub3d9\uc544\uc3d8\uc2dc\uc624\uadf8\ub8f9", "headline": null, "date_str": null, "writer": null, "section": null, "original_article_link": null, "article_body": null}, {"market": "kospi", "sid": "000640", "codename": "\ub3d9\uc544\uc3d8\uc2dc\uc624\ud640\ub529\uc2a4", "year": 2021, "month": 12, "article_url": "http://www.consumernews.co.kr/news/articleView.html?idxno=638937", "news_company": "\uc18c\ube44\uc790\uac00 \ub9cc\ub4dc\ub294 \uc2e0\ubb38", "title": "\ub3d9\uc544\uc3d8\uc2dc\uc624\uadf8\ub8f9 \uc784\uc6d0 \uc778\uc0ac, \ub9ac\ub354\uc2ed \uc788\ub294 \uc778\uc7ac \uc911\uc6a9\ud574 \uc815\ub3c4\uacbd\uc601 \uac15\ud654", "headline": null, "date_str": null, "writer": null, "section": null, "original_article_link": null, "article_body": null}, {"market": "kospi", "sid": "000640", "codename": "\ub3d9\uc544\uc3d8\uc2dc\uc624\ud640\ub529\uc2a4", "year": 2021, "month": 12, "article_url": "http://www.dailypharm.com/Users/News/TodayFocus.html?mode=View&nKind=2&ID=18020", "news_company": "\ub370\uc77c\ub9ac\ud31c", "title": "[\uc778\uc0ac] \ub3d9\uc544\uc3d8\uc2dc\uc624\uadf8\ub8f9 \uc784\uc6d0 \uc778\uc0ac", "headline": null, "date_str": null, "writer": null, "section": null, "original_article_link": null, "article_body": null}, {"market": "kospi", "sid": "000640", "codename": "\ub3d9\uc544\uc3d8\uc2dc\uc624\ud640\ub529\uc2a4", "year": 2021, "month": 12, "article_url": "http://www.lcnews.co.kr/news/articleView.html?idxno=27704", "news_company": "\ub77c\uc774\uc13c\uc2a4\ub274\uc2a4", "title": "[\uc778\uc0ac] \ub3d9\uc544\uc3d8\uc2dc\uc624\uadf8\ub8f9", "headline": null, "date_str": null, "writer": null, "section": null, "original_article_link": null, "article_body": null}, {"market": "kospi", "sid": "000640", "codename": "\ub3d9\uc544\uc3d8\uc2dc\uc624\ud640\ub529\uc2a4", "year": 2021, "month": 12, "article_url": "http://m.dailypharm.com/newsView.html?ID=282984&REFERER=NP", "news_company": "\ub370\uc77c\ub9ac\ud31c", "title": "\ub514\uc5e0\ubc14\uc774\uc624, \ucd5c\uacbd\uc740 \ub300\ud45c\uc774\uc0ac \uc0ac\uc7a5 \uc2b9\uc9c4", "headline": null, "date_str": null, "writer": null, "section": null, "original_article_link": null, "article_body": null}, {"market": "kospi", "sid": "000640", "codename": "\ub3d9\uc544\uc3d8\uc2dc\uc624\ud640\ub529\uc2a4", "year": 2021, "month": 12, "article_url": "http://www.medisobizanews.com/news/articleView.html?idxno=83414", "news_company": "\uba54\ub514\uc18c\ube44\uc790\ub274\uc2a4", "title": "\ub3d9\uc544\uc3d8\uc2dc\uc624\uadf8\ub8f9 \uc784\uc6d0 \uc778\uc0ac\u2026\u00a0DMBio \ub300\ud45c\uc5d0 \ucd5c\uacbd\uc740 \uc0ac\uc7a5", "headline": null, "date_str": null, "writer": null, "section": null, "original_article_link": null, "article_body": null}, {"market": "kospi", "sid": "000640", "codename": "\ub3d9\uc544\uc3d8\uc2dc\uc624\ud640\ub529\uc2a4", "year": 2021, "month": 12, "article_url": "http://m.yakup.com/index.html?m=n&mode=view&cat=12&nid=263882", "news_company": "\uc57d\uc5c5\uc2e0\ubb38", "title": "\ub3d9\uc544\uc3d8\uc2dc\uc624\uadf8\ub8f9 \uc784\uc6d0 \uc778\uc0ac", "headline": null, "date_str": null, "writer": null, "section": null, "original_article_link": null, "article_body": null}, {"market": "kospi", "sid": "000640", "codename": "\ub3d9\uc544\uc3d8\uc2dc\uc624\ud640\ub529\uc2a4", "year": 2021, "month": 12, "article_url": "https://www.fetv.co.kr/mobile/article.html?no=102314", "news_company": "FETV", "title": "\ub3d9\uc544\uc3d8\uc2dc\uc624\uadf8\ub8f9, \ucd5c\uacbd\uc740 DMBio \ubc15\uc724\uc774 \uc544\ubca4\uc885\ud569\uac74\uc124 \uc0ac\uc7a5 \uc2b9\uc9c4", "headline": null, "date_str": null, "writer": null, "section": null, "original_article_link": null, "article_body": null}, {"market": "kospi", "sid": "000640", "codename": "\ub3d9\uc544\uc3d8\uc2dc\uc624\ud640\ub529\uc2a4", "year": 2021, "month": 12, "article_url": "http://www.gvalley.co.kr/news/articleView.html?idxno=583943", "news_company": "G\ubc38\ub9ac\ub274\uc2a4", "title": "\ub3d9\uc544\uc3d8\uc2dc\uc624\uadf8\ub8f9, DMBio \ucd5c\uacbd\uc740 \ub300\ud45c \ub0b4\uc815... \uc784\uc6d0 \uc778\uc0ac \ub2e8\ud589", "headline": null, "date_str": null, "writer": null, "section": null, "original_article_link": null, "article_body": null}, {"market": "kospi", "sid": "000640", "codename": "\ub3d9\uc544\uc3d8\uc2dc\uc624\ud640\ub529\uc2a4", "year": 2021, "month": 12, "article_url": "http://www.pharmnews.com/news/articleView.html?idxno=109379", "news_company": "\ud31c\ub274\uc2a4", "title": "[\uc778\uc0ac] \ub3d9\uc544\uc3d8\uc2dc\uc624\uadf8\ub8f9 \uc784\uc6d0 \uc778\uc0ac", "headline": null, "date_str": null, "writer": null, "section": null, "original_article_link": null, "article_body": null}, {"market": "kospi", "sid": "000640", "codename": "\ub3d9\uc544\uc3d8\uc2dc\uc624\ud640\ub529\uc2a4", "year": 2021, "month": 12, "article_url": "http://m.newsprime.co.kr/section_view.html?no=557064", "news_company": "\ud504\ub77c\uc784\uacbd\uc81c", "title": "[\uc778\uc0ac] \ub3d9\uc544\uc3d8\uc2dc\uc624\uadf8\ub8f9", "headline": null, "date_str": null, "writer": null, "section": null, "original_article_link": null, "article_body": null}, {"market": "kospi", "sid": "000640", "codename": "\ub3d9\uc544\uc3d8\uc2dc\uc624\ud640\ub529\uc2a4", "year": 2021, "month": 12, "article_url": "http://m.pinpointnews.co.kr/view.php?ud=202112021124473662f090c8dbcb_45", "news_company": "\ud540\ud3ec\uc778\ud2b8\ub274\uc2a4", "title": "\ub3d9\uc544\uc3d8\uc2dc\uc624\uadf8\ub8f9, DMBio \ucd5c\uacbd\uc740 \ub300\ud45c\u00b7\uc544\ubca4\uc885\ud569\uac74\uc124 \ubc15\uc724\uc774 \ub300\ud45c \ub099\uc810", "headline": null, "date_str": null, "writer": null, "section": null, "original_article_link": null, "article_body": null}, {"market": "kospi", "sid": "000640", "codename": "\ub3d9\uc544\uc3d8\uc2dc\uc624\ud640\ub529\uc2a4", "year": 2021, "month": 12, "article_url": "http://it.chosun.com/site/data/html_dir/2021/12/02/2021120201294.html", "news_company": "IT\uc870\uc120", "title": "[\uc778\uc0ac] \ub3d9\uc544\uc3d8\uc2dc\uc624\uadf8\ub8f9", "headline": null, "date_str": null, "writer": null, "section": null, "original_article_link": null, "article_body": null}, {"market": "kospi", "sid": "000640", "codename": "\ub3d9\uc544\uc3d8\uc2dc\uc624\ud640\ub529\uc2a4", "year": 2021, "month": 12, "article_url": "https://m.etoday.co.kr/view.php?idxno=2083521", "news_company": "\uc774\ud22c\ub370\uc774", "title": "[\uc778\uc0ac] \ub3d9\uc544\uc3d8\uc2dc\uc624\uadf8\ub8f9", "headline": null, "date_str": null, "writer": null, "section": null, "original_article_link": null, "article_body": null}, {"market": "kospi", "sid": "000640", "codename": "\ub3d9\uc544\uc3d8\uc2dc\uc624\ud640\ub529\uc2a4", "year": 2021, "month": 12, "article_url": "http://www.newsworker.co.kr/news/articleView.html?idxno=138781", "news_company": "\ub274\uc2a4\uc6cc\ucee4", "title": "\ub3d9\uc544\uc3d8\uc2dc\uc624\uadf8\ub8f9 \uc784\uc6d0 \uc778\uc0ac", "headline": null, "date_str": null, "writer": null, "section": null, "original_article_link": null, "article_body": null}, {"market": "kospi", "sid": "000640", "codename": "\ub3d9\uc544\uc3d8\uc2dc\uc624\ud640\ub529\uc2a4", "year": 2021, "month": 12, "article_url": "http://m.newsprime.co.kr/section_view.html?no=557064", "news_company": "\ud504\ub77c\uc784\uacbd\uc81c", "title": "[\uc778\uc0ac] \ub3d9\uc544\uc3d8\uc2dc\uc624\uadf8\ub8f9", "headline": null, "date_str": null, "writer": null, "section": null, "original_article_link": null, "article_body": null}, {"market": "kospi", "sid": "000640", "codename": "\ub3d9\uc544\uc3d8\uc2dc\uc624\ud640\ub529\uc2a4", "year": 2021, "month": 12, "article_url": "http://m.pinpointnews.co.kr/view.php?ud=202112021124473662f090c8dbcb_45", "news_company": "\ud540\ud3ec\uc778\ud2b8\ub274\uc2a4", "title": "\ub3d9\uc544\uc3d8\uc2dc\uc624\uadf8\ub8f9, DMBio \ucd5c\uacbd\uc740 \ub300\ud45c\u00b7\uc544\ubca4\uc885\ud569\uac74\uc124 \ubc15\uc724\uc774 \ub300\ud45c \ub099\uc810", "headline": null, "date_str": null, "writer": null, "section": null, "original_article_link": null, "article_body": null}, {"market": "kospi", "sid": "000640", "codename": "\ub3d9\uc544\uc3d8\uc2dc\uc624\ud640\ub529\uc2a4", "year": 2021, "month": 12, "article_url": "http://it.chosun.com/site/data/html_dir/2021/12/02/2021120201294.html", "news_company": "IT\uc870\uc120", "title": "[\uc778\uc0ac] \ub3d9\uc544\uc3d8\uc2dc\uc624\uadf8\ub8f9", "headline": null, "date_str": null, "writer": null, "section": null, "original_article_link": null, "article_body": null}, {"market": "kospi", "sid": "000640", "codename": "\ub3d9\uc544\uc3d8\uc2dc\uc624\ud640\ub529\uc2a4", "year": 2021, "month": 12, "article_url": "https://m.etoday.co.kr/view.php?idxno=2083521", "news_company": "\uc774\ud22c\ub370\uc774", "title": "[\uc778\uc0ac] \ub3d9\uc544\uc3d8\uc2dc\uc624\uadf8\ub8f9", "headline": null, "date_str": null, "writer": null, "section": null, "original_article_link": null, "article_body": null}, {"market": "kospi", "sid": "000640", "codename": "\ub3d9\uc544\uc3d8\uc2dc\uc624\ud640\ub529\uc2a4", "year": 2021, "month": 12, "article_url": "http://www.newsworker.co.kr/news/articleView.html?idxno=138781", "news_company": "\ub274\uc2a4\uc6cc\ucee4", "title": "\ub3d9\uc544\uc3d8\uc2dc\uc624\uadf8\ub8f9 \uc784\uc6d0 \uc778\uc0ac", "headline": null, "date_str": null, "writer": null, "section": null, "original_article_link": null, "article_body": null}, {"market": "kospi", "sid": "000640", "codename": "\ub3d9\uc544\uc3d8\uc2dc\uc624\ud640\ub529\uc2a4", "year": 2021, "month": 12, "article_url": "http://www.smedaily.co.kr/news/articleView.html?idxno=219722", "news_company": "\uc911\uc18c\uae30\uc5c5\uc2e0\ubb38", "title": "\ub3d9\uc544\uc3d8\uc2dc\uc624\uadf8\ub8f9, 2022\ub144 \uc784\uc6d0 \uc778\uc0ac \ub2e8\ud589", "headline": null, "date_str": null, "writer": null, "section": null, "original_article_link": null, "article_body": null}, {"market": "kospi", "sid": "000640", "codename": "\ub3d9\uc544\uc3d8\uc2dc\uc624\ud640\ub529\uc2a4", "year": 2021, "month": 12, "article_url": "https://www.fetv.co.kr/mobile/article.html?no=102312", "news_company": "FETV", "title": "[\uc778\uc0ac] \ub3d9\uc544\uc3d8\uc2dc\uc624\uadf8\ub8f9", "headline": null, "date_str": null, "writer": null, "section": null, "original_article_link": null, "article_body": null}, {"market": "kospi", "sid": "000640", "codename": "\ub3d9\uc544\uc3d8\uc2dc\uc624\ud640\ub529\uc2a4", "year": 2021, "month": 12, "article_url": "http://m.whosaeng.com/132201", "news_company": "\ud6c4\uc0dd\uc2e0\ubcf4", "title": "[\uc778\uc0ac]\ub3d9\uc544\uc3d8\uc2dc\uc624\uadf8\ub8f9 \uc784\uc6d0 \uc778\uc0ac", "headline": null, "date_str": null, "writer": null, "section": null, "original_article_link": null, "article_body": null}, {"market": "kospi", "sid": "000640", "codename": "\ub3d9\uc544\uc3d8\uc2dc\uc624\ud640\ub529\uc2a4", "year": 2021, "month": 12, "article_url": "http://apnews.kr/View.aspx?No=2134351", "news_company": "AP\uc2e0\ubb38", "title": "[\uc778\uc0ac] \ub3d9\uc544\uc3d8\uc2dc\uc624\uadf8\ub8f9", "headline": null, "date_str": null, "writer": null, "section": null, "original_article_link": null, "article_body": null}, {"market": "kospi", "sid": "000640", "codename": "\ub3d9\uc544\uc3d8\uc2dc\uc624\ud640\ub529\uc2a4", "year": 2021, "month": 12, "article_url": "https://m.news.naver.com/read?mode=LSD&mid=sec&sid1=101&oid=374&aid=0000266500", "news_company": "SBS Biz", "title": "[\uc778\uc0ac] \ub3d9\uc544\uc3d8\uc2dc\uc624\uadf8\ub8f9", "headline": "[\uc778\uc0ac] \ub3d9\uc544\uc3d8\uc2dc\uc624\uadf8\ub8f9", "date_str": "2021.12.02. \uc624\uc804 11:17", "writer": "\uc774\ud55c\ub098 \uae30\uc790", "section": "\uacbd\uc81c", "original_article_link": "https://biz.sbs.co.kr/article_hub/20000040789?division=NAVER", "article_body": "\n\u25c7DMBio[\uc0ac\uc7a5] \ub300\ud45c\uc774\uc0ac \ucd5c\uacbd\uc740[\uc0c1\ubb34\ubcf4] \uacbd\uc601\uc9c0\uc6d0\uc2e4\uc7a5 \uad8c\uc21c\ud658\u25c7\uc544\ubca4\uc885\ud569\uac74\uc124[\uc0ac\uc7a5] \ub300\ud45c\uc774\uc0ac \ubc15\uc724\uc774\u25c7\ub3d9\uc544\uc3d8\uc2dc\uc624\ud640\ub529\uc2a4[\uc0c1\ubb34\uc774\uc0ac] \uacbd\uc601\uae30\ud68d\uc2e4\uc7a5 \ubc31\uc0c1\ud658\u25c7\ub3d9\uc544ST[\uc0c1\ubb34] ETC \uc0ac\uc5c5\ubcf8\ubd80\uc7a5 \uc870\uaddc\ud64d[\uc0c1\ubb34\ubcf4] ETC \uc0ac\uc5c5\ubcf8\ubd80 \ubcd1\uc6d0\uc0ac\uc5c5\ubd80\uc7a5 \uc870\uc0c1\uc6b1\u25c7\ub3d9\uc544\uc81c\uc57d[\uc0c1\ubb34] \uc0dd\uc0b0\ubcf8\ubd80\uc7a5 \uae40\uc9c4\uad6c[\uc0c1\ubb34\ubcf4] \uac1c\ubc1c\uc804\ub7b5\uc2e4\uc7a5 \uc724\ucd98\ud76c, OTC \uc0ac\uc5c5\ubd80\uc7a5 \uc815\uc131\uc6d0, \uc0dd\uc0b0\ubcf8\ubd80 \uc774\ucc9c\uacf5\uc7a5\uc7a5 \uc870\uc9c4\uc6b1\u25c7\ub3d9\uc544\uc624\uce20\uce74[\uc0c1\ubb34] \uc601\uc5c5\ubcf8\ubd80\uc7a5 \ucd5c\uc11d\uc554[\uc0c1\ubb34\ubcf4] \uc548\uc804\uad00\ub9ac\ubcf8\ubd80\uc7a5 \uc8fc\uc7ac\ud604, \uc0dd\uc0b0\ubcf8\ubd80\uc7a5 \uc724\ub3d9\uc218\u25c7\uc6a9\ub9c8\ub85c\uc9c0\uc2a4[\uc0c1\ubb34\ubcf4] \uacbd\uc601\uad00\ub9ac\ubcf8\ubd80 \uc6b4\uc601\uc9c0\uc6d0\uc2e4\uc7a5 \ub958\uc815\ud558, \uacbd\uc601\uc9c0\uc6d0\uc2e4\uc7a5 \ubc15\uc6d0\uc21c\u25c7\uc5d0\uc2a4\ud2f0\ud31c[\uc804\ubb34\uc774\uc0ac] \uacbd\uc601\uad00\ub9ac\ubcf8\ubd80\uc7a5 \uc774\ud604\ubbfc[\uc804\ubb34] \uc0ac\uc5c5\ubcf8\ubd80\uc7a5 \ucd5c\uc11d\uc6b0, \ud488\uc9c8\uacbd\uc601\ubcf8\ubd80\uc7a5 \uae40\uacbd\uc5f0[\uc0c1\ubb34\ubcf4] \uc0dd\uc0b0\ubcf8\ubd80 \uc62c\ub9ac\uace0\uacf5\uc7a5\uc7a5 \ucd5c\uc6a9\ub77d, \uc0dd\uc0b0\ubcf8\ubd80 \uc2dc\ud654\uacf5\uc7a5\uc7a5 \uc774\uc900\uc6d0, \uc5f0\uad6c\ubcf8\ubd80 \ubc14\uc774\uc624\uc5f0\uad6c\uc18c \uc62c\ub9ac\uace0 CDMO \ud300\uc7a5 \uae40\uc131\uc6d0\u25c7DA \uc778\ud3ec\uba54\uc774\uc158[\uc0c1\ubb34] Account Manager Group\uc7a5 \uc548\ucca0\uc218\u25c7\ud55c\uad6d\uc2e0\ub3d9\uacf5\uc5c5[\uc0c1\ubb34\ubcf4] \uae30\uacc4\uc0ac\uc5c5\ubd80 \uae30\uacc4\uc124\uacc4\ud300\uc7a5 \ucd5c\uc7ac\uadfc\n"}, {"market": "kospi", "sid": "000640", "codename": "\ub3d9\uc544\uc3d8\uc2dc\uc624\ud640\ub529\uc2a4", "year": 2021, "month": 12, "article_url": "http://m.medipana.com/news_viewer.asp?NewsNum=289131&MainKind=A&NewsKind=5&vCount=12&vKind=1", "news_company": "\uba54\ub514\ud30c\ub098\ub274\uc2a4", "title": "\ub3d9\uc544\uc3d8\uc2dc\uc624\uadf8\ub8f9 \uc784\uc6d0 \uc778\uc0ac\u2025DMBio \ub300\ud45c\uc5d0 \ucd5c\uacbd\uc740", "headline": null, "date_str": null, "writer": null, "section": null, "original_article_link": null, "article_body": null}, {"market": "kospi", "sid": "000640", "codename": "\ub3d9\uc544\uc3d8\uc2dc\uc624\ud640\ub529\uc2a4", "year": 2021, "month": 12, "article_url": "http://www.medicaltimes.com/Users/Inform/index.html?mode=View&ID=10071", "news_company": "\uba54\ub514\uce7c\ud0c0\uc784\uc988", "title": "[\uc778\uc0ac] DMBio \ucd5c\uacbd\uc740 \uc0ac\uc7a5 \ub4f1 \ub3d9\uc544\uc3d8\uc2dc\uc624\uadf8\ub8f9 \uc784\uc6d0 \uc778\uc0ac", "headline": null, "date_str": null, "writer": null, "section": null, "original_article_link": null, "article_body": null}, {"market": "kospi", "sid": "000640", "codename": "\ub3d9\uc544\uc3d8\uc2dc\uc624\ud640\ub529\uc2a4", "year": 2021, "month": 12, "article_url": "http://www.monews.co.kr/news/articleView.html?idxno=308893", "news_company": "\uba54\ub514\uce7c\uc5c5\uc800\ubc84", "title": "\uc0b0\uc5c5\uacc4 \ud56b \uc774\uc288 '\uba54\ud0c0\ubc84\uc2a4', \uc81c\uc57d\uc5c5\uacc4\ub3c4 \ud0d1\uc2b9", "headline": null, "date_str": null, "writer": null, "section": null, "original_article_link": null, "article_body": null}, {"market": "kospi", "sid": "000640", "codename": "\ub3d9\uc544\uc3d8\uc2dc\uc624\ud640\ub529\uc2a4", "year": 2021, "month": 12, "article_url": "http://www.docdocdoc.co.kr/news/articleView.html?idxno=2017120", "news_company": "\uccad\ub144\uc758\uc0ac", "title": "\ub3d9\uc544\uc3d8\uc2dc\uc624\uadf8\ub8f9, '\ucc3d\ub9bd 89\uc8fc\ub144 \uae30\ub150\uc2dd' \uac1c\ucd5c", "headline": null, "date_str": null, "writer": null, "section": null, "original_article_link": null, "article_body": null}, {"market": "kospi", "sid": "000640", "codename": "\ub3d9\uc544\uc3d8\uc2dc\uc624\ud640\ub529\uc2a4", "year": 2021, "month": 12, "article_url": "http://www.newsmp.com/news/articleView.html?idxno=219574", "news_company": "\uc758\uc57d\ub274\uc2a4", "title": "11\uac1c \uc81c\uc57d\uc8fc, 11\uc6d4 \uc720\uac00\uc99d\uad8c\uc2dc\uc7a5 \uc8fc\uac00\uc0c1\uc2b9\ub960 Top100", "headline": null, "date_str": null, "writer": null, "section": null, "original_article_link": null, "article_body": null}, {"market": "kospi", "sid": "000640", "codename": "\ub3d9\uc544\uc3d8\uc2dc\uc624\ud640\ub529\uc2a4", "year": 2021, "month": 12, "article_url": "http://m.medipana.com/news_viewer.asp?NewsNum=289131&MainKind=A&NewsKind=5&vCount=12&vKind=1", "news_company": "\uba54\ub514\ud30c\ub098\ub274\uc2a4", "title": "\ub3d9\uc544\uc3d8\uc2dc\uc624\uadf8\ub8f9 \uc784\uc6d0 \uc778\uc0ac\u2025DMBio \ub300\ud45c\uc5d0 \ucd5c\uacbd\uc740", "headline": null, "date_str": null, "writer": null, "section": null, "original_article_link": null, "article_body": null}, {"market": "kospi", "sid": "000640", "codename": "\ub3d9\uc544\uc3d8\uc2dc\uc624\ud640\ub529\uc2a4", "year": 2021, "month": 12, "article_url": "http://www.medicaltimes.com/Users/Inform/index.html?mode=View&ID=10071", "news_company": "\uba54\ub514\uce7c\ud0c0\uc784\uc988", "title": "[\uc778\uc0ac] DMBio \ucd5c\uacbd\uc740 \uc0ac\uc7a5 \ub4f1 \ub3d9\uc544\uc3d8\uc2dc\uc624\uadf8\ub8f9 \uc784\uc6d0 \uc778\uc0ac", "headline": null, "date_str": null, "writer": null, "section": null, "original_article_link": null, "article_body": null}, {"market": "kospi", "sid": "000640", "codename": "\ub3d9\uc544\uc3d8\uc2dc\uc624\ud640\ub529\uc2a4", "year": 2021, "month": 12, "article_url": "http://www.monews.co.kr/news/articleView.html?idxno=308893", "news_company": "\uba54\ub514\uce7c\uc5c5\uc800\ubc84", "title": "\uc0b0\uc5c5\uacc4 \ud56b \uc774\uc288 '\uba54\ud0c0\ubc84\uc2a4', \uc81c\uc57d\uc5c5\uacc4\ub3c4 \ud0d1\uc2b9", "headline": null, "date_str": null, "writer": null, "section": null, "original_article_link": null, "article_body": null}, {"market": "kospi", "sid": "000640", "codename": "\ub3d9\uc544\uc3d8\uc2dc\uc624\ud640\ub529\uc2a4", "year": 2021, "month": 12, "article_url": "http://www.docdocdoc.co.kr/news/articleView.html?idxno=2017120", "news_company": "\uccad\ub144\uc758\uc0ac", "title": "\ub3d9\uc544\uc3d8\uc2dc\uc624\uadf8\ub8f9, '\ucc3d\ub9bd 89\uc8fc\ub144 \uae30\ub150\uc2dd' \uac1c\ucd5c", "headline": null, "date_str": null, "writer": null, "section": null, "original_article_link": null, "article_body": null}, {"market": "kospi", "sid": "000640", "codename": "\ub3d9\uc544\uc3d8\uc2dc\uc624\ud640\ub529\uc2a4", "year": 2021, "month": 12, "article_url": "http://www.newsmp.com/news/articleView.html?idxno=219574", "news_company": "\uc758\uc57d\ub274\uc2a4", "title": "11\uac1c \uc81c\uc57d\uc8fc, 11\uc6d4 \uc720\uac00\uc99d\uad8c\uc2dc\uc7a5 \uc8fc\uac00\uc0c1\uc2b9\ub960 Top100", "headline": null, "date_str": null, "writer": null, "section": null, "original_article_link": null, "article_body": null}]}