{"data": [{"market": "kospi", "sid": "000640", "codename": "\ub3d9\uc544\uc3d8\uc2dc\uc624\ud640\ub529\uc2a4", "year": 2015, "month": 10, "article_url": "https://m.news.naver.com/read?mode=LSD&mid=sec&sid1=101&oid=366&aid=0000298272", "news_company": "\uc870\uc120\ube44\uc988", "title": "[\ub208\uc5d0\ub744\ub294 \uc8fc\uc694\uacf5\uc2dc] 10\uc6d4 29\uc77c", "headline": "[\ub208\uc5d0\ub744\ub294 \uc8fc\uc694\uacf5\uc2dc] 10\uc6d4 29\uc77c", "date_str": "2015.10.30. \uc624\uc804 6:01", "writer": null, "section": "\uacbd\uc81c", "original_article_link": "http://biz.chosun.com/site/data/html_dir/2015/10/29/2015102904552.html", "article_body": "\n\ub2e4\uc74c\uc740 29\uc77c \uc7a5 \ub9c8\uac10 \uc774\ud6c4 \ub098\uc628 \uc8fc\uc694 \uacf5\uc2dc\ub2e4.\u25c6 \uc720\uac00\uc99d\uad8c\uc2dc\uc7a5LG\uc804\uc790(066570)\uc62c\ud574 3\ubd84\uae30\uc5d0 \uc601\uc5c5\uc774\uc775 2940\uc5b5\uc6d0\uc744 \uae30\ub85d\ud588\ub2e4\uace0 \uacf5\uc2dc\ud588\ub2e4. \uc774\ub294 \uc9c0\ub09c\ud574 3\ubd84\uae30\ubcf4\ub2e4 36.8% \uc904\uc5b4\ub4e0 \uac83\uc774\ub2e4.\uc0bc\uc131\uc5d0\uc2a4\ub514\uc5d0\uc2a4(018260)(\uc0bc\uc131SDS)\ub294 \uc62c 3\ubd84\uae30 \uc601\uc5c5\uc774\uc775\uc774 1202\uc5b5\uc6d0\uc73c\ub85c 1\ub144 \uc804\ubcf4\ub2e4 8.57% \uc904\uc5c8\ub2e4\uace0 \uacf5\uc2dc\ud588\ub2e4. \uac19\uc740 \uae30\uac04 \ub9e4\ucd9c\uc561\uc740 1\uc8708737\uc5b51400\ub9cc\uc6d0\uc73c\ub85c 3.9% \uc99d\uac00\ud588\ub2e4. \ub2f9\uae30\uc21c\uc774\uc775\uc740 1095\uc5b5\uc6d0\uc73c\ub85c 12.51% \ub298\uc5c8\ub2e4.\ubcf4\ub839\uc81c\uc57d(003850)\uc740 \uc62c 3\ubd84\uae30 \uc601\uc5c5\uc774\uc775\uc774 58\uc5b55000\ub9cc\uc6d0\uc73c\ub85c 1\ub144 \uc804\ubcf4\ub2e4 16% \uac10\uc18c\ud588\ub2e4\uace0 \uacf5\uc2dc\ud588\ub2e4. \uac19\uc740 \uae30\uac04 \ub9e4\ucd9c\uc561\uc740 1120\uc5b54400\ub9cc\uc6d0\uc73c\ub85c 8.11% \uc99d\uac00\ud588\uc73c\uba70, \ub2f9\uae30\uc21c\uc774\uc775\uc740 54\uc5b59000\ub9cc\uc6d0\uc73c\ub85c 8.49% \uc904\uc5c8\ub2e4.\ud55c\uad6d\uac70\ub798\uc18c\ub294 \ud37c\uc2a4\ud14d(010820)\uc758 \ud604\uc800\ud55c \uc2dc\ud669\ubcc0\ub3d9\uacfc \uad00\ub828 \uc870\ud68c\uacf5\uc2dc\ub97c \uc694\uad6c\ud588\ub2e4. \ub2f5\ubcc0 \uc2dc\ud55c\uc740 2015\ub144 10\uc6d4 30\uc77c \uc624\ud6c4 6\uc2dc\uae4c\uc9c0\ub2e4.\ubcf4\ub8e8\ub124\uc624\uac00\uad6c(004740)\ub294 \uc778\ucc9c\uc9c0\ubc29\ubc95\uc6d0\uc774 \ub0b4\ub9b0 \uc8fc\uc8fc\ucd1d\ud68c\uac1c\ucd5c\uae08\uc9c0 \uac00\ucc98\ubd84 \uacb0\uc815\uc5d0 \ub300\ud574 \uc774\uc758\uc2e0\uccad\ud588\ub2e4\uace0 \uacf5\uc2dc\ud588\ub2e4.SK(003600)\ub294 \uacf5\uc815\uac70\ub798\uc704\uc6d0\ud68c\ub85c\ubd80\ud130 \uc9c0\uc8fc\ud68c\uc0ac\uc758 \uae30\uc900\uc744 \ucda9\uc871\ud558\uace0 \uc788\ub2e4\ub294 \ub0b4\uc6a9\uc758 \u2018\uc9c0\uc8fc\ud68c\uc0ac \uc804\ud658\uc2e0\uace0\uc5d0 \ub530\ub978 \uc2ec\uc0ac\uacb0\uacfc \ud1b5\uc9c0\uc11c\u2019\ub97c \uc811\uc218\ud588\ub2e4\uace0 \uacf5\uc2dc\ud588\ub2e4.\ub3d9\uc544\uc3d8\uc2dc\uc624\ud640\ub529\uc2a4\ub294 \uacc4\uc5f4\ud68c\uc0ac \uc778\ub354\uc2a4\ud30c\ud06c\uc5d0 \ub300\ud574 504\uc5b5\uc6d0 \ucc44\ubb34\ubcf4\uc99d\uc744 \uacb0\uc815\ud588\ub2e4\uace0 \uacf5\uc2dc\ud588\ub2e4. \uc790\uae30\uc790\ubcf8\ub300\ube44 9.44%\ub2e4. \ub3d9\uc544\uc3d8\uc2dc\uc624\ud640\ub529\uc2a4\ub294 \uacc4\uc5f4\uc0ac\uc778 \uc5d0\uc2a4\ud2f0\ud31c\uc774 \ub3d9\uc544\uc5d0\uc2a4\ud2f0\ub85c\ubd80\ud130 \ubc18\uc6d4\uacf5\uc7a5 \uc790\uc0b0, \uc778\ud5c8\uac00, \uacc4\uc57d \ub4f1\uc744 \ud3ec\uad04\uc801\uc73c\ub85c \uc591\uc218 \ubc1b\ub294\ub2e4\uace0\ub3c4 \uacf5\uc2dc\ud588\ub2e4. \uc591\uc218\uae08\uc561\uc740 510\uc5b5\uc6d0\uc774\ub2e4.\uae08\ud638\uc0b0\uc5c5(002990)\uc740 \ubaa8\uc544\uc800\ucd95\uc740\ud589 \uc678 2\uba85\uc774 \ub300\ubc95\uc6d0\uc5d0 \uc81c\uae30\ud55c \uc190\ud574\ubc30\uc0c1 \uc18c\uc1a1\uc774 \uae30\uac01\ub410\ub2e4\uace0 \uacf5\uc2dc\ud588\ub2e4. \uacf5\uc2dc\uc5d0 \ub530\ub974\uba74 \ub300\ubc95\uc6d0\uc740 \u201c\ucc45\uc784\uc900\uacf5\uc57d\uc815\uc758 \uae30\ub2a5 \ub0b4\uc9c0 \uacbd\uc81c\uc801\uc2e4\uc9c8, \uae30\uc5c5\uad6c\uc870\uc870\uc815\ucd09\uc9c4\ubc95\uc758 \ubaa9\uc801 \ub4f1\uc744 \uc885\ud569\uc801\uc73c\ub85c \uace0\ub824\ud558\uba74 \ucc45\uc784\uc900\uacf5\uc57d\uc815\uc740 \uae30\uc5c5\uad6c\uc870\uc870\uc815\ucd09\uc9c4\ubc95\uc0c1 \uc2e0\uc6a9\uacf5\uc5ec\uc5d0 \ud574\ub2f9\ud55c\ub2e4\uace0 \ubcf4\ub294 \uac83\uc774 \ud0c0\ub2f9\ud558\ubbc0\ub85c \uc6d0\uc2ec \ud310\ub2e8\uc740 \uc815\ub2f9\ud558\uace0 \ubc95\ub9ac\uc624\ud574 \ub4f1 \uc704\ubc95\uc774 \uc5c6\ub2e4\u201d\uace0 \ud310\uacb0\ud588\ub2e4.\uc774 \uc18c\uc1a1\uc740 \uc81c\uc8fc\uad6d\uc81c\ucee8\ubca4\uc158\uc13c\ud130 \ud638\ud154\uc0ac\uc5c5\uacfc \uad00\ub828\ub41c \ud504\ub85c\uc81d\ud2b8\ud30c\uc774\ub0b8\uc2f1(PF)\ub300\ucd9c\uc5d0 \ub300\ud574 \ubaa8\uc544\uc800\ucd95\uc740\ud589 \uc678 2\uba85\uc774 \uc81c\uae30\ud55c \uc190\ud574\ubc30\uc0c1 \uccad\uad6c \uc18c\uc1a1 \uacb0\uacfc\ub2e4. \uae08\ud638\uc0b0\uc5c5\uc774 2\uc2ec\uc5d0\uc11c \uc2b9\uc18c\ud588\uc73c\ub098 \uc6d0\uace0\uac00 \uc0c1\uace0\ud55c \uac74\uc774\ub2e4.\uc0bc\uc131\uc911\uacf5\uc5c5(010140)\uc740 PDC\uc0ac\uac00 \uc77c\ubc29\uc801\uc73c\ub85c \ud310\ub2e8\ud574 \ub4dc\ub9b4\uc2ed 1\ucc99\uacfc \uad00\ub828\ud55c \uacc4\uc57d\ud574\uc9c0\ub97c \ud1b5\ubcf4\ud588\ub2e4\uace0 \uacf5\uc2dc\ud588\ub2e4. \uc0bc\uc131\uc911\uacf5\uc5c5\uc740 \u201cPDC\uc640 \ub4dc\ub9b4\uc2ed 1\ucc99\uc5d0 \ub300\ud55c \uc120\ubc15\uac74\uc870\uacc4\uc57d\uc744 2013\ub144 1\uc6d4 5\uc77c \uccb4\uacb0\ud588\uc73c\uba70 \uc778\ub3c4\uae30\ud55c\uc778 2015\ub144 10\uc6d4 27\uc77c\uae4c\uc9c0 \uac74\uc870\uacc4\uc57d\uc5d0 \uc758\uac70 \uac74\uc870\ub97c \uc644\ub8cc\ud574 \uacc4\uc57d\uc758\ubb34\ub97c \uc774\ud589\ud588\ub2e4\u201d\uba70 \u201cPDC\uc758 \uc8fc\uc7a5\uc774 \uacc4\uc57d\uc801 \uadfc\uac70\uac00 \uc5c6\ub2e4\uace0 \ud310\ub2e8\ud574 \uad8c\ub9ac\ubcf4\ud638\ub97c \uc704\ud55c \ubaa8\ub4e0 \uc870\uce58\ub97c \ucde8\ud560 \uc608\uc815\u201d\uc774\ub77c\uace0 \uc124\uba85\ud588\ub2e4. \ucde8\uc18c\ub41c \ub4dc\ub9b4\uc2ed\uc758 \uacc4\uc57d\uae08\uc561\uc740 5\uc5b51750\ub9cc\ub2ec\ub7ec\ub85c \uc0bc\uc131\uc911\uacf5\uc5c5\uc740 \uc9c0\uae08\uae4c\uc9c0 1\uc5b58100\ub9cc\ub2ec\ub7ec\ub97c \uc218\ub839\ud588\ub2e4.\ud604\ub300\uc0c1\uc120(011200)\uc740 \ud604\ub300\uc99d\uad8c\uacfc \ud604\ub300\uc544\uc0b0 \ubcf4\uc720\uc9c0\ubd84\uc744 \ud604\ub300\uc5d8\ub9ac\ubca0\uc774\ud130\uc5d0 \ub9e4\uac01\ud55c\ub2e4\ub294 \ubcf4\ub3c4 \uad00\ub828 \uc870\ud68c\uacf5\uc2dc\uc5d0 \u201c\ubcf4\uc720\uc9c0\ubd84\uc758 \ub9e4\uac01\uacfc \uc720\ub3d9\ud654 \uac00\ub2a5\uc131 \ub4f1\uc744 \ud3ec\ud568\ud574 \ub2e4\uc591\ud55c \uac80\ud1a0 \uc911\uc5d0 \uc788\uc73c\ub098 \ud604\uc7ac \uad6c\uccb4\uc801\uc73c\ub85c \ud655\uc815\ub41c \uc0ac\ud56d\uc740 \uc5c6\ub2e4\u201d\uace0 \ub2f5\ubcc0\ud588\ub2e4. \uc774 \ud68c\uc0ac\ub294 \ud5a5\ud6c4 \uad6c\uccb4\uc801\uc778 \ub0b4\uc6a9\uc774 \ud655\uc815\ub418\ub294 \uc2dc\uc810\uc774\ub098 1\uac1c\uc6d4 \uc774\ub0b4 \uc7ac\uacf5\uc2dc\ud558\uaca0\ub2e4\uace0 \ub367\ubd99\uc600\ub2e4.\ud6a8\uc131(004800)\uc740 \uc870\ud604\uc0c1 \ubd80\uc0ac\uc7a5\uc5d0\uac8c \ub354\ud074\ub798\uc2a4\ud6a8\uc131 \uc9c0\ubd84 76\ub9cc9230\uc8fc\ub97c 446\uc5b56400\ub9cc\uc6d0\uc5d0 \uc7a5\uc678\ucc98\ubd84\ud55c\ub2e4\uace0 \uacf5\uc2dc\ud588\ub2e4. \ud6a8\uc131\uc740 \uc0ac\uc5c5\uacfc \uc7ac\ubb34\uad6c\uc870 \uac1c\uc120\uc744 \uc704\ud574\uc11c\ub77c\uace0 \ubc1d\ud614\ub2e4.\ud6a8\uc131ITX\ub294 \uc870\ud604\uc900 \uc0ac\uc7a5\uc774 10\uc6d4 26~27\uc77c \uc7a5\ub0b4\ub9e4\uc218\ub85c \ucd1d 6500\uc8fc\ub97c \ucde8\ub4dd\ud588\ub2e4\uace0 \uacf5\uc2dc\ud588\ub2e4. \uc870\ud604\uc900 \uc0ac\uc7a5\uc758 \uc9c0\ubd84\uc728\uc740 34.99%\uc5d0\uc11c 35.05%\ub85c \ub298\uc5c8\ub2e4.\ub3d9\uc591\ub124\ud2b8\uc6cd\uc2a4\ub294 \u201c\uc11c\uc6b8 \ub3d9\ubd80\uc9c0\ubc29\ubc95\uc6d0\uc774 10\uc6d4 30\uc77c \uac1c\ucd5c\ub418\ub294 \uc784\uc2dc\uc8fc\uc8fc\ucd1d\ud68c\uc5d0\uc11c \ucc44\uad8c\uc790 \ud2f0\uc5d4\uc5bc\ub77c\uc774\uc5b8\uc2a4, \uc5d0\uc2a4\uc9c0\uc5d0\uc774, \uc5d0\uc2a4\uc9c0\uc5d0\uc774\uc2dc\uc2a4\ud15c\uc988, \uc5d0\uc2a4\uc9c0\uc5d0\uc774\uc194\ub8e8\uc158\uc988 \ub4f1\uc758 \uc758\uacb0\uad8c \ud589\uc0ac\ub97c \ud5c8\uc6a9\ud558\ub3c4\ub85d \uacb0\uc815\ud588\ub2e4\u201d\uace0 \uacf5\uc2dc\ud588\ub2e4.\u25c6 \ucf54\uc2a4\ub2e5\uc2dc\uc7a5\ud55c\uad6d\uac70\ub798\uc18c \ucf54\uc2a4\ub2e5\uc2dc\uc7a5\ubcf8\ubd80\ub294 \ub274\ud504\ub77c\uc774\ub4dc(900100)\uc5d0 \uad6d\ub0b4 \uc5ec\ud589\uc0ac \uc778\uc218 \ucd94\uc9c4\uc124\uc744 \ud655\uc778\ud558\uae30 \uc704\ud55c \uc870\ud68c\uacf5\uc2dc\ub97c \uc694\uad6c\ud588\ub2e4. \ub2f5\ubcc0 \uc2dc\ud55c\uc740 30\uc77c \uc624\ud6c4 6\uc2dc\ub2e4.\uc0c1\uc544\ud504\ub860\ud14c\ud06c(089980)21\ub9cc3789\uc8fc\uc758 \uc2e0\uc8fc\uc778\uc218\uad8c\uc774 \ud589\uc0ac\ub410\ub2e4\uace0 \uacf5\uc2dc\ud588\ub2e4. \uc774\ub294 \ubc1c\ud589\uc8fc\uc2dd \ucd1d\uc218 \ub300\ube44 1.7% \uaddc\ubaa8\ub2e4. \uc2e0\uc8fc \uc778\uc218\uad8c \ud589\uc0ac\uac00\uc561\uc740 5613\uc6d0, \ud589\uc0ac \uae08\uc561\uc740 12\uc5b5\uc6d0\uc774\ub2e4. \uc0c1\uc7a5 \uc608\uc815\uc77c\uc740 \ub2e4\uc74c\ub2ec 11\uc77c\uc774\ub2e4.\uc77c\uacbd\uc0b0\uc5c5\uac1c\ubc1c(078940)\uc740 \uc6b4\uc601\uc790\uae08 \ub9c8\ub828\uc744 \uc704\ud574 6\uc5b5\uc6d0 \uaddc\ubaa8\uc758 \uc804\ud658\uc0ac\ucc44\uad8c \ubc1c\ud589\uc744 \uacb0\uc815\ud588\ub2e4\uace0 \uacf5\uc2dc\ud588\ub2e4.KCC\uac74\uc124(021320)\uc740 \uc2dc\ud589\uc0ac \uacbd\uc9c4\uc778\ud130\ub0b4\uc154\ub0a0\uc5d0 253\uc5b55000\ub9cc\uc6d0\uc758 \ucc44\ubb34\ubcf4\uc99d\uc744 \uacb0\uc815\ud588\ub2e4\uace0 \uacf5\uc2dc\ud588\ub2e4. \uc790\uae30\uc790\ubcf8\ub300\ube44 6.57%\uc5d0 \ud574\ub2f9\ud558\uba70 \ubcf4\uc99d\uae30\uac04\uc740 2016\ub14410\uc6d431\uc77c\uae4c\uc9c0\ub2e4.\uc5d0\uc2a4\ud2f0\ud050\ube0c(052020)\ub294 \uc6b4\uc601\uc790\uae08 \uc870\ub2ec\uc744 \uc704\ud574 \ubc14\uc774\uc624\uc0ac\uc774\uc5b8\uc2a4\ud640\ub529\uc2a4\ub97c \ub300\uc0c1\uc73c\ub85c 10\uc5b5\uc6d0\uc758 \uc81c3\uc790\ubc30\uc815 \uc720\uc0c1\uc99d\uc790\ub97c \uacb0\uc815\ud588\ub2e4\uace0 \uacf5\uc2dc\ud588\ub2e4.[\uae40\ubc94\uc218 \uae30\uc790 kbs@chosunbiz.com][\uc870\uc120\ube44\uc988 \ubc14\ub85c\uac00\uae30] [\uc704\ud074\ub9ac\ube44\uc988] [\ud398\uc774\uc2a4\ubd81] [\uce74\uce74\uc624\uc2a4\ud1a0\ub9ac]chosunbiz.com\n\t\t"}, {"market": "kospi", "sid": "000640", "codename": "\ub3d9\uc544\uc3d8\uc2dc\uc624\ud640\ub529\uc2a4", "year": 2015, "month": 10, "article_url": "https://m.news.naver.com/read?mode=LSD&mid=sec&sid1=101&oid=015&aid=0003465197", "news_company": "\ud55c\uad6d\uacbd\uc81c", "title": "[\uc720\uac00\uc99d\uad8c \uae30\uc5c5\uacf5\uc2dc] (29\uc77c) \ub300\ud55c\ud574\uc6b4 \ub4f1", "headline": "[\uc720\uac00\uc99d\uad8c \uae30\uc5c5\uacf5\uc2dc] (29\uc77c) \ub300\ud55c\ud574\uc6b4 \ub4f1", "date_str": "2015.10.30. \uc624\uc804 2:21", "writer": null, "section": "\uacbd\uc81c", "original_article_link": "http://stock.hankyung.com/news/app/newsview.php?aid=2015103051391", "article_body": "\n\t\t\t\u25b2\ub300\ud55c\ud574\uc6b4=714\uc5b5\uc6d0 \uaddc\ubaa8 \uc720\uc5f0\ud0c4 \uc7a5\uae30\uc6b4\uc1a1 \uacc4\uc57d.\u25b2\ub3d9\uc544\uc3d8\uc2dc\uc624\ud640\ub529\uc2a4=\uc885\uc18d\ud68c\uc0ac\uc778 \uc5d0\uc2a4\ud2f0\ud31c\uc758 \ubc18\uc6d4\uacf5\uc7a5 \ub4f1\uc744 510\uc5b5\uc6d0\uc5d0 \uc591\uc218 \uacb0\uc815.\u25b2\ud6a8\uc131=\uc870\ud604\uc0c1 \ubd80\uc0ac\uc7a5\uc5d0\uac8c 446\uc5b5\uc6d0 \uaddc\ubaa8 \ub354\ud074\ub798\uc2a4\ud6a8\uc131 \uc9c0\ubd84 \ucc98\ubd84.\u25b2LG\uc804\uc790=1054\uc5b5\uc6d0 \uaddc\ubaa8 \ud558\uc774\ub85c\uc9c0\uc2a4\ud2f1\uc2a4 \uc9c0\ubd84\uc744 \ubc94\ud55c\ud310\ud1a0\uc2a4\uc5d0 \ub9e4\uac01.[\ud55c\uacbd\ub2f7\ucef4 \ubc14\ub85c\uac00\uae30] [\uc2a4\ub0b4\ucee4] [\uc288\ud37c\uac1c\ubbf8] [\ud55c\uacbd+ \uad6c\ub3c5\uc2e0\uccad] \u24d2 '\uc131\uacf5\uc744 \ubd80\ub974\ub294 \uc2b5\uad00' \ud55c\uacbd\ub2f7\ucef4, \ubb34\ub2e8 \uc804\uc7ac \ubc0f \uc7ac\ubc30\ud3ec \uae08\uc9c0\n\t\t"}]}