{"data": [{"market": "kospi", "sid": "000320", "codename": "\ub178\ub8e8\ud640\ub529\uc2a4", "year": 2021, "month": 2, "article_url": "http://www.seoulfn.com/news/articleView.html?idxno=411752", "news_company": "\uc11c\uc6b8\ud30c\uc774\ub0b8\uc2a4", "title": "\uad8c\uad11\uc11d \uc6b0\ub9ac\uc740\ud589\uc7a5, '\uc5b4\ub9b0\uc774 \uad50\ud1b5\uc548\uc804 \ub9b4\ub808\uc774 \ucc4c\ub9b0\uc9c0' \ucc38\uc5ec", "headline": null, "date_str": null, "writer": null, "section": null, "original_article_link": null, "article_body": null}, {"market": "kospi", "sid": "000320", "codename": "\ub178\ub8e8\ud640\ub529\uc2a4", "year": 2021, "month": 2, "article_url": "http://www.digitaltoday.co.kr/news/articleView.html?idxno=264843", "news_company": "\ub514\uc9c0\ud138\ud22c\ub370\uc774", "title": "\uad8c\uad11\uc11d \uc6b0\ub9ac\uc740\ud589\uc7a5, \uc5b4\ub9b0\uc774 \uad50\ud1b5\uc548\uc804 \ub9b4\ub808\uc774 \ucc4c\ub9b0\uc9c0 \ucc38\uc5ec", "headline": null, "date_str": null, "writer": null, "section": null, "original_article_link": null, "article_body": null}, {"market": "kospi", "sid": "000320", "codename": "\ub178\ub8e8\ud640\ub529\uc2a4", "year": 2021, "month": 2, "article_url": "https://m.news.naver.com/read?mode=LSD&mid=sec&sid1=101&oid=417&aid=0000662095", "news_company": "\uba38\ub2c8S", "title": "\uad8c\uad11\uc11d \uc6b0\ub9ac\uc740\ud589\uc7a5, '\uc5b4\ub9b0\uc774 \uad50\ud1b5\uc548\uc804 \ub9b4\ub808\uc774 \ucc4c\ub9b0\uc9c0' \ucc38\uc5ec", "headline": "\uad8c\uad11\uc11d \uc6b0\ub9ac\uc740\ud589\uc7a5, '\uc5b4\ub9b0\uc774 \uad50\ud1b5\uc548\uc804 \ub9b4\ub808\uc774 \ucc4c\ub9b0\uc9c0' \ucc38\uc5ec", "date_str": "2021.02.25. \uc624\uc804 10:55", "writer": "\uc774\ub0a8\uc758 \uae30\uc790", "section": "\uacbd\uc81c", "original_article_link": "http://moneys.mt.co.kr/news/mwView.php?no=2021022510548023825", "article_body": "\n\n\n\n\n\uad8c\uad11\uc11d \uc6b0\ub9ac\uc740\ud589\uc7a5(\uac00\uc6b4\ub370)\uc740 \uc9c0\ub09c 24\uc77c \uc6b0\ub9ac\uc740\ud589 \ubcf8\uc810\uc601\uc5c5\ubd80\uc5d0\uc11c \uc9c1\uc6d0\ub4e4\uacfc \ud568\uaed8 \uad50\ud1b5\uc548\uc804 \uc2ac\ub85c\uac74\uc744 \ub4e4\uace0 \u2018\uc5b4\ub9b0\uc774 \uad50\ud1b5\uc548\uc804 \ub9b4\ub808\uc774 \ucc4c\ub9b0\uc9c0\u2019 \uc5d0 \ucc38\uc5ec\ud588\ub2e4./\uc0ac\uc9c4=\uc6b0\ub9ac\uc740\ud589\uc6b0\ub9ac\uc740\ud589\uc740 \uc9c0\ub09c 24\uc77c \uc11c\uc6b8 \uc911\uad6c \uc6b0\ub9ac\uc740\ud589 \ubcf8\uc810\uc5d0\uc11c \uad8c\uad11\uc11d \uc6b0\ub9ac\uc740\ud589\uc7a5\uc774 \uc9c1\uc6d0\ub4e4\uacfc \ud568\uaed8 \u2018\uc5b4\ub9b0\uc774 \uad50\ud1b5\uc548\uc804 \ub9b4\ub808\uc774 \ucc4c\ub9b0\uc9c0\u2019\uc5d0 \ucc38\uc5ec\ud588\ub2e4\uace0 25\uc77c \ubc1d\ud614\ub2e4.\uc774\ubc88 \uacf5\uc775 \ucea0\ud398\uc778\uc740 \uc5b4\ub9b0\uc774 \uad50\ud1b5\uc548\uc804\uc5d0 \ub300\ud55c \uacf5\uac10\ub300 \ud615\uc131 \ubc0f \uc5b4\ub9b0\uc774 \uad50\ud1b5\uc0ac\uace0 \uc608\ubc29\uc744 \uc704\ud574 \ucc38\uc5ec\uc790\uac00 \uad50\ud1b5\uc548\uc804 \uc2ac\ub85c\uac74\uc744 SNS\uc5d0 \uac8c\uc2dc\ud558\uace0 \ub2e4\uc74c \ub9b4\ub808\uc774 \ucc38\uc5ec\uc790\ub97c \uc9c0\uba85\ud558\ub294 \ubc29\uc2dd\uc73c\ub85c \uc9c4\ud589\ub41c\ub2e4.\uad8c \ud589\uc7a5\uc740 \uc724\uc885\uc6d0 IBK\uae30\uc5c5\uc740\ud589\uc7a5\uc758 \uc9c0\uba85\uc744 \ubc1b\uc544 \uc774\ubc88 \ucea0\ud398\uc778\uc5d0 \ub3d9\ucc38\ud588\uc73c\uba70, \uc9c1\uc6d0\ub4e4\uacfc \ud568\uaed8 \u20181\ub2e8 \uba48\ucda4! 2\ucabd \uc800\ucabd! 3\ucd08 \ub3d9\uc548! 4\uace0 \uc608\ubc29!\u2019 \uad50\ud1b5\uc548\uc804 \uc2ac\ub85c\uac74\uc744 \ub4e4\uace0 \uc0ac\uc9c4\uc744 \ucc0d\uc5b4 \uc6b0\ub9ac\uc740\ud589 \uacf5\uc2dd SNS\uc5d0 \uac8c\uc2dc\ud588\ub2e4.\uad8c \ud589\uc7a5\uc740 \ub2e4\uc74c \ub9b4\ub808\uc774 \ucc38\uc5ec\uc790\ub85c \uc6b0\ub9ac\uc740\ud589 \ub300\ud45c \uace0\uac1d\uc778 \ud64d\uc885\uc2dd \uae08\uc804\uae30\uc5c5 \ud68c\uc7a5, \ud55c\uc601\uc7ac \ub178\ub8e8\ud640\ub529\uc2a4 \ud68c\uc7a5, \uac15\uc131\ud76c \uc624\ud14d\uadf8\ub8f9 \ud68c\uc7a5\uc744 \uc9c0\uba85\ud588\ub2e4.\uad8c \ud589\uc7a5\uc740\u201c\uc774\ubc88 \ucc4c\ub9b0\uc9c0\ub97c \ud1b5\ud574 \uc5b4\ub9b0\uc774 \uc548\uc804\uc744 \ucd5c\uc6b0\uc120\uc801\uc73c\ub85c \ubcf4\ud638\ud574\uc57c \ud55c\ub2e4\ub294 \uc131\uc219\ud55c \uad50\ud1b5\ubb38\ud654\uac00 \ud615\uc131\ub418\uae38 \ubc14\ub780\ub2e4\u201d\uba70 \u201c\uc6b0\ub9ac\uc740\ud589 \uc784\uc9c1\uc6d0\ub4e4\ub3c4 \uc5b4\ub9b0\uc774 \uad50\ud1b5\uc548\uc804\uacfc \uc0ac\uace0\uc608\ubc29\uc744 \uc704\ud574 \uc801\uadf9 \ub3d9\ucc38\ud574 \ub098\uac08 \uac83\u201d\uc774\ub77c\uace0 \uc804\ud588\ub2e4.\uc6b0\ub9ac\uc740\ud589\uc740 2011\ub144\ubd80\ud130 \uc57d 2000\uba85\uc758 \uc9c0\uc5ed\uc544\ub3d9\uc13c\ud130 \ud559\uc0dd\ub4e4\uc5d0\uac8c \uc784\uc9c1\uc6d0\ub4e4\uc774 \uc790\ubc1c\uc801\uc73c\ub85c \uc870\uc131\ud55c \uae30\uae08\uc73c\ub85c \uc7a5\ud559\uae08\uc744 \uc9c0\uc6d0\ud558\uace0\u00a0\uc788\uc73c\uba70 2020\ub144\uc5d0\ub294 \ucf54\ub85c\ub09819 \uac10\uc5fc \uc608\ubc29\uc744 \uc704\ud574 \uc544\ub3d9\ubcf5\uc9c0\uc2dc\uc124 160\uc5ec\uacf3\uc5d0 1\uc5b5\uc6d0 \uc0c1\ub2f9\uc758 \ubc29\uc5ed\uc11c\ube44\uc2a4\ub97c \uc81c\uacf5\ud558\ub294 \ub4f1 \ubbf8\ub798\uc138\ub300 \uc721\uc131\uc744 \uc704\ud55c \ub2e4\uc591\ud55c \uc0ac\ud68c\uacf5\ud5cc\ud65c\ub3d9\uc744 \uc9c4\ud589\ud558\uace0 \uc788\ub2e4.\uc774\ub0a8\uc758 \uae30\uc790 namy85@mt.co.kr\u25b6\ub728\uac70\uc6b4 \uc99d\uc2dc, \uc624\ub298\uc758 \ud2b9\uc9d5\uc8fc\ub294?  \u25b6\uc5ec\ub860\ud655\uc778 '\uba38\ub2c8S\uc124\ubb38' \u25b6\uba38\ub2c8S, \ub124\uc774\ubc84 \uba54\uc778\uc5d0\uc11c \ubcf4\uc138\uc694 <\uc800\uc791\uad8c\uc790 \u24d2 '\uc131\uacf5\uc744 \uafc8\uafb8\ub294 \uc0ac\ub78c\ub4e4\uc758 \uacbd\uc81c \ub274\uc2a4' \uba38\ub2c8S, \ubb34\ub2e8\uc804\uc7ac \ubc0f \uc7ac\ubc30\ud3ec \uae08\uc9c0>\n"}, {"market": "kospi", "sid": "000320", "codename": "\ub178\ub8e8\ud640\ub529\uc2a4", "year": 2021, "month": 2, "article_url": "http://m.nextdaily.co.kr/news/article.html?id=20210225800013", "news_company": "\ub125\uc2a4\ud2b8\ub370\uc77c\ub9ac", "title": "\uad8c\uad11\uc11d \uc6b0\ub9ac\uc740\ud589\uc7a5, \uc5b4\ub9b0\uc774 \uad50\ud1b5\uc548\uc804 \ub9b4\ub808\uc774 \ucc4c\ub9b0\uc9c0 \ucc38\uc5ec", "headline": null, "date_str": null, "writer": null, "section": null, "original_article_link": null, "article_body": null}, {"market": "kospi", "sid": "000320", "codename": "\ub178\ub8e8\ud640\ub529\uc2a4", "year": 2021, "month": 2, "article_url": "http://m.newsway.co.kr/news/view?tp=1&ud=2021022510370910837", "news_company": "\ub274\uc2a4\uc6e8\uc774", "title": "\uad8c\uad11\uc11d \uc6b0\ub9ac\uc740\ud589\uc7a5, \uc5b4\ub9b0\uc774 \uad50\ud1b5\uc548\uc804 \ub9b4\ub808\uc774 \ucc4c\ub9b0\uc9c0 \ucc38\uc5ec", "headline": null, "date_str": null, "writer": null, "section": null, "original_article_link": null, "article_body": null}, {"market": "kospi", "sid": "000320", "codename": "\ub178\ub8e8\ud640\ub529\uc2a4", "year": 2021, "month": 2, "article_url": "https://m.ekn.kr/view.php?key=20210225010005379", "news_company": "\uc5d0\ub108\uc9c0\uacbd\uc81c", "title": "\uad8c\uad11\uc11d \uc6b0\ub9ac\uc740\ud589\uc7a5, \u2018\uc5b4\ub9b0\uc774 \uad50\ud1b5\uc548\uc804 \ub9b4\ub808\uc778 \ucc4c\ub9b0\uc9c0\u2019 \ucc38\uc5ec", "headline": null, "date_str": null, "writer": null, "section": null, "original_article_link": null, "article_body": null}, {"market": "kospi", "sid": "000320", "codename": "\ub178\ub8e8\ud640\ub529\uc2a4", "year": 2021, "month": 2, "article_url": "https://m.dnews.co.kr/m_home/view.jsp?idxno=202102251030590330800", "news_company": "e\ub300\ud55c\uacbd\uc81c", "title": "\uad8c\uad11\uc11d \uc6b0\ub9ac\uc740\ud589\uc7a5, \uc5b4\ub9b0\uc774 \uad50\ud1b5\uc548\uc804 \ub9b4\ub808\uc774 \ucc4c\ub9b0\uc9c0 \ucc38\uc5ec", "headline": null, "date_str": null, "writer": null, "section": null, "original_article_link": null, "article_body": null}, {"market": "kospi", "sid": "000320", "codename": "\ub178\ub8e8\ud640\ub529\uc2a4", "year": 2021, "month": 2, "article_url": "http://www.smedaily.co.kr/news/articleView.html?idxno=198708", "news_company": "\uc911\uc18c\uae30\uc5c5\uc2e0\ubb38", "title": "\uad8c\uad11\uc11d \uc6b0\ub9ac\uc740\ud589\uc7a5, \uc5b4\ub9b0\uc774 \uad50\ud1b5\uc548\uc804 \ub9b4\ub808\uc774 \ucc4c\ub9b0\uc9c0 \ucc38\uc5ec", "headline": null, "date_str": null, "writer": null, "section": null, "original_article_link": null, "article_body": null}, {"market": "kospi", "sid": "000320", "codename": "\ub178\ub8e8\ud640\ub529\uc2a4", "year": 2021, "month": 2, "article_url": "https://www.fetv.co.kr/mobile/article.html?no=77401", "news_company": "FETV", "title": "\uad8c\uad11\uc11d \uc6b0\ub9ac\uc740\ud589\uc7a5, \uc5b4\ub9b0\uc774 \uad50\ud1b5\uc548\uc804 \ub9b4\ub808\uc774 \ucc4c\ub9b0\uc9c0 \ucc38\uc5ec", "headline": null, "date_str": null, "writer": null, "section": null, "original_article_link": null, "article_body": null}, {"market": "kospi", "sid": "000320", "codename": "\ub178\ub8e8\ud640\ub529\uc2a4", "year": 2021, "month": 2, "article_url": "http://www.dailysmart.co.kr/news/articleView.html?idxno=40721", "news_company": "\uc2a4\ub9c8\ud2b8\uacbd\uc81c", "title": "\uad8c\uad11\uc11d \uc6b0\ub9ac\uc740\ud589\uc7a5, \uc5b4\ub9b0\uc774 \uad50\ud1b5\uc548\uc804 \ub9b4\ub808\uc774 \ucc4c\ub9b0\uc9c0 \ucc38\uc5ec", "headline": null, "date_str": null, "writer": null, "section": null, "original_article_link": null, "article_body": null}, {"market": "kospi", "sid": "000320", "codename": "\ub178\ub8e8\ud640\ub529\uc2a4", "year": 2021, "month": 2, "article_url": "https://m.news.naver.com/read?mode=LSD&mid=sec&sid1=101&oid=016&aid=0001798887", "news_company": "\ud5e4\ub7f4\ub4dc\uacbd\uc81c", "title": "\uad8c\uad11\uc11d \uc6b0\ub9ac\uc740\ud589\uc7a5, '\uc5b4\ub9b0\uc774 \uad50\ud1b5\uc548\uc804 \ub9b4\ub808\uc774 \ucc4c\ub9b0\uc9c0' \ucc38\uc5ec", "headline": "\uad8c\uad11\uc11d \uc6b0\ub9ac\uc740\ud589\uc7a5, '\uc5b4\ub9b0\uc774 \uad50\ud1b5\uc548\uc804 \ub9b4\ub808\uc774 \ucc4c\ub9b0\uc9c0' \ucc38\uc5ec", "date_str": "2021.02.25. \uc624\uc804 10:36", "writer": "\ubc15\uc790\uc5f0 \uae30\uc790", "section": "\uacbd\uc81c", "original_article_link": "http://news.heraldcorp.com/view.php?ud=20210225000308", "article_body": "\n\uc5b4\ub9b0\uc774 \uad50\ud1b5\uc0ac\uace0 \uc608\ubc29\ucc28\uc6d0\n\n\n\n[\ud5e4\ub7f4\ub4dc\uacbd\uc81c=\ubc15\uc790\uc5f0 \uae30\uc790]\uc6b0\ub9ac\uc740\ud589\uc740 \uc9c0\ub09c 24\uc77c \uc11c\uc6b8 \uc911\uad6c \uc6b0\ub9ac\uc740\ud589 \ubcf8\uc810\uc5d0\uc11c \uad8c\uad11\uc11d \uc6b0\ub9ac\uc740\ud589\uc7a5\uc774 \uc9c1\uc6d0\ub4e4\uacfc \ud568\uaed8 \u2018\uc5b4\ub9b0\uc774 \uad50\ud1b5\uc548\uc804 \ub9b4\ub808\uc774 \ucc4c\ub9b0\uc9c0\u2019\uc5d0 \ucc38\uc5ec\ud588\ub2e4\uace0 25\uc77c \ubc1d\ud614\ub2e4.\uc774\ubc88 \uacf5\uc775 \ucea0\ud398\uc778\uc740 \uc5b4\ub9b0\uc774 \uad50\ud1b5\uc548\uc804\uc5d0 \ub300\ud55c \uacf5\uac10\ub300 \ud615\uc131 \ubc0f \uc5b4\ub9b0\uc774 \uad50\ud1b5\uc0ac\uace0 \uc608\ubc29\uc744 \uc704\ud574 \ucc38\uc5ec\uc790\uac00 \uad50\ud1b5\uc548\uc804 \uc2ac\ub85c\uac74\uc744 SNS\uc5d0 \uac8c\uc2dc\ud558\uace0 \ub2e4\uc74c \ub9b4\ub808\uc774 \ucc38\uc5ec\uc790\ub97c \uc9c0\uba85\ud558\ub294 \ubc29\uc2dd\uc73c\ub85c \uc9c4\ud589\ub41c\ub2e4.\uad8c \ud589\uc7a5\uc740 \uc724\uc885\uc6d0 IBK\uae30\uc5c5\uc740\ud589\uc7a5\uc758 \uc9c0\uba85\uc744 \ubc1b\uc544 \uc774\ubc88 \ucea0\ud398\uc778\uc5d0 \ub3d9\ucc38\ud588\uc73c\uba70, \uc9c1\uc6d0\ub4e4\uacfc \ud568\uaed8 \u20181\ub2e8 \uba48\ucda4! 2\ucabd \uc800\ucabd! 3\ucd08 \ub3d9\uc548! 4\uace0 \uc608\ubc29!\u2019 \uad50\ud1b5\uc548\uc804 \uc2ac\ub85c\uac74\uc744 \ub4e4\uace0 \uc0ac\uc9c4\uc744 \ucc0d\uc5b4 \uc6b0\ub9ac\uc740\ud589 \uacf5\uc2dd SNS\uc5d0 \uac8c\uc2dc\ud588\ub2e4.\uc774\uc5b4 \uad8c \ud589\uc7a5\uc740 \ub2e4\uc74c \ub9b4\ub808\uc774 \ucc38\uc5ec\uc790\ub85c \uc6b0\ub9ac\uc740\ud589 \ub300\ud45c \uace0\uac1d\uc778 \ud64d\uc885\uc2dd \uae08\uc804\uae30\uc5c5 \ud68c\uc7a5, \ud55c\uc601\uc7ac \ub178\ub8e8\ud640\ub529\uc2a4 \ud68c\uc7a5, \uac15\uc131\ud76c \uc624\ud14d\uadf8\ub8f9 \ud68c\uc7a5\uc744 \uc9c0\uba85\ud588\ub2e4.\uad8c\uad11\uc11d \uc740\ud589\uc7a5\uc740\u201c\uc774\ubc88 \ucc4c\ub9b0\uc9c0\ub97c \ud1b5\ud574 \uc5b4\ub9b0\uc774 \uc548\uc804\uc744 \ucd5c\uc6b0\uc120\uc801\uc73c\ub85c \ubcf4\ud638\ud574\uc57c \ud55c\ub2e4\ub294 \uc131\uc219\ud55c \uad50\ud1b5\ubb38\ud654\uac00 \ud615\uc131\ub418\uae38 \ubc14\ub780\ub2e4\u201d\uba70 \u201c\uc6b0\ub9ac\uc740\ud589 \uc784\uc9c1\uc6d0\ub4e4\ub3c4 \uc5b4\ub9b0\uc774 \uad50\ud1b5\uc548\uc804\uacfc \uc0ac\uace0\uc608\ubc29\uc744 \uc704\ud574 \uc801\uadf9 \ub3d9\ucc38\ud574 \ub098\uac08 \uac83\u201d\uc774\ub77c\uace0 \uc804\ud588\ub2e4.\uc6b0\ub9ac\uc740\ud589\uc740 2011\ub144\ubd80\ud130 \uc57d 2000\uba85\uc758 \uc9c0\uc5ed\uc544\ub3d9\uc13c\ud130 \ud559\uc0dd\ub4e4\uc5d0\uac8c \uc784\uc9c1\uc6d0\ub4e4\uc774 \uc790\ubc1c\uc801\uc73c\ub85c \uc870\uc131\ud55c \uae30\uae08\uc73c\ub85c \uc7a5\ud559\uae08\uc744 \uc9c0\uc6d0\ud574 \uc624\uace0 \uc788\uc73c\uba70, 2020\ub144\uc5d0\ub294 \ucf54\ub85c\ub09819 \uac10\uc5fc \uc608\ubc29\uc744 \uc704\ud574 \uc544\ub3d9\ubcf5\uc9c0\uc2dc\uc124 160\uc5ec\uacf3\uc5d0 1\uc5b5\uc6d0 \uc0c1\ub2f9\uc758 \ubc29\uc5ed\uc11c\ube44\uc2a4\ub97c \uc81c\uacf5\ud558\ub294 \ub4f1 \ubbf8\ub798\uc138\ub300 \uc721\uc131\uc744 \uc704\ud55c \ub2e4\uc591\ud55c \uc0ac\ud68c\uacf5\ud5cc\ud65c\ub3d9\uc744 \uc9c4\ud589\ud558\uace0 \uc788\ub2e4.nature68@heraldcorp.com\u25b6\ud658\uacbd\uc801 \ub300\ud654\uae30\uad6c '\ud5e4\ub7f4\ub4dc\uc5d0\ucf54'\u25b6\ubc00\ub9ac\ud130\ub9ac \uc804\ubb38 \ucf58\ud150\uce20 \u2018\ud5e4\ubc00\u2019\u25b6\ud5e4\ub7f4\ub4dc\uacbd\uc81c \ub124\uc774\ubc84 \ucc44\ub110 \uad6c\ub3c5- Copyrights \u24d2 \ud5e4\ub7f4\ub4dc\uacbd\uc81c & heraldbiz.com, \ubb34\ub2e8 \uc804\uc7ac \ubc0f \uc7ac\ubc30\ud3ec \uae08\uc9c0 -\n\t\t"}, {"market": "kospi", "sid": "000320", "codename": "\ub178\ub8e8\ud640\ub529\uc2a4", "year": 2021, "month": 2, "article_url": "http://kpenews.com/View.aspx?No=1516440", "news_company": "\ud55c\uad6d\uc815\uacbd\uc2e0\ubb38", "title": "\uae30\uc5c5\uc740\ud589 \uc9c0\uba85\ubc1b\uc544 \uc6b0\ub9ac\uc740\ud589\ub3c4..\uad8c\uad11\uc11d \ud589\uc7a5 '\uc5b4\ub9b0\uc774 \uad50\ud1b5\uc548\uc804' \ub9b4\ub808\uc774 \ucc4c\ub9b0\uc9c0", "headline": null, "date_str": null, "writer": null, "section": null, "original_article_link": null, "article_body": null}, {"market": "kospi", "sid": "000320", "codename": "\ub178\ub8e8\ud640\ub529\uc2a4", "year": 2021, "month": 2, "article_url": "https://m.news.naver.com/read?mode=LSD&mid=sec&sid1=101&oid=119&aid=0002471284", "news_company": "\ub370\uc77c\ub9ac\uc548", "title": "\uad8c\uad11\uc11d \uc6b0\ub9ac\uc740\ud589\uc7a5, \uc5b4\ub9b0\uc774 \uad50\ud1b5\uc548\uc804 \ub9b4\ub808\uc774 \ucc4c\ub9b0\uc9c0 \ucc38\uc5ec", "headline": "\uad8c\uad11\uc11d \uc6b0\ub9ac\uc740\ud589\uc7a5, \uc5b4\ub9b0\uc774 \uad50\ud1b5\uc548\uc804 \ub9b4\ub808\uc774 \ucc4c\ub9b0\uc9c0 \ucc38\uc5ec", "date_str": "2021.02.25. \uc624\uc804 10:31", "writer": "\uc774\ub098\uc601 \uae30\uc790", "section": "\uacbd\uc81c", "original_article_link": "https://www.dailian.co.kr/news/view/967401/?sc=Naver", "article_body": "\n\n\n\n\n\uad8c\uad11\uc11d \uc6b0\ub9ac\uc740\ud589\uc7a5(\uac00\uc6b4\ub370)\uc774 \uc9c0\ub09c 24\uc77c \uc6b0\ub9ac\uc740\ud589 \ubcf8\uc810\uc601\uc5c5\ubd80\uc5d0\uc11c \uc9c1\uc6d0\ub4e4\uacfc \u2018\uc5b4\ub9b0\uc774 \uad50\ud1b5\uc548\uc804 \ub9b4\ub808\uc774 \ucc4c\ub9b0\uc9c0\u2019 \uc5d0 \ucc38\uc5ec\ud558\uace0 \uae30\ub150\ucd2c\uc601\uc744 \ud558\uace0 \uc788\ub2e4.\u24d2\uc6b0\ub9ac\uc740\ud589\uc6b0\ub9ac\uc740\ud589\uc740 \uc9c0\ub09c 24\uc77c \uc11c\uc6b8 \uc911\uad6c \uc6b0\ub9ac\uc740\ud589 \ubcf8\uc810\uc5d0\uc11c \uad8c\uad11\uc11d \uc6b0\ub9ac\uc740\ud589\uc7a5\uc774 \uc9c1\uc6d0\ub4e4\uacfc \ud568\uaed8 '\uc5b4\ub9b0\uc774 \uad50\ud1b5\uc548\uc804 \ub9b4\ub808\uc774 \ucc4c\ub9b0\uc9c0'\uc5d0 \ucc38\uc5ec\ud588\ub2e4.\uc774\ubc88 \uacf5\uc775 \ucea0\ud398\uc778\uc740 \uc5b4\ub9b0\uc774 \uad50\ud1b5\uc548\uc804\uc5d0 \ub300\ud55c \uacf5\uac10\ub300 \ud615\uc131 \ubc0f \uc5b4\ub9b0\uc774 \uad50\ud1b5\uc0ac\uace0 \uc608\ubc29\uc744 \uc704\ud574 \ucc38\uc5ec\uc790\uac00 \uad50\ud1b5\uc548\uc804 \uc2ac\ub85c\uac74\uc744 SNS\uc5d0 \uac8c\uc2dc\ud558\uace0 \ub2e4\uc74c \ub9b4\ub808\uc774 \ucc38\uc5ec\uc790\ub97c \uc9c0\uba85\ud558\ub294 \ubc29\uc2dd\uc73c\ub85c \uc9c4\ud589\ub41c\ub2e4.\uad8c \ud589\uc7a5\uc740 \uc724\uc885\uc6d0 IBK\uae30\uc5c5\uc740\ud589\uc7a5\uc758 \uc9c0\uba85\uc744 \ubc1b\uc544 \uc774\ubc88 \ucea0\ud398\uc778\uc5d0 \ub3d9\ucc38\ud588\uc73c\uba70, \uc9c1\uc6d0\ub4e4\uacfc \ud568\uaed8 '1\ub2e8 \uba48\ucda4! 2\ucabd \uc800\ucabd! 3\ucd08 \ub3d9\uc548! 4\uace0 \uc608\ubc29!' \uad50\ud1b5\uc548\uc804 \uc2ac\ub85c\uac74\uc744 \ub4e4\uace0 \uc0ac\uc9c4\uc744 \ucc0d\uc5b4 \uc6b0\ub9ac\uc740\ud589 \uacf5\uc2dd SNS\uc5d0 \uac8c\uc2dc\ud588\ub2e4.\ub610\ud55c \uad8c \ud589\uc7a5\uc740 \ub2e4\uc74c \ub9b4\ub808\uc774 \ucc38\uc5ec\uc790\ub85c \uc6b0\ub9ac\uc740\ud589 \ub300\ud45c \uace0\uac1d\uc778 \ud64d\uc885\uc2dd \uae08\uc804\uae30\uc5c5 \ud68c\uc7a5, \ud55c\uc601\uc7ac \ub178\ub8e8\ud640\ub529\uc2a4 \ud68c\uc7a5, \uac15\uc131\ud76c \uc624\ud14d\uadf8\ub8f9 \ud68c\uc7a5\uc744 \uc9c0\uba85\ud588\ub2e4.\uad8c\uad11\uc11d \uc6b0\ub9ac\uc740\ud589\uc7a5\uc740 \"\uc774\ubc88 \ucc4c\ub9b0\uc9c0\ub97c \ud1b5\ud574 \uc5b4\ub9b0\uc774 \uc548\uc804\uc744 \ucd5c\uc6b0\uc120\uc801\uc73c\ub85c \ubcf4\ud638\ud574\uc57c \ud55c\ub2e4\ub294 \uc131\uc219\ud55c \uad50\ud1b5\ubb38\ud654\uac00 \ud615\uc131\ub418\uae38 \ubc14\ub780\ub2e4\"\uba70 \"\uc6b0\ub9ac\uc740\ud589 \uc784\uc9c1\uc6d0\ub4e4\ub3c4 \uc5b4\ub9b0\uc774 \uad50\ud1b5\uc548\uc804\uacfc \uc0ac\uace0\uc608\ubc29\uc744 \uc704\ud574 \uc801\uadf9 \ub3d9\ucc38\ud574 \ub098\uac08 \uac83\"\uc774\ub77c\uace0 \ub9d0\ud588\ub2e4.\ub370\uc77c\ub9ac\uc548 \uc774\ub098\uc601 \uae30\uc790 (ny4030@dailian.co.kr)\u25b6 \ub370\uc77c\ub9ac\uc548 \ub124\uc774\ubc84 \uad6c\ub3c5\ud558\uae30\u25b6 \ub370\uc77c\ub9ac\uc548 \ub9cc\ud3c9\ubcf4\uae30\u25b6 \uc81c\ubcf4\ud558\uae30\u24d2 (\uc8fc)\ub370\uc77c\ub9ac\uc548 - \ubb34\ub2e8\uc804\uc7ac, \ubcc0\ud615, \ubb34\ub2e8\ubc30\ud3ec \uae08\uc9c0\n\t\t"}, {"market": "kospi", "sid": "000320", "codename": "\ub178\ub8e8\ud640\ub529\uc2a4", "year": 2021, "month": 2, "article_url": "http://m.pinpointnews.co.kr/view.php?ud=20210225101508254248e3dd6dd5_45", "news_company": "\ud540\ud3ec\uc778\ud2b8\ub274\uc2a4", "title": "\uad8c\uad11\uc11d \uc6b0\ub9ac\uc740\ud589\uc7a5, \uc5b4\ub9b0\uc774 \uad50\ud1b5\uc548\uc804 \ub9b4\ub808\uc774 \ucc4c\ub9b0\uc9c0 \ucc38\uc5ec", "headline": null, "date_str": null, "writer": null, "section": null, "original_article_link": null, "article_body": null}, {"market": "kospi", "sid": "000320", "codename": "\ub178\ub8e8\ud640\ub529\uc2a4", "year": 2021, "month": 2, "article_url": "http://m.lawissue.co.kr/view.php?ud=202102251014195339204ead0791_12", "news_company": "\ub85c\uc774\uc288", "title": "[\uc0ac\ud68c\uacf5\ud5cc\ud65c\ub3d9] \uad8c\uad11\uc11d \uc6b0\ub9ac\uc740\ud589\uc7a5, \uc5b4\ub9b0\uc774 \uad50\ud1b5\uc548\uc804 \ub9b4\ub808\uc774 \ucc4c\ub9b0\uc9c0 \ucc38\uc5ec", "headline": null, "date_str": null, "writer": null, "section": null, "original_article_link": null, "article_body": null}, {"market": "kospi", "sid": "000320", "codename": "\ub178\ub8e8\ud640\ub529\uc2a4", "year": 2021, "month": 2, "article_url": "https://m.news.naver.com/read?mode=LSD&mid=sec&sid1=101&oid=016&aid=0001798887", "news_company": "\ud5e4\ub7f4\ub4dc\uacbd\uc81c", "title": "\uad8c\uad11\uc11d \uc6b0\ub9ac\uc740\ud589\uc7a5, '\uc5b4\ub9b0\uc774 \uad50\ud1b5\uc548\uc804 \ub9b4\ub808\uc774 \ucc4c\ub9b0\uc9c0' \ucc38\uc5ec", "headline": "\uad8c\uad11\uc11d \uc6b0\ub9ac\uc740\ud589\uc7a5, '\uc5b4\ub9b0\uc774 \uad50\ud1b5\uc548\uc804 \ub9b4\ub808\uc774 \ucc4c\ub9b0\uc9c0' \ucc38\uc5ec", "date_str": "2021.02.25. \uc624\uc804 10:36", "writer": "\ubc15\uc790\uc5f0 \uae30\uc790", "section": "\uacbd\uc81c", "original_article_link": "http://news.heraldcorp.com/view.php?ud=20210225000308", "article_body": "\n\uc5b4\ub9b0\uc774 \uad50\ud1b5\uc0ac\uace0 \uc608\ubc29\ucc28\uc6d0\n\n\n\n[\ud5e4\ub7f4\ub4dc\uacbd\uc81c=\ubc15\uc790\uc5f0 \uae30\uc790]\uc6b0\ub9ac\uc740\ud589\uc740 \uc9c0\ub09c 24\uc77c \uc11c\uc6b8 \uc911\uad6c \uc6b0\ub9ac\uc740\ud589 \ubcf8\uc810\uc5d0\uc11c \uad8c\uad11\uc11d \uc6b0\ub9ac\uc740\ud589\uc7a5\uc774 \uc9c1\uc6d0\ub4e4\uacfc \ud568\uaed8 \u2018\uc5b4\ub9b0\uc774 \uad50\ud1b5\uc548\uc804 \ub9b4\ub808\uc774 \ucc4c\ub9b0\uc9c0\u2019\uc5d0 \ucc38\uc5ec\ud588\ub2e4\uace0 25\uc77c \ubc1d\ud614\ub2e4.\uc774\ubc88 \uacf5\uc775 \ucea0\ud398\uc778\uc740 \uc5b4\ub9b0\uc774 \uad50\ud1b5\uc548\uc804\uc5d0 \ub300\ud55c \uacf5\uac10\ub300 \ud615\uc131 \ubc0f \uc5b4\ub9b0\uc774 \uad50\ud1b5\uc0ac\uace0 \uc608\ubc29\uc744 \uc704\ud574 \ucc38\uc5ec\uc790\uac00 \uad50\ud1b5\uc548\uc804 \uc2ac\ub85c\uac74\uc744 SNS\uc5d0 \uac8c\uc2dc\ud558\uace0 \ub2e4\uc74c \ub9b4\ub808\uc774 \ucc38\uc5ec\uc790\ub97c \uc9c0\uba85\ud558\ub294 \ubc29\uc2dd\uc73c\ub85c \uc9c4\ud589\ub41c\ub2e4.\uad8c \ud589\uc7a5\uc740 \uc724\uc885\uc6d0 IBK\uae30\uc5c5\uc740\ud589\uc7a5\uc758 \uc9c0\uba85\uc744 \ubc1b\uc544 \uc774\ubc88 \ucea0\ud398\uc778\uc5d0 \ub3d9\ucc38\ud588\uc73c\uba70, \uc9c1\uc6d0\ub4e4\uacfc \ud568\uaed8 \u20181\ub2e8 \uba48\ucda4! 2\ucabd \uc800\ucabd! 3\ucd08 \ub3d9\uc548! 4\uace0 \uc608\ubc29!\u2019 \uad50\ud1b5\uc548\uc804 \uc2ac\ub85c\uac74\uc744 \ub4e4\uace0 \uc0ac\uc9c4\uc744 \ucc0d\uc5b4 \uc6b0\ub9ac\uc740\ud589 \uacf5\uc2dd SNS\uc5d0 \uac8c\uc2dc\ud588\ub2e4.\uc774\uc5b4 \uad8c \ud589\uc7a5\uc740 \ub2e4\uc74c \ub9b4\ub808\uc774 \ucc38\uc5ec\uc790\ub85c \uc6b0\ub9ac\uc740\ud589 \ub300\ud45c \uace0\uac1d\uc778 \ud64d\uc885\uc2dd \uae08\uc804\uae30\uc5c5 \ud68c\uc7a5, \ud55c\uc601\uc7ac \ub178\ub8e8\ud640\ub529\uc2a4 \ud68c\uc7a5, \uac15\uc131\ud76c \uc624\ud14d\uadf8\ub8f9 \ud68c\uc7a5\uc744 \uc9c0\uba85\ud588\ub2e4.\uad8c\uad11\uc11d \uc740\ud589\uc7a5\uc740\u201c\uc774\ubc88 \ucc4c\ub9b0\uc9c0\ub97c \ud1b5\ud574 \uc5b4\ub9b0\uc774 \uc548\uc804\uc744 \ucd5c\uc6b0\uc120\uc801\uc73c\ub85c \ubcf4\ud638\ud574\uc57c \ud55c\ub2e4\ub294 \uc131\uc219\ud55c \uad50\ud1b5\ubb38\ud654\uac00 \ud615\uc131\ub418\uae38 \ubc14\ub780\ub2e4\u201d\uba70 \u201c\uc6b0\ub9ac\uc740\ud589 \uc784\uc9c1\uc6d0\ub4e4\ub3c4 \uc5b4\ub9b0\uc774 \uad50\ud1b5\uc548\uc804\uacfc \uc0ac\uace0\uc608\ubc29\uc744 \uc704\ud574 \uc801\uadf9 \ub3d9\ucc38\ud574 \ub098\uac08 \uac83\u201d\uc774\ub77c\uace0 \uc804\ud588\ub2e4.\uc6b0\ub9ac\uc740\ud589\uc740 2011\ub144\ubd80\ud130 \uc57d 2000\uba85\uc758 \uc9c0\uc5ed\uc544\ub3d9\uc13c\ud130 \ud559\uc0dd\ub4e4\uc5d0\uac8c \uc784\uc9c1\uc6d0\ub4e4\uc774 \uc790\ubc1c\uc801\uc73c\ub85c \uc870\uc131\ud55c \uae30\uae08\uc73c\ub85c \uc7a5\ud559\uae08\uc744 \uc9c0\uc6d0\ud574 \uc624\uace0 \uc788\uc73c\uba70, 2020\ub144\uc5d0\ub294 \ucf54\ub85c\ub09819 \uac10\uc5fc \uc608\ubc29\uc744 \uc704\ud574 \uc544\ub3d9\ubcf5\uc9c0\uc2dc\uc124 160\uc5ec\uacf3\uc5d0 1\uc5b5\uc6d0 \uc0c1\ub2f9\uc758 \ubc29\uc5ed\uc11c\ube44\uc2a4\ub97c \uc81c\uacf5\ud558\ub294 \ub4f1 \ubbf8\ub798\uc138\ub300 \uc721\uc131\uc744 \uc704\ud55c \ub2e4\uc591\ud55c \uc0ac\ud68c\uacf5\ud5cc\ud65c\ub3d9\uc744 \uc9c4\ud589\ud558\uace0 \uc788\ub2e4.nature68@heraldcorp.com\u25b6\ud658\uacbd\uc801 \ub300\ud654\uae30\uad6c '\ud5e4\ub7f4\ub4dc\uc5d0\ucf54'\u25b6\ubc00\ub9ac\ud130\ub9ac \uc804\ubb38 \ucf58\ud150\uce20 \u2018\ud5e4\ubc00\u2019\u25b6\ud5e4\ub7f4\ub4dc\uacbd\uc81c \ub124\uc774\ubc84 \ucc44\ub110 \uad6c\ub3c5- Copyrights \u24d2 \ud5e4\ub7f4\ub4dc\uacbd\uc81c & heraldbiz.com, \ubb34\ub2e8 \uc804\uc7ac \ubc0f \uc7ac\ubc30\ud3ec \uae08\uc9c0 -\n\t\t"}, {"market": "kospi", "sid": "000320", "codename": "\ub178\ub8e8\ud640\ub529\uc2a4", "year": 2021, "month": 2, "article_url": "http://kpenews.com/View.aspx?No=1516440", "news_company": "\ud55c\uad6d\uc815\uacbd\uc2e0\ubb38", "title": "\uae30\uc5c5\uc740\ud589 \uc9c0\uba85\ubc1b\uc544 \uc6b0\ub9ac\uc740\ud589\ub3c4..\uad8c\uad11\uc11d \ud589\uc7a5 '\uc5b4\ub9b0\uc774 \uad50\ud1b5\uc548\uc804' \ub9b4\ub808\uc774 \ucc4c\ub9b0\uc9c0", "headline": null, "date_str": null, "writer": null, "section": null, "original_article_link": null, "article_body": null}, {"market": "kospi", "sid": "000320", "codename": "\ub178\ub8e8\ud640\ub529\uc2a4", "year": 2021, "month": 2, "article_url": "https://m.news.naver.com/read?mode=LSD&mid=sec&sid1=101&oid=119&aid=0002471284", "news_company": "\ub370\uc77c\ub9ac\uc548", "title": "\uad8c\uad11\uc11d \uc6b0\ub9ac\uc740\ud589\uc7a5, \uc5b4\ub9b0\uc774 \uad50\ud1b5\uc548\uc804 \ub9b4\ub808\uc774 \ucc4c\ub9b0\uc9c0 \ucc38\uc5ec", "headline": "\uad8c\uad11\uc11d \uc6b0\ub9ac\uc740\ud589\uc7a5, \uc5b4\ub9b0\uc774 \uad50\ud1b5\uc548\uc804 \ub9b4\ub808\uc774 \ucc4c\ub9b0\uc9c0 \ucc38\uc5ec", "date_str": "2021.02.25. \uc624\uc804 10:31", "writer": "\uc774\ub098\uc601 \uae30\uc790", "section": "\uacbd\uc81c", "original_article_link": "https://www.dailian.co.kr/news/view/967401/?sc=Naver", "article_body": "\n\n\n\n\n\uad8c\uad11\uc11d \uc6b0\ub9ac\uc740\ud589\uc7a5(\uac00\uc6b4\ub370)\uc774 \uc9c0\ub09c 24\uc77c \uc6b0\ub9ac\uc740\ud589 \ubcf8\uc810\uc601\uc5c5\ubd80\uc5d0\uc11c \uc9c1\uc6d0\ub4e4\uacfc \u2018\uc5b4\ub9b0\uc774 \uad50\ud1b5\uc548\uc804 \ub9b4\ub808\uc774 \ucc4c\ub9b0\uc9c0\u2019 \uc5d0 \ucc38\uc5ec\ud558\uace0 \uae30\ub150\ucd2c\uc601\uc744 \ud558\uace0 \uc788\ub2e4.\u24d2\uc6b0\ub9ac\uc740\ud589\uc6b0\ub9ac\uc740\ud589\uc740 \uc9c0\ub09c 24\uc77c \uc11c\uc6b8 \uc911\uad6c \uc6b0\ub9ac\uc740\ud589 \ubcf8\uc810\uc5d0\uc11c \uad8c\uad11\uc11d \uc6b0\ub9ac\uc740\ud589\uc7a5\uc774 \uc9c1\uc6d0\ub4e4\uacfc \ud568\uaed8 '\uc5b4\ub9b0\uc774 \uad50\ud1b5\uc548\uc804 \ub9b4\ub808\uc774 \ucc4c\ub9b0\uc9c0'\uc5d0 \ucc38\uc5ec\ud588\ub2e4.\uc774\ubc88 \uacf5\uc775 \ucea0\ud398\uc778\uc740 \uc5b4\ub9b0\uc774 \uad50\ud1b5\uc548\uc804\uc5d0 \ub300\ud55c \uacf5\uac10\ub300 \ud615\uc131 \ubc0f \uc5b4\ub9b0\uc774 \uad50\ud1b5\uc0ac\uace0 \uc608\ubc29\uc744 \uc704\ud574 \ucc38\uc5ec\uc790\uac00 \uad50\ud1b5\uc548\uc804 \uc2ac\ub85c\uac74\uc744 SNS\uc5d0 \uac8c\uc2dc\ud558\uace0 \ub2e4\uc74c \ub9b4\ub808\uc774 \ucc38\uc5ec\uc790\ub97c \uc9c0\uba85\ud558\ub294 \ubc29\uc2dd\uc73c\ub85c \uc9c4\ud589\ub41c\ub2e4.\uad8c \ud589\uc7a5\uc740 \uc724\uc885\uc6d0 IBK\uae30\uc5c5\uc740\ud589\uc7a5\uc758 \uc9c0\uba85\uc744 \ubc1b\uc544 \uc774\ubc88 \ucea0\ud398\uc778\uc5d0 \ub3d9\ucc38\ud588\uc73c\uba70, \uc9c1\uc6d0\ub4e4\uacfc \ud568\uaed8 '1\ub2e8 \uba48\ucda4! 2\ucabd \uc800\ucabd! 3\ucd08 \ub3d9\uc548! 4\uace0 \uc608\ubc29!' \uad50\ud1b5\uc548\uc804 \uc2ac\ub85c\uac74\uc744 \ub4e4\uace0 \uc0ac\uc9c4\uc744 \ucc0d\uc5b4 \uc6b0\ub9ac\uc740\ud589 \uacf5\uc2dd SNS\uc5d0 \uac8c\uc2dc\ud588\ub2e4.\ub610\ud55c \uad8c \ud589\uc7a5\uc740 \ub2e4\uc74c \ub9b4\ub808\uc774 \ucc38\uc5ec\uc790\ub85c \uc6b0\ub9ac\uc740\ud589 \ub300\ud45c \uace0\uac1d\uc778 \ud64d\uc885\uc2dd \uae08\uc804\uae30\uc5c5 \ud68c\uc7a5, \ud55c\uc601\uc7ac \ub178\ub8e8\ud640\ub529\uc2a4 \ud68c\uc7a5, \uac15\uc131\ud76c \uc624\ud14d\uadf8\ub8f9 \ud68c\uc7a5\uc744 \uc9c0\uba85\ud588\ub2e4.\uad8c\uad11\uc11d \uc6b0\ub9ac\uc740\ud589\uc7a5\uc740 \"\uc774\ubc88 \ucc4c\ub9b0\uc9c0\ub97c \ud1b5\ud574 \uc5b4\ub9b0\uc774 \uc548\uc804\uc744 \ucd5c\uc6b0\uc120\uc801\uc73c\ub85c \ubcf4\ud638\ud574\uc57c \ud55c\ub2e4\ub294 \uc131\uc219\ud55c \uad50\ud1b5\ubb38\ud654\uac00 \ud615\uc131\ub418\uae38 \ubc14\ub780\ub2e4\"\uba70 \"\uc6b0\ub9ac\uc740\ud589 \uc784\uc9c1\uc6d0\ub4e4\ub3c4 \uc5b4\ub9b0\uc774 \uad50\ud1b5\uc548\uc804\uacfc \uc0ac\uace0\uc608\ubc29\uc744 \uc704\ud574 \uc801\uadf9 \ub3d9\ucc38\ud574 \ub098\uac08 \uac83\"\uc774\ub77c\uace0 \ub9d0\ud588\ub2e4.\ub370\uc77c\ub9ac\uc548 \uc774\ub098\uc601 \uae30\uc790 (ny4030@dailian.co.kr)\u25b6 \ub370\uc77c\ub9ac\uc548 \ub124\uc774\ubc84 \uad6c\ub3c5\ud558\uae30\u25b6 \ub370\uc77c\ub9ac\uc548 \ub9cc\ud3c9\ubcf4\uae30\u25b6 \uc81c\ubcf4\ud558\uae30\u24d2 (\uc8fc)\ub370\uc77c\ub9ac\uc548 - \ubb34\ub2e8\uc804\uc7ac, \ubcc0\ud615, \ubb34\ub2e8\ubc30\ud3ec \uae08\uc9c0\n\t\t"}, {"market": "kospi", "sid": "000320", "codename": "\ub178\ub8e8\ud640\ub529\uc2a4", "year": 2021, "month": 2, "article_url": "http://m.pinpointnews.co.kr/view.php?ud=20210225101508254248e3dd6dd5_45", "news_company": "\ud540\ud3ec\uc778\ud2b8\ub274\uc2a4", "title": "\uad8c\uad11\uc11d \uc6b0\ub9ac\uc740\ud589\uc7a5, \uc5b4\ub9b0\uc774 \uad50\ud1b5\uc548\uc804 \ub9b4\ub808\uc774 \ucc4c\ub9b0\uc9c0 \ucc38\uc5ec", "headline": null, "date_str": null, "writer": null, "section": null, "original_article_link": null, "article_body": null}, {"market": "kospi", "sid": "000320", "codename": "\ub178\ub8e8\ud640\ub529\uc2a4", "year": 2021, "month": 2, "article_url": "http://m.lawissue.co.kr/view.php?ud=202102251014195339204ead0791_12", "news_company": "\ub85c\uc774\uc288", "title": "[\uc0ac\ud68c\uacf5\ud5cc\ud65c\ub3d9] \uad8c\uad11\uc11d \uc6b0\ub9ac\uc740\ud589\uc7a5, \uc5b4\ub9b0\uc774 \uad50\ud1b5\uc548\uc804 \ub9b4\ub808\uc774 \ucc4c\ub9b0\uc9c0 \ucc38\uc5ec", "headline": null, "date_str": null, "writer": null, "section": null, "original_article_link": null, "article_body": null}]}