{"data": [{"market": "kospi", "sid": "000070", "codename": "\uc0bc\uc591\ud640\ub529\uc2a4", "year": 2022, "month": 3, "article_url": "http://m.megaeconomy.co.kr/news/newsview.php?ncode=1065577231254979", "news_company": "\uba54\uac00\uacbd\uc81c", "title": "\uc0bc\uc591\uadf8\ub8f9, \ub3d9\ud574\uc548 \uc0b0\ubd88 \ud53c\ud574 \ubcf5\uad6c\uc5d0 2\uc5b5 \uae30\ubd80", "headline": null, "date_str": null, "writer": null, "section": null, "original_article_link": null, "article_body": null}, {"market": "kospi", "sid": "000070", "codename": "\uc0bc\uc591\ud640\ub529\uc2a4", "year": 2022, "month": 3, "article_url": "http://www.thevaluenews.co.kr/m/view.php?idx=167930", "news_company": "\ub354\ubc38\ub958\ub274\uc2a4", "title": "\uc0bc\uc591\uadf8\ub8f9, \ub3d9\ud574\uc548 \uc0b0\ubd88 \ud53c\ud574 \ubcf5\uad6c\uc5d0 2\uc5b5\uc6d0 \uae30\ubd80", "headline": null, "date_str": null, "writer": null, "section": null, "original_article_link": null, "article_body": null}, {"market": "kospi", "sid": "000070", "codename": "\uc0bc\uc591\ud640\ub529\uc2a4", "year": 2022, "month": 3, "article_url": "https://m.asiatime.co.kr/article/20220311500029", "news_company": "\uc544\uc2dc\uc544\ud0c0\uc784\uc988", "title": "\uc0bc\uc591\uadf8\ub8f9, \ub3d9\ud574\uc548 \uc0b0\ubd88 \ud53c\ud574 \ubcf5\uad6c\uc5d0 2\uc5b5\uc6d0 \uae30\ubd80", "headline": null, "date_str": null, "writer": null, "section": null, "original_article_link": null, "article_body": null}, {"market": "kospi", "sid": "000070", "codename": "\uc0bc\uc591\ud640\ub529\uc2a4", "year": 2022, "month": 3, "article_url": "http://www.startuptoday.co.kr/news/articleView.html?idxno=95586", "news_company": "\uc624\ub298\uacbd\uc81c", "title": "\uc0bc\uc591\uadf8\ub8f9, \uc0b0\ubd88 \ud53c\ud574 \ubcf5\uad6c\uc5d0 2\uc5b5\uc6d0 \uae30\ubd80\u2026\uad00\uc808\uc5fc \uce58\ub8cc\uc81c\ub3c4 \uc804\ub2ec", "headline": null, "date_str": null, "writer": null, "section": null, "original_article_link": null, "article_body": null}, {"market": "kospi", "sid": "000070", "codename": "\uc0bc\uc591\ud640\ub529\uc2a4", "year": 2022, "month": 3, "article_url": "https://m.news.naver.com/read?mode=LSD&mid=sec&sid1=101&oid=001&aid=0013045457", "news_company": "\uc5f0\ud569\ub274\uc2a4", "title": "[\ub3d9\ud574\uc548 \uc0b0\ubd88] \uc0bc\uc591\uadf8\ub8f9, \uc758\uc57d\ud488\u00b7\uc131\uae08 2\uc5b5\uc6d0 \uae30\ubd80", "headline": "[\ub3d9\ud574\uc548 \uc0b0\ubd88] \uc0bc\uc591\uadf8\ub8f9, \uc758\uc57d\ud488\u00b7\uc131\uae08 2\uc5b5\uc6d0 \uae30\ubd80", "date_str": "2022.03.11. \uc624\uc804 10:27", "writer": "\ubc15\uc0c1\ub3c8 \uae30\uc790", "section": "\uacbd\uc81c", "original_article_link": "http://yna.kr/AKR20220311053900003?did=1195m", "article_body": "\n\n\n\n\n\uc0bc\uc591\uadf8\ub8f9 [\uc0bc\uc591\uadf8\ub8f9 \uc81c\uacf5. \uc7ac\ud310\ub9e4 \ubc0f DB \uae08\uc9c0](\uc11c\uc6b8=\uc5f0\ud569\ub274\uc2a4) \ubc15\uc0c1\ub3c8 \uae30\uc790 = \uc0bc\uc591\uadf8\ub8f9\uc740 \ub3d9\ud574\uc548 \uc0b0\ubd88 \ud53c\ud574 \ubcf5\uad6c \ubc0f \ud53c\ud574 \uc8fc\ubbfc \uc9c0\uc6d0\uc744 \uc704\ud574 5\ucc9c\ub9cc\uc6d0 \uc0c1\ub2f9\uc758 \uc758\uc57d\ud488\uc744 \ud3ec\ud568\ud574 2\uc5b5\uc6d0\uc744 \uae30\ubd80\ud55c\ub2e4\uace0 11\uc77c \ubc1d\ud614\ub2e4.    \uc774\ubc88 \uae30\ubd80\uc5d0\ub294 \uc0bc\uc591\ud640\ub529\uc2a4, \uc0bc\uc591\ud328\ud0a4\uc9d5, \uc0bc\uc591\uc774\ub178\ucf10 \ub4f1\uc758 \uacc4\uc5f4\uc0ac\uac00 \ucc38\uc5ec\ud588\ub2e4.     \uc0bc\uc591\uc774\ub178\ucf10\uacfc \uc0bc\uc591\ud328\ud0a4\uc9d5\uc740 1\uc5b5\uc6d0\uacfc 5\ucc9c\ub9cc\uc6d0\uc758 \uc131\uae08\uc744, \uc0bc\uc591\ud640\ub529\uc2a4 \ubc14\uc774\uc624\ud31c\uadf8\ub8f9\uc740 5\ucc9c\ub9cc\uc6d0 \uc0c1\ub2f9\uc758 \ubd99\uc774\ub294 \uad00\uc808\uc5fc \uce58\ub8cc\uc81c '\ub958\ub9c8\uc2a4\ud0d1\uc5d0\uc2a4 \ud50c\ub77c\uc2a4\ud0c0 \ud56b'\uc744 \ub300\ud55c\uc801\uc2ed\uc790\uc0ac\uc5d0 \uae30\ud0c1\ud588\ub2e4.    \uc55e\uc11c \uc0bc\uc591\uadf8\ub8f9\uc740 2019\ub144 \uac15\uc6d0 \uc9c0\uc5ed \uc0b0\ubd88\uacfc 2020\ub144 \uc9d1\uc911\ud638\uc6b0\uc5d0 \ub530\ub978 \uc218\ud574 \ubc1c\uc0dd \ub2f9\uc2dc\uc5d0\ub3c4 \ubb3c\ud488\uc744 \ud3ec\ud568\ud574 \uac01\uac01 1\uc5b5\uc6d0, 2\uc5b55\ucc9c\ub9cc\uc6d0\uc744 \uae30\ubd80\ud588\ub2e4    kaka@yna.co.kr\n"}, {"market": "kospi", "sid": "000070", "codename": "\uc0bc\uc591\ud640\ub529\uc2a4", "year": 2022, "month": 3, "article_url": "https://m.news.naver.com/read?mode=LSD&mid=sec&sid1=101&oid=417&aid=0000793323", "news_company": "\uba38\ub2c8S\uc5b8\ub860\uc0ac \uc120\uc815", "title": "\uc0bc\uc591\uadf8\ub8f9, \ub3d9\ud574\uc548 \uc0b0\ubd88 \ud53c\ud574 \ubcf5\uad6c \uc704\ud574 2\uc5b5\uc6d0 \uae30\ubd80", "headline": "\uc0bc\uc591\uadf8\ub8f9, \ub3d9\ud574\uc548 \uc0b0\ubd88 \ud53c\ud574 \ubcf5\uad6c \uc704\ud574 2\uc5b5\uc6d0 \uae30\ubd80", "date_str": "2022.03.11. \uc624\uc804 10:17", "writer": "\uae40\ub3d9\uc6b1 \uae30\uc790", "section": "\uacbd\uc81c", "original_article_link": "http://moneys.mt.co.kr/news/mwView.php?no=2022031110058015886", "article_body": "\n\n\n\n\n\uc0bc\uc591\uadf8\ub8f9\uc774 \ub3d9\ud574\uc548 \uc0b0\ubd88 \ud53c\ud574 \ubcf5\uad6c\ub97c \uc704\ud574 \uc758\uc57d\ud488 \ud3ec\ud568 2\uc5b5\uc6d0\uc744 \uae30\ubd80\ud55c\ub2e4. \uc0ac\uc9c4\uc740 \uc11c\uc6b8 \uc885\ub85c\uad6c \uc0bc\uc591\uadf8\ub8f9 \ubcf8\uc0ac \uac74\ubb3c \uc804\uacbd. /\uc0ac\uc9c4=\uc0bc\uc591\uadf8\ub8f9 \uc81c\uacf5\uc0bc\uc591\uadf8\ub8f9\uc774 \ub3d9\ud574\uc548 \uc0b0\ubd88 \ud53c\ud574 \ubcf5\uad6c\uc640 \ud53c\ud574 \uc8fc\ubbfc\uc744 \uc704\ud574 \uae30\ubd80\uae08\uacfc \uae30\ubd80 \ubb3c\ud488\uc744 \uae30\ud0c1\ud55c\ub2e4.\uc0bc\uc591\uadf8\ub8f9\uc740 \ub3d9\ud574\uc548 \uc0b0\ubd88\uacfc \uad00\ub828\ud574 \ub300\ud55c\uc801\uc9d1\uc790\uc0ac\uc5d0 5000\ub9cc\uc6d0 \uc0c1\ub2f9\uc758 \uc758\uc57d\ud488\uc744 \ud3ec\ud568\ud574 \ucd1d 2\uc5b5\uc6d0\uc744 \uae30\ubd80\ud588\ub2e4\uace0 11\uc77c \ubc1d\ud614\ub2e4.\uc774\ubc88 \uae30\ubd80\uc5d0\ub294 \uc0bc\uc591\ud640\ub529\uc2a4, \uc0bc\uc591\ud328\ud0a4\uc9d5, \uc0bc\uc591\uc774\ub178\ucea0 \ub4f1 \uacc4\uc5f4\uc0ac\uac00 \ucc38\uc5ec\ud588\ub2e4. \uc0bc\uc591\ud640\ub529\uc2a4 \ubc14\uc774\uc624\ud31c\uadf8\ub8f9\uc740 5000\ub9cc\uc6d0 \uc0c1\ub2f9\uc758 \ubd99\uc774\ub294 \uad00\uc808\uc5fc \uce58\ub8cc\uc81c \u2018\ub958\ub9c8\uc2a4\ud0d1\uc5d0\uc2a4 \ud50c\ub77c\uc2a4\ud0c0 \ud56b\u2019\uc744 \uae30\ud0c1\ud588\ub2e4.\u00a0\uc0bc\uc591\uc774\ub178\ucf10\uacfc \uc0bc\uc591\ud328\ud0a4\uc9d5\uc740 \uac01\uac01 1\uc5b5\uc6d0\uacfc 5000\ub9cc\uc6d0 \uc0c1\ub2f9\uc758 \uc131\uae08\uc744 \uae30\ubd80\ud588\ub2e4.\uc0bc\uc591\uadf8\ub8f9\uc740 \uc55e\uc120 2019\ub144 \uac15\uc6d0 \uc9c0\uc5ed \uc0b0\ubd88\uacfc 2020\ub144 \uc9d1\uc911\ud638\uc6b0\uc5d0 \ub530\ub978 \uc218\ud574 \ubc1c\uc0dd \ub2f9\uc2dc\uc5d0\ub3c4 \ubb3c\ud488\uc744 \ud3ec\ud568\ud574 \uac01\uac01 1\uc5b5\uc6d0\uacfc 2\uc5b55000\ub9cc\uc6d0\uc744 \uae30\ubd80\ud588\ub2e4.\uc0bc\uc591\uadf8\ub8f9 \uad00\uacc4\uc790\ub294 \u201c\uc0b0\ubd88\ub85c \uc0c1\uc2ec\uc774 \ud070 \ud53c\ud574 \uc8fc\ubbfc\ub4e4\uaed8 \uc791\uc740 \ud798\uc774\ub77c\ub3c4 \ub418\uae38 \ubc14\ub780\ub2e4\u201d\uba70 \u201c\uc131\uae08\uacfc \uad6c\ud638 \ubb3c\ud488\uc744 \ud1b5\ud574 \ud53c\ud574\ub97c \ubcf5\uad6c\ud558\uace0 \uc77c\uc0c1\uc73c\ub85c \ubcf5\uadc0\ud558\ub294 \ub370 \ub3c4\uc6c0\uc774 \ub410\uc73c\uba74 \ud55c\ub2e4\u201d\uace0 \ubc1d\ud614\ub2e4.\uc0bc\uc591\uadf8\ub8f9\uc740 \uc591\uc601, \uc218\ub2f9\uc7ac\ub2e8\uc744 \ud1b5\ud55c \uc7a5\ud559 \uc0ac\uc5c5\uacfc \ud568\uaed8 \uc544\ub984\ub2e4\uc6b4\uac00\uac8c, \uc0ac\ud68c\ubcf5\uc9c0\uacf5\ub3d9\ubaa8\uae08\ud68c \ub4f1\uc5d0 \uc815\uae30\uc801\uc73c\ub85c \uc131\uae08\uc744 \uae30\ubd80\ud558\uace0 \uc788\ub2e4. \ucd5c\uadfc\uc5d0\ub294 \u2018\uc0dd\ud65c\uc744 \ud48d\uc694\ub86d\uace0 \ud3b8\ub9ac\ud558\uac8c\u2019\ub77c\ub294 \uadf8\ub8f9 \ube44\uc804\uc5d0 \ub9de\ucdb0 \ud654\ud559, \uc2dd\ud488, \ud328\ud0a4\uc9d5, \uc758\uc57d\ubc14\uc774\uc624 \ub4f1\uc758 \uc0ac\uc5c5 \uc601\uc5ed\uc744 \ud65c\uc6a9\ud55c \ub2e4\uc591\ud55c \uc0ac\ud68c\uacf5\ud5cc\uc744 \ud3bc\uce58\uace0 \uc788\ub2e4.\n"}, {"market": "kospi", "sid": "000070", "codename": "\uc0bc\uc591\ud640\ub529\uc2a4", "year": 2022, "month": 3, "article_url": "https://m.news.naver.com/read?mode=LSD&mid=sec&sid1=101&oid=003&aid=0011057192", "news_company": "\ub274\uc2dc\uc2a4\uc5b8\ub860\uc0ac \uc120\uc815", "title": "\uc0bc\uc591\uadf8\ub8f9, \ub3d9\ud574\uc548 \uc0b0\ubd88 \ud53c\ud574 \ubcf5\uad6c\uc5d0 2\uc5b5\uc6d0 \uae30\ubd80", "headline": "\uc0bc\uc591\uadf8\ub8f9, \ub3d9\ud574\uc548 \uc0b0\ubd88 \ud53c\ud574 \ubcf5\uad6c\uc5d0 2\uc5b5\uc6d0 \uae30\ubd80", "date_str": "2022.03.11. \uc624\uc804 10:11", "writer": "\uae40\ud61c\uacbd \uae30\uc790", "section": "\uacbd\uc81c", "original_article_link": "http://www.newsis.com/view/?id=NISX20220311_0001789734&cID=13001&pID=13000", "article_body": "\n\n\n\n\n[\uc11c\uc6b8=\ub274\uc2dc\uc2a4]\uae40\ud61c\uacbd \uae30\uc790 = \uc0bc\uc591\uadf8\ub8f9\uc740 \ub3d9\ud574\uc548 \uc0b0\ubd88 \ud53c\ud574 \ubcf5\uad6c \ubc0f \ud53c\ud574 \uc8fc\ubbfc \uc9c0\uc6d0\uc744 \uc704\ud574 5000\ub9cc\uc6d0 \uc0c1\ub2f9\uc758 \uc758\uc57d\ud488\uc744 \ud3ec\ud568\ud574 2\uc5b5\uc6d0\uc744 \uae30\ubd80\ud55c\ub2e4\uace0 11\uc77c \ubc1d\ud614\ub2e4. \uc774\ubc88 \uae30\ubd80\uc5d0\ub294 \uc0bc\uc591\ud640\ub529\uc2a4, \uc0bc\uc591\ud328\ud0a4\uc9d5, \uc0bc\uc591\uc774\ub178\ucf10 \ub4f1 \uacc4\uc5f4\uc0ac\uac00 \ucc38\uc5ec\ud588\ub2e4. \uc0bc\uc591\uc774\ub178\ucf10\uacfc \uc0bc\uc591\ud328\ud0a4\uc9d5\uc740 \uac01\uac01 1\uc5b5\uc6d0\uacfc 5000\ub9cc\uc6d0\uc758 \uc131\uae08\uc744, \uc0bc\uc591\ud640\ub529\uc2a4 \ubc14\uc774\uc624\ud31c\uadf8\ub8f9\uc740 5000\ub9cc\uc6d0 \uc0c1\ub2f9\uc758 \uad00\uc808\uc5fc \uce58\ub8cc\uc81c '\ub958\ub9c8\uc2a4\ud0d1\uc5d0\uc2a4 \ud50c\ub77c\uc2a4\ud0c0 \ud56b'\uc744 \ub300\ud55c\uc801\uc2ed\uc790\uc0ac\uc5d0 \uae30\ud0c1\ud588\ub2e4.\uc0bc\uc591\uadf8\ub8f9 \uad00\uacc4\uc790\ub294 \"\uc0b0\ubd88\ub85c \uc0c1\uc2ec\uc774 \ud070 \ud53c\ud574 \uc8fc\ubbfc\ub4e4\uc5d0\uac8c \ud798\uc774 \ub418\uae38 \ubc14\ub77c\ub294 \ub9c8\uc74c\uc73c\ub85c \uc131\uae08\uacfc \uad6c\ud638\ubb3c\ud488\uc744 \ub9c8\ub828\ud588\ub2e4\"\uba70 \"\ud53c\ud574\ub97c \ubcf5\uad6c\ud558\uace0 \uc77c\uc0c1\uc73c\ub85c \ubcf5\uadc0\ud558\ub294\ub370 \ub3c4\uc6c0\uc774 \ub418\uae38 \ubc14\ub780\ub2e4\"\uace0 \uc804\ud588\ub2e4\uff0e\n"}, {"market": "kospi", "sid": "000070", "codename": "\uc0bc\uc591\ud640\ub529\uc2a4", "year": 2022, "month": 3, "article_url": "https://m.news.naver.com/read?mode=LSD&mid=sec&sid1=101&oid=018&aid=0005164708", "news_company": "\uc774\ub370\uc77c\ub9ac", "title": "\uc0bc\uc591\uadf8\ub8f9, \ub3d9\ud574\uc548 \uc0b0\ubd88 \ud53c\ud574 \uc9c0\uc5ed\uc5d0 2\uc5b5\uc6d0 \uae30\ubd80", "headline": "\uc0bc\uc591\uadf8\ub8f9, \ub3d9\ud574\uc548 \uc0b0\ubd88 \ud53c\ud574 \uc9c0\uc5ed\uc5d0 2\uc5b5\uc6d0 \uae30\ubd80", "date_str": "2022.03.11. \uc624\uc804 10:02", "writer": "\uacbd\uacc4\uc601 \uae30\uc790", "section": "\uacbd\uc81c", "original_article_link": "http://www.edaily.co.kr/news/newspath.asp?newsid=01715446632262336", "article_body": "\n\t\t\t[\uc774\ub370\uc77c\ub9ac \uacbd\uacc4\uc601 \uae30\uc790] \uc0bc\uc591\uadf8\ub8f9\uc740 11\uc77c \ub3d9\ud574\uc548 \uc0b0\ubd88 \ud53c\ud574 \ubcf5\uad6c\uc640 \ud53c\ud574 \uc8fc\ubbfc \uc9c0\uc6d0\uc744 \uc704\ud574 \ub300\ud55c\uc801\uc2ed\uc790\uc0ac\uc5d0 5000\ub9cc\uc6d0 \uc0c1\ub2f9\uc758 \uc758\uc57d\ud488\uc744 \ud3ec\ud568\ud574 2\uc5b5\uc6d0\uc744 \uae30\ubd80\ud588\ub2e4. \uc774\ubc88 \uae30\ubd80\uc5d4 \uc0bc\uc591\ud640\ub529\uc2a4(000070)\uc640 \uc0bc\uc591\ud328\ud0a4\uc9d5(272550), \uc0bc\uc591\uc774\ub178\ucf10 \ub4f1\uc774 \ucc38\uc5ec\ud588\ub2e4. \uc0bc\uc591\uc774\ub178\ucf10\uacfc \uc0bc\uc591\ud328\ud0a4\uc9d5\uc740 \uc131\uae08 \uac01\uac01 1\uc5b5\uc6d0\uacfc 5000\ub9cc\uc6d0\uc744, \uc0bc\uc591\ud640\ub529\uc2a4 \ubc14\uc774\uc624\ud31c\uadf8\ub8f9\uc740 5000\ub9cc\uc6d0 \uc0c1\ub2f9\uc758 \uad00\uc808\uc5fc \uce58\ub8cc\uc81c \u2018\ub958\ub9c8\uc2a4\ud0d1\uc5d0\uc2a4 \ud50c\ub77c\uc2a4\ud0c0 \ud56b\u2019\uc744 \uae30\ud0c1\ud588\ub2e4. \uc0bc\uc591\uadf8\ub8f9 \uad00\uacc4\uc790\ub294 \u201c\uc0b0\ubd88\ub85c \uc0c1\uc2ec\uc774 \ud070 \ud53c\ud574 \uc8fc\ubbfc\uc5d0\uac8c \uc791\uc740 \ud798\uc774\ub77c\ub3c4 \ub418\uae38 \ubc14\ub77c\uba70 \uc131\uae08\uacfc \uad6c\ud638\ubb3c\ud488\uc744 \ub9c8\ub828\ud588\ub2e4\u201d\uba70 \u201c\ud53c\ud574\ub97c \ubcf5\uad6c\ud558\uace0 \uc77c\uc0c1\uc73c\ub85c \ubcf5\uadc0\ud558\ub294 \ub370 \uc791\uac8c\ub098\ub9c8 \ub3c4\uc6c0\uc774 \ub418\uae38 \ubc14\ub780\ub2e4\u201d\uace0 \ub9d0\ud588\ub2e4.\uc55e\uc11c \uc0bc\uc591\uadf8\ub8f9\uc740 2019\ub144 \uac15\uc6d0 \uc9c0\uc5ed \uc0b0\ubd88\uacfc 2020\ub144 \uc9d1\uc911\ud638\uc6b0\uc5d0 \ub530\ub978 \uc218\ud574 \ubc1c\uc0dd \ub2f9\uc2dc\uc5d0\ub3c4 \ubb3c\ud488\uc744 \ud3ec\ud568\ud574 \uac01\uac01 1\uc5b5\uc6d0, 2\uc5b55000\ub9cc\uc6d0\uc744 \uae30\ubd80\ud588\ub2e4.\n\n\n\n\n"}, {"market": "kospi", "sid": "000070", "codename": "\uc0bc\uc591\ud640\ub529\uc2a4", "year": 2022, "month": 3, "article_url": "https://www.inthenews.co.kr/mobile/article.html?no=44713", "news_company": "\uc778\ub354\ub274\uc2a4", "title": "\uc0bc\uc591\uadf8\ub8f9, \ub3d9\ud574\uc548 \uc0b0\ubd88 \ud53c\ud574 \ubcf5\uad6c\uc5d0 2\uc5b5\uc6d0 \uae30\ubd80", "headline": null, "date_str": null, "writer": null, "section": null, "original_article_link": null, "article_body": null}, {"market": "kospi", "sid": "000070", "codename": "\uc0bc\uc591\ud640\ub529\uc2a4", "year": 2022, "month": 3, "article_url": "http://www.4th.kr/news/articleView.html?idxno=2014805", "news_company": "\ud3ec\uc4f0\uc800\ub110", "title": "\uc0bc\uc591\uadf8\ub8f9, \uc0b0\ubd88 \ud53c\ud574 \ubcf5\uad6c\uc5d0 2\uc5b5\uc6d0 \uae30\ubd80", "headline": null, "date_str": null, "writer": null, "section": null, "original_article_link": null, "article_body": null}, {"market": "kospi", "sid": "000070", "codename": "\uc0bc\uc591\ud640\ub529\uc2a4", "year": 2022, "month": 3, "article_url": "https://www.onews.tv/news/articleView.html?idxno=116837", "news_company": "\uc5f4\ub9b0\ub274\uc2a4\ud1b5\uc2e0", "title": "\uc0bc\uc591\uadf8\ub8f9,\u00a0\ub3d9\ud574\uc548 \uc0b0\ubd88 \ud53c\ud574 \ubcf5\uad6c\uc5d0\u00a02\uc5b5\uc6d0 \uae30\ubd80", "headline": null, "date_str": null, "writer": null, "section": null, "original_article_link": null, "article_body": null}, {"market": "kospi", "sid": "000070", "codename": "\uc0bc\uc591\ud640\ub529\uc2a4", "year": 2022, "month": 3, "article_url": "https://m.news.naver.com/read?mode=LSD&mid=sec&sid1=101&oid=421&aid=0005963365", "news_company": "\ub274\uc2a41", "title": "\uc0bc\uc591\uadf8\ub8f9, \uc0b0\ubd88 \ud53c\ud574 \ubcf5\uad6c\uc5d0 1.5\uc5b5\uc6d0 \uae30\ubd80\u2026\uc758\uc57d\ud488\ub3c4 \uc804\ub2ec", "headline": "\uc0bc\uc591\uadf8\ub8f9, \uc0b0\ubd88 \ud53c\ud574 \ubcf5\uad6c\uc5d0 1.5\uc5b5\uc6d0 \uae30\ubd80\u2026\uc758\uc57d\ud488\ub3c4 \uc804\ub2ec", "date_str": "2022.03.11. \uc624\uc804 9:53", "writer": "\uad6c\uad50\uc6b4 \uae30\uc790", "section": "\uacbd\uc81c", "original_article_link": "https://www.news1.kr/articles/?4612304", "article_body": "\n\ub300\ud55c\uc801\uc2ed\uc790\uc0ac\uc5d0 \uc131\uae09\uacfc '5000\ub9cc\uc6d0 \uc0c1\ub2f9' \uad00\uc808\uc5fc \uce58\ub8cc\uc81c \uc804\ub2ec\"\ud53c\ud574 \uc8fc\ubbfc\uaed8 \uc791\uc740 \ud798\uc774\ub77c\ub3c4 \ub418\uae38\"\n\n\n\n\uc0bc\uc591\uadf8\ub8f9 CI\u00a9 \ub274\uc2a41(\uc11c\uc6b8=\ub274\uc2a41) \uad6c\uad50\uc6b4 \uae30\uc790 = \uc0bc\uc591\uadf8\ub8f9\uc774 \uac15\uc6d0, \uacbd\ubd81 \ub4f1 \ub3d9\ud574\uc548 \uc0b0\ubd88 \ud53c\ud574 \ubcf5\uad6c\uc640 \ud53c\ud574 \uc8fc\ubbfc \uc9c0\uc6d0\uc744 \uc704\ud574 \uc758\uc57d\ud488\uacfc \uc131\uae08\uc744 \uae30\ubd80\ud588\ub2e4.\uc0bc\uc591\uadf8\ub8f9\uc740 5000\ub9cc\uc6d0 \uc0c1\ub2f9\uc758 \uc758\uc57d\ud488\uacfc \uc131\uae08 1\uc5b55000\ub9cc\uc6d0\uc744 \ub300\ud55c\uc801\uc2ed\uc790\uc0ac\uc5d0 \uae30\ubd80\ud588\ub2e4\uace0 11\uc77c \ubc1d\ud614\ub2e4. \uc0bc\uc591\uc774\ub178\ucf10\uacfc \uc0bc\uc591\ud328\ud0a4\uc9d5\uc740 \uac01\uac01 1\uc5b5\uc6d0\uacfc 5000\ub9cc\uc6d0\uc758 \uc131\uae08\uc744, \uc0bc\uc591\ud640\ub529\uc2a4 \ubc14\uc774\uc624\ud31c\uadf8\ub8f9\uc740 5000\ub9cc\uc6d0 \uc0c1\ub2f9\uc758 \ubd99\uc774\ub294 \uad00\uc808\uc5fc \uce58\ub8cc\uc81c '\ub958\ub9c8\uc2a4\ud0d1\uc5d0\uc2a4 \ud50c\ub77c\uc2a4\ud0c0 \ud56b'\uc744 \ub300\ud55c\uc801\uc2ed\uc790\uc0ac\uc5d0 \uae30\ud0c1\ud588\ub2e4.\uc0bc\uc591\uadf8\ub8f9 \uad00\uacc4\uc790\ub294 \"\uc0b0\ubd88\ub85c \uc0c1\uc2ec\uc774 \ud06c\uc2e0 \ud53c\ud574 \uc8fc\ubbfc\ub4e4\uaed8 \uc791\uc740 \ud798\uc774\ub77c\ub3c4 \ub418\uae38 \ubc14\ub77c\uba70 \uc131\uae08\uacfc \uad6c\ud638\ubb3c\ud488\uc744 \ub9c8\ub828\ud588\ub2e4\"\uba70 \"\ud53c\ud574\ub97c \ubcf5\uad6c\ud558\uace0 \uc77c\uc0c1\uc73c\ub85c \ubcf5\uadc0\ud558\ub294 \ub370 \ub3c4\uc6c0\uc774 \ub418\uae38 \ubc14\ub780\ub2e4\"\uace0 \uc804\ud588\ub2e4.\ud55c\ud3b8 \uc0bc\uc591\uadf8\ub8f9\uc740 \uc55e\uc11c 2019\ub144 \uac15\uc6d0 \uc9c0\uc5ed \uc0b0\ubd88\uacfc 2020\ub144 \uc9d1\uc911\ud638\uc6b0\uc5d0 \ub530\ub978 \uc218\ud574 \ubc1c\uc0dd \ub54c\uc5d0\ub3c4 \ubb3c\ud488\uc744 \ud3ec\ud568\ud574 \uac01\uac01 1\uc5b5\uc6d0, 2\uc5b55000\ub9cc\uc6d0\uc744 \uae30\ubd80\ud588\ub2e4\n\t\t"}, {"market": "kospi", "sid": "000070", "codename": "\uc0bc\uc591\ud640\ub529\uc2a4", "year": 2022, "month": 3, "article_url": "http://www.thekpm.com/news/articleView.html?idxno=111816", "news_company": "\ub18d\uc5c5\uacbd\uc81c\uc2e0\ubb38", "title": "\uc0bc\uc591\uadf8\ub8f9, \ub3d9\ud574\uc548 \uc0b0\ubd88 \ud53c\ud574 \ubcf5\uad6c 2\uc5b5\uc6d0 \uae30\ubd80", "headline": null, "date_str": null, "writer": null, "section": null, "original_article_link": null, "article_body": null}, {"market": "kospi", "sid": "000070", "codename": "\uc0bc\uc591\ud640\ub529\uc2a4", "year": 2022, "month": 3, "article_url": "http://www.consumuch.com/news/articleView.html?idxno=54386", "news_company": "\ucee8\uc288\uba38\uce58", "title": "\uc0bc\uc591\uadf8\ub8f9, \uc0b0\ubd88 \ud53c\ud574 \ubcf5\uad6c\uc5d0 \uc131\uae08\u00b7\uc758\uc57d\ud488 \ub4f1 2\uc5b5\uc6d0 \uae30\ubd80", "headline": null, "date_str": null, "writer": null, "section": null, "original_article_link": null, "article_body": null}, {"market": "kospi", "sid": "000070", "codename": "\uc0bc\uc591\ud640\ub529\uc2a4", "year": 2022, "month": 3, "article_url": "http://www.newscape.co.kr/news/articleView.html?idxno=80611", "news_company": "\ub274\uc2a4\ucf00\uc774\ud504", "title": "\uc0bc\uc591\uadf8\ub8f9, \ub3d9\ud574\uc548 \uc0b0\ubd88 \ud53c\ud574 \ubcf5\uad6c\uc5d0 2\uc5b5\uc6d0 \uae30\ubd80", "headline": null, "date_str": null, "writer": null, "section": null, "original_article_link": null, "article_body": null}, {"market": "kospi", "sid": "000070", "codename": "\uc0bc\uc591\ud640\ub529\uc2a4", "year": 2022, "month": 3, "article_url": "https://www.onews.tv/news/articleView.html?idxno=116837", "news_company": "\uc5f4\ub9b0\ub274\uc2a4\ud1b5\uc2e0", "title": "\uc0bc\uc591\uadf8\ub8f9,\u00a0\ub3d9\ud574\uc548 \uc0b0\ubd88 \ud53c\ud574 \ubcf5\uad6c\uc5d0\u00a02\uc5b5\uc6d0 \uae30\ubd80", "headline": null, "date_str": null, "writer": null, "section": null, "original_article_link": null, "article_body": null}, {"market": "kospi", "sid": "000070", "codename": "\uc0bc\uc591\ud640\ub529\uc2a4", "year": 2022, "month": 3, "article_url": "https://m.news.naver.com/read?mode=LSD&mid=sec&sid1=101&oid=421&aid=0005963365", "news_company": "\ub274\uc2a41", "title": "\uc0bc\uc591\uadf8\ub8f9, \uc0b0\ubd88 \ud53c\ud574 \ubcf5\uad6c\uc5d0 1.5\uc5b5\uc6d0 \uae30\ubd80\u2026\uc758\uc57d\ud488\ub3c4 \uc804\ub2ec", "headline": "\uc0bc\uc591\uadf8\ub8f9, \uc0b0\ubd88 \ud53c\ud574 \ubcf5\uad6c\uc5d0 1.5\uc5b5\uc6d0 \uae30\ubd80\u2026\uc758\uc57d\ud488\ub3c4 \uc804\ub2ec", "date_str": "2022.03.11. \uc624\uc804 9:53", "writer": "\uad6c\uad50\uc6b4 \uae30\uc790", "section": "\uacbd\uc81c", "original_article_link": "https://www.news1.kr/articles/?4612304", "article_body": "\n\ub300\ud55c\uc801\uc2ed\uc790\uc0ac\uc5d0 \uc131\uae09\uacfc '5000\ub9cc\uc6d0 \uc0c1\ub2f9' \uad00\uc808\uc5fc \uce58\ub8cc\uc81c \uc804\ub2ec\"\ud53c\ud574 \uc8fc\ubbfc\uaed8 \uc791\uc740 \ud798\uc774\ub77c\ub3c4 \ub418\uae38\"\n\n\n\n\uc0bc\uc591\uadf8\ub8f9 CI\u00a9 \ub274\uc2a41(\uc11c\uc6b8=\ub274\uc2a41) \uad6c\uad50\uc6b4 \uae30\uc790 = \uc0bc\uc591\uadf8\ub8f9\uc774 \uac15\uc6d0, \uacbd\ubd81 \ub4f1 \ub3d9\ud574\uc548 \uc0b0\ubd88 \ud53c\ud574 \ubcf5\uad6c\uc640 \ud53c\ud574 \uc8fc\ubbfc \uc9c0\uc6d0\uc744 \uc704\ud574 \uc758\uc57d\ud488\uacfc \uc131\uae08\uc744 \uae30\ubd80\ud588\ub2e4.\uc0bc\uc591\uadf8\ub8f9\uc740 5000\ub9cc\uc6d0 \uc0c1\ub2f9\uc758 \uc758\uc57d\ud488\uacfc \uc131\uae08 1\uc5b55000\ub9cc\uc6d0\uc744 \ub300\ud55c\uc801\uc2ed\uc790\uc0ac\uc5d0 \uae30\ubd80\ud588\ub2e4\uace0 11\uc77c \ubc1d\ud614\ub2e4. \uc0bc\uc591\uc774\ub178\ucf10\uacfc \uc0bc\uc591\ud328\ud0a4\uc9d5\uc740 \uac01\uac01 1\uc5b5\uc6d0\uacfc 5000\ub9cc\uc6d0\uc758 \uc131\uae08\uc744, \uc0bc\uc591\ud640\ub529\uc2a4 \ubc14\uc774\uc624\ud31c\uadf8\ub8f9\uc740 5000\ub9cc\uc6d0 \uc0c1\ub2f9\uc758 \ubd99\uc774\ub294 \uad00\uc808\uc5fc \uce58\ub8cc\uc81c '\ub958\ub9c8\uc2a4\ud0d1\uc5d0\uc2a4 \ud50c\ub77c\uc2a4\ud0c0 \ud56b'\uc744 \ub300\ud55c\uc801\uc2ed\uc790\uc0ac\uc5d0 \uae30\ud0c1\ud588\ub2e4.\uc0bc\uc591\uadf8\ub8f9 \uad00\uacc4\uc790\ub294 \"\uc0b0\ubd88\ub85c \uc0c1\uc2ec\uc774 \ud06c\uc2e0 \ud53c\ud574 \uc8fc\ubbfc\ub4e4\uaed8 \uc791\uc740 \ud798\uc774\ub77c\ub3c4 \ub418\uae38 \ubc14\ub77c\uba70 \uc131\uae08\uacfc \uad6c\ud638\ubb3c\ud488\uc744 \ub9c8\ub828\ud588\ub2e4\"\uba70 \"\ud53c\ud574\ub97c \ubcf5\uad6c\ud558\uace0 \uc77c\uc0c1\uc73c\ub85c \ubcf5\uadc0\ud558\ub294 \ub370 \ub3c4\uc6c0\uc774 \ub418\uae38 \ubc14\ub780\ub2e4\"\uace0 \uc804\ud588\ub2e4.\ud55c\ud3b8 \uc0bc\uc591\uadf8\ub8f9\uc740 \uc55e\uc11c 2019\ub144 \uac15\uc6d0 \uc9c0\uc5ed \uc0b0\ubd88\uacfc 2020\ub144 \uc9d1\uc911\ud638\uc6b0\uc5d0 \ub530\ub978 \uc218\ud574 \ubc1c\uc0dd \ub54c\uc5d0\ub3c4 \ubb3c\ud488\uc744 \ud3ec\ud568\ud574 \uac01\uac01 1\uc5b5\uc6d0, 2\uc5b55000\ub9cc\uc6d0\uc744 \uae30\ubd80\ud588\ub2e4\n\t\t"}, {"market": "kospi", "sid": "000070", "codename": "\uc0bc\uc591\ud640\ub529\uc2a4", "year": 2022, "month": 3, "article_url": "http://www.thekpm.com/news/articleView.html?idxno=111816", "news_company": "\ub18d\uc5c5\uacbd\uc81c\uc2e0\ubb38", "title": "\uc0bc\uc591\uadf8\ub8f9, \ub3d9\ud574\uc548 \uc0b0\ubd88 \ud53c\ud574 \ubcf5\uad6c 2\uc5b5\uc6d0 \uae30\ubd80", "headline": null, "date_str": null, "writer": null, "section": null, "original_article_link": null, "article_body": null}, {"market": "kospi", "sid": "000070", "codename": "\uc0bc\uc591\ud640\ub529\uc2a4", "year": 2022, "month": 3, "article_url": "http://www.newscape.co.kr/news/articleView.html?idxno=80611", "news_company": "\ub274\uc2a4\ucf00\uc774\ud504", "title": "\uc0bc\uc591\uadf8\ub8f9, \ub3d9\ud574\uc548 \uc0b0\ubd88 \ud53c\ud574 \ubcf5\uad6c\uc5d0 2\uc5b5\uc6d0 \uae30\ubd80", "headline": null, "date_str": null, "writer": null, "section": null, "original_article_link": null, "article_body": null}, {"market": "kospi", "sid": "000070", "codename": "\uc0bc\uc591\ud640\ub529\uc2a4", "year": 2022, "month": 3, "article_url": "http://www.consumuch.com/news/articleView.html?idxno=54386", "news_company": "\ucee8\uc288\uba38\uce58", "title": "\uc0bc\uc591\uadf8\ub8f9, \uc0b0\ubd88 \ud53c\ud574 \ubcf5\uad6c\uc5d0 \uc131\uae08\u00b7\uc758\uc57d\ud488 \ub4f1 2\uc5b5\uc6d0 \uae30\ubd80", "headline": null, "date_str": null, "writer": null, "section": null, "original_article_link": null, "article_body": null}, {"market": "kospi", "sid": "000070", "codename": "\uc0bc\uc591\ud640\ub529\uc2a4", "year": 2022, "month": 3, "article_url": "http://www.ftoday.co.kr/news/articleView.html?idxno=232943", "news_company": "\ud30c\uc774\ub0b8\uc15c\ud22c\ub370\uc774", "title": "\uc0bc\uc591\uadf8\ub8f9, \ub3d9\ud574\uc548 \uc0b0\ubd88 \ud53c\ud574 \ubcf5\uad6c\uc5d0 2\uc5b5 \uae30\ubd80", "headline": null, "date_str": null, "writer": null, "section": null, "original_article_link": null, "article_body": null}, {"market": "kospi", "sid": "000070", "codename": "\uc0bc\uc591\ud640\ub529\uc2a4", "year": 2022, "month": 3, "article_url": "http://www.smedaily.co.kr/news/articleView.html?idxno=226115", "news_company": "\uc911\uc18c\uae30\uc5c5\uc2e0\ubb38", "title": "\uc0bc\uc591\uadf8\ub8f9, \ub3d9\ud574\uc548 \uc0b0\ubd88 \ud53c\ud574 \ubcf5\uad6c\uc5d0 2\uc5b5\uc6d0 \uae30\ubd80", "headline": null, "date_str": null, "writer": null, "section": null, "original_article_link": null, "article_body": null}, {"market": "kospi", "sid": "000070", "codename": "\uc0bc\uc591\ud640\ub529\uc2a4", "year": 2022, "month": 3, "article_url": "https://m.news.naver.com/read?mode=LSD&mid=sec&sid1=101&oid=421&aid=0005963323", "news_company": "\ub274\uc2a41", "title": "\uc0bc\uc591\uadf8\ub8f9, \ub3d9\ud574\uc548 \uc0b0\ubd88 \ud53c\ud574 \ubcf5\uad6c \ubc0f \uc8fc\ubbfc \uc9c0\uc6d0 \uc704\ud574 2\uc5b5 \uae30\ubd80", "headline": "\uc0bc\uc591\uadf8\ub8f9, \ub3d9\ud574\uc548 \uc0b0\ubd88 \ud53c\ud574 \ubcf5\uad6c \ubc0f \uc8fc\ubbfc \uc9c0\uc6d0 \uc704\ud574 2\uc5b5 \uae30\ubd80", "date_str": "2022.03.11. \uc624\uc804 9:41", "writer": "\uc774\uc0c1\ud559 \uae30\uc790", "section": "\uacbd\uc81c", "original_article_link": "https://www.news1.kr/articles/?4612276", "article_body": "\n\n\n\n\n\u00a9 \ub274\uc2a41(\uc11c\uc6b8=\ub274\uc2a41) \uc774\uc0c1\ud559 \uae30\uc790 = \uc0bc\uc591\uadf8\ub8f9\uc740 \ub3d9\ud574\uc548 \uc0b0\ubd88 \ud53c\ud574 \ubcf5\uad6c \ubc0f \ud53c\ud574 \uc8fc\ubbfc \uc9c0\uc6d0\uc744 \uc704\ud574 5000\ub9cc\uc6d0 \uc0c1\ub2f9 \uc758\uc57d\ud488\uc744 \ud3ec\ud568\ud574 2\uc5b5\uc6d0\uc744 \uae30\ubd80\ud55c\ub2e4\uace0 11\uc77c \ubc1d\ud614\ub2e4.\uc774\ubc88 \uae30\ubd80\uc5d0\ub294 \uc0bc\uc591\ud640\ub529\uc2a4, \uc0bc\uc591\ud328\ud0a4\uc9d5, \uc0bc\uc591\uc774\ub178\ucf10 \ub4f1\uc758 \uacc4\uc5f4\uc0ac\uac00 \ucc38\uc5ec\ud588\ub2e4. \uc0bc\uc591\uc774\ub178\ucf10\uacfc \uc0bc\uc591\ud328\ud0a4\uc9d5\uc740 \uac01\uac01 1\uc5b5\uc6d0\uacfc 5000\ub9cc\uc6d0\uc758 \uc131\uae08\uc744, \uc0bc\uc591\ud640\ub529\uc2a4 \ubc14\uc774\uc624\ud31c\uadf8\ub8f9\uc740 5000\ub9cc\uc6d0 \uc0c1\ub2f9\uc758 \ubd99\uc774\ub294 \uad00\uc808\uc5fc \uce58\ub8cc\uc81c '\ub958\ub9c8\uc2a4\ud0d1\uc5d0\uc2a4 \ud50c\ub77c\uc2a4\ud0c0 \ud56b'\uc744 \ub300\ud55c\uc801\uc2ed\uc790\uc0ac\uc5d0 \uae30\ud0c1\ud588\ub2e4.\uc0bc\uc591\uadf8\ub8f9 \uad00\uacc4\uc790\ub294 \"\uc0b0\ubd88\ub85c \uc0c1\uc2ec\uc774 \ud06c\uc2e0 \ud53c\ud574 \uc8fc\ubbfc\ub4e4\uaed8 \uc791\uc740 \ud798\uc774\ub77c\ub3c4 \ub418\uae38 \ubc14\ub77c\uba70 \uc131\uae08\uacfc \uad6c\ud638\ubb3c\ud488\uc744 \ub9c8\ub828\ud588\ub2e4\"\uba70 \"\ud53c\ud574\ub97c \ubcf5\uad6c\ud558\uace0 \uc77c\uc0c1\uc73c\ub85c \ubcf5\uadc0\ud558\ub294\ub370 \uc791\uc73c\ub098\ub9c8 \ub3c4\uc6c0\uc774 \ub418\uae38 \ubc14\ub780\ub2e4\"\uace0 \uc804\ud588\ub2e4.\n\t\t"}, {"market": "kospi", "sid": "000070", "codename": "\uc0bc\uc591\ud640\ub529\uc2a4", "year": 2022, "month": 3, "article_url": "http://www.gvalley.co.kr/news/articleView.html?idxno=601995", "news_company": "G\ubc38\ub9ac\ub274\uc2a4", "title": "[\ucc29\ud55c \uae30\ubd80] \uc0bc\uc591\uadf8\ub8f9, \ub3d9\ud574\uc548 \uc0b0\ubd88 \ud53c\ud574 \ubcf5\uad6c\uc5d0 2\uc5b5\uc6d0 \uae30\ubd80", "headline": null, "date_str": null, "writer": null, "section": null, "original_article_link": null, "article_body": null}, {"market": "kospi", "sid": "000070", "codename": "\uc0bc\uc591\ud640\ub529\uc2a4", "year": 2022, "month": 3, "article_url": "http://m.finomy.com/news/articleView.html?idxno=108093", "news_company": "\ud604\ub300\uacbd\uc81c\uc2e0\ubb38", "title": "\uc0bc\uc591\uadf8\ub8f9, \ub3d9\ud574\uc548 \uc0b0\ubd88 \ud53c\ud574\uc9c0\uc5ed\uc5d0 2\uc5b5 \uae30\ubd80", "headline": null, "date_str": null, "writer": null, "section": null, "original_article_link": null, "article_body": null}, {"market": "kospi", "sid": "000070", "codename": "\uc0bc\uc591\ud640\ub529\uc2a4", "year": 2022, "month": 3, "article_url": "http://www.cbci.co.kr/news/articleView.html?idxno=425379", "news_company": "CBC\ub274\uc2a4", "title": "\uc0bc\uc591\uadf8\ub8f9, \ub3d9\ud574\uc548 \uc0b0\ubd88 \ud53c\ud574 \uc131\uae08\uacfc \ubb3c\ud488 \ub9c8\ub828\u20262\uc5b5\uc6d0 \uae30\ubd80", "headline": null, "date_str": null, "writer": null, "section": null, "original_article_link": null, "article_body": null}, {"market": "kospi", "sid": "000070", "codename": "\uc0bc\uc591\ud640\ub529\uc2a4", "year": 2022, "month": 3, "article_url": "https://m.news.naver.com/read?mode=LSD&mid=sec&sid1=101&oid=008&aid=0004718647", "news_company": "\uba38\ub2c8\ud22c\ub370\uc774", "title": "\uc0bc\uc591\uadf8\ub8f9 \ub3d9\ud574\uc548 \uc0b0\ubd88 \ud53c\ud574 \ubcf5\uad6c\uc5d0 \uc758\uc57d\ud488 \ub4f1 2\uc5b5\uc6d0 \uae30\ubd80", "headline": "\uc0bc\uc591\uadf8\ub8f9 \ub3d9\ud574\uc548 \uc0b0\ubd88 \ud53c\ud574 \ubcf5\uad6c\uc5d0 \uc758\uc57d\ud488 \ub4f1 2\uc5b5\uc6d0 \uae30\ubd80", "date_str": "2022.03.11. \uc624\uc804 9:37", "writer": "\uc6b0\uacbd\ud76c \uae30\uc790", "section": "\uacbd\uc81c", "original_article_link": "http://news.mt.co.kr/mtview.php?no=2022031109304355753", "article_body": "\n\n\n\n\n\uc0bc\uc591\uadf8\ub8f9(\uae40\uc724 \ud68c\uc7a5)\uc774 \ub3d9\ud574\uc548 \uc0b0\ubd88 \ud53c\ud574 \ubcf5\uad6c \ubc0f \ud53c\ud574 \uc8fc\ubbfc \uc9c0\uc6d0\uc744 \uc704\ud574 5000\ub9cc\uc6d0 \uc0c1\ub2f9\uc758 \uc758\uc57d\ud488\uc744 \ud3ec\ud568\ud574 2\uc5b5\uc6d0\uc744 \uae30\ubd80\ud55c\ub2e4\uace0 11\uc77c \ubc1d\ud614\ub2e4.\uae30\ubd80\uc5d0\ub294 \uc0bc\uc591\ud640\ub529\uc2a4, \uc0bc\uc591\ud328\ud0a4\uc9d5, \uc0bc\uc591\uc774\ub178\ucf10 \ub4f1\uc774 \ucc38\uc5ec\ud588\ub2e4. \uc0bc\uc591\uc774\ub178\ucf10\uacfc \uc0bc\uc591\ud328\ud0a4\uc9d5\uc740 \uac01\uac01 1\uc5b5\uc6d0\uacfc 5000\ub9cc\uc6d0\uc758 \uc131\uae08\uc744, \uc0bc\uc591\ud640\ub529\uc2a4 \ubc14\uc774\uc624\ud31c\uadf8\ub8f9\uc740 5000\ub9cc\uc6d0 \uc0c1\ub2f9\uc758 \ubd99\uc774\ub294 \uad00\uc808\uc5fc \uce58\ub8cc\uc81c '\ub958\ub9c8\uc2a4\ud0d1\uc5d0\uc2a4 \ud50c\ub77c\uc2a4\ud0c0 \ud56b'\uc744 \ub300\ud55c\uc801\uc2ed\uc790\uc0ac\uc5d0 \uae30\ud0c1\ud588\ub2e4.\uc0bc\uc591\uadf8\ub8f9 \uad00\uacc4\uc790\ub294 \"\uc0b0\ubd88\ub85c \uc0c1\uc2ec\uc774 \ud06c\uc2e0 \ud53c\ud574 \uc8fc\ubbfc\ub4e4\uaed8 \uc791\uc740 \ud798\uc774\ub77c\ub3c4 \ub418\uae38 \ubc14\ub77c\uba70 \uc131\uae08\uacfc \uad6c\ud638\ubb3c\ud488\uc744 \ub9c8\ub828\ud588\ub2e4\"\uba70 \"\ud53c\ud574\ub97c \ubcf5\uad6c\ud558\uace0 \uc77c\uc0c1\uc73c\ub85c \ubcf5\uadc0\ud558\ub294\ub370 \uc791\uc73c\ub098\ub9c8 \ub3c4\uc6c0\uc774 \ub418\uae38 \ubc14\ub780\ub2e4\"\uace0 \uc804\ud588\ub2e4. \uc0bc\uc591\uadf8\ub8f9\uc740 2019\ub144 \uac15\uc6d0 \uc9c0\uc5ed \uc0b0\ubd88\uacfc 2020\ub144 \uc9d1\uc911\ud638\uc6b0\uc5d0 \ub530\ub978 \uc218\ud574 \ubc1c\uc0dd \ub2f9\uc2dc\uc5d0\ub3c4 \ubb3c\ud488\uc744 \ud3ec\ud568\ud574 \uac01\uac01 1\uc5b5\uc6d0, 2\uc5b55000\ub9cc\uc6d0\uc744 \uae30\ubd80\ud588\ub2e4 \uc0bc\uc591\uadf8\ub8f9\uc740 \uc591\uc601, \uc218\ub2f9\uc7ac\ub2e8\uc744 \ud1b5\ud55c \uc7a5\ud559\uc0ac\uc5c5\uacfc \ud568\uaed8 \uc544\ub984\ub2e4\uc6b4\uac00\uac8c, \uc0ac\ud68c\ubcf5\uc9c0\uacf5\ub3d9\ubaa8\uae08\ud68c \ub4f1\uc5d0 \uc815\uae30\uc801\uc73c\ub85c \uc131\uae08\uc744 \uae30\ubd80\ud558\uace0 \uc788\ub2e4. \ucd5c\uadfc\uc5d0\ub294 \uc7a5\ud559 \uc0ac\uc5c5\uc758 \uacc4\uc2b9, \ubc1c\uc804\uacfc \ud568\uaed8 \ud654\ud559, \uc2dd\ud488, \ud328\ud0a4\uc9d5, \uc758\uc57d\ubc14\uc774\uc624 \ub4f1\uc758 \uc0ac\uc5c5 \uc601\uc5ed\uc744 \ud65c\uc6a9\ud55c \ub2e4\uc591\ud55c \uc0ac\ud68c\uacf5\ud5cc\ud65c\ub3d9\uc744 \ud3bc\uce58\uace0 \uc788\ub2e4. \n"}, {"market": "kospi", "sid": "000070", "codename": "\uc0bc\uc591\ud640\ub529\uc2a4", "year": 2022, "month": 3, "article_url": "http://m.lawissue.co.kr/view.php?ud=20220311093251983204ead0791_12", "news_company": "\ub85c\uc774\uc288", "title": "[\uae30\uc5c5\uc0ac\ud68c\ud65c\ub3d9] \uc0bc\uc591\uadf8\ub8f9, \ub3d9\ud574\uc548 \uc0b0\ubd88 \ud53c\ud574 \ubcf5\uad6c\uc5d0 2\uc5b5\uc6d0 \uae30\ubd80", "headline": null, "date_str": null, "writer": null, "section": null, "original_article_link": null, "article_body": null}, {"market": "kospi", "sid": "000070", "codename": "\uc0bc\uc591\ud640\ub529\uc2a4", "year": 2022, "month": 3, "article_url": "https://m.news.naver.com/read?mode=LSD&mid=sec&sid1=101&oid=011&aid=0004028423", "news_company": "\uc11c\uc6b8\uacbd\uc81c", "title": "\uc0bc\uc591\uadf8\ub8f9, \ub3d9\ud574\uc548 \uc0b0\ubd88 \ud53c\ud574 \ubcf5\uad6c\uc5d0 2\uc5b5\uc6d0 \uae30\ubd80", "headline": "\uc0bc\uc591\uadf8\ub8f9, \ub3d9\ud574\uc548 \uc0b0\ubd88 \ud53c\ud574 \ubcf5\uad6c\uc5d0 2\uc5b5\uc6d0 \uae30\ubd80", "date_str": "2022.03.11. \uc624\uc804 9:33", "writer": "\uae40\uae30\ud601 \uae30\uc790", "section": "\uacbd\uc81c", "original_article_link": "https://www.sedaily.com/NewsView/263DJX7GDK", "article_body": "\n\n\n\n\n\uae40\uc724 \uc0bc\uc591\uadf8\ub8f9 \ud68c\uc7a5[\uc11c\uc6b8\uacbd\uc81c] \uc0bc\uc591\uadf8\ub8f9\uc740 \ub3d9\ud574\uc548 \uc0b0\ubd88 \ud53c\ud574 \ubcf5\uad6c \ubc0f \ud53c\ud574 \uc8fc\ubbfc \uc9c0\uc6d0\uc744 \uc704\ud574 5000\ub9cc\uc6d0 \uc0c1\ub2f9\uc758 \uc758\uc57d\ud488\uc744 \ud3ec\ud568\ud574 2\uc5b5\uc6d0\uc744 \uae30\ubd80\ud55c\ub2e4\uace0 11\uc77c \ubc1d\ud614\ub2e4.\uc774\ubc88 \uae30\ubd80\uc5d0\ub294 \uc0bc\uc591\ud640\ub529\uc2a4, \uc0bc\uc591\ud328\ud0a4\uc9d5, \uc0bc\uc591\uc774\ub178\ucf10 \ub4f1\uc758 \uacc4\uc5f4\uc0ac\uac00 \ucc38\uc5ec\ud588\ub2e4. \uc0bc\uc591\uc774\ub178\ucf10\uacfc \uc0bc\uc591\ud328\ud0a4\uc9d5\uc740 \uac01\uac01 1\uc5b5\uc6d0\uacfc 5000\ub9cc\uc6d0\uc758 \uc131\uae08\uc744, \uc0bc\uc591\ud640\ub529\uc2a4 \ubc14\uc774\uc624\ud31c\uadf8\ub8f9\uc740 5000\ub9cc\uc6d0 \uc0c1\ub2f9\uc758 \ubd99\uc774\ub294 \uad00\uc808\uc5fc \uce58\ub8cc\uc81c \u2018\ub958\ub9c8\uc2a4\ud0d1\uc5d0\uc2a4 \ud50c\ub77c\uc2a4\ud0c0 \ud56b\u2019\uc744 \ub300\ud55c\uc801\uc2ed\uc790\uc0ac\uc5d0 \uae30\ud0c1\ud588\ub2e4.\uc0bc\uc591\uadf8\ub8f9 \uad00\uacc4\uc790\ub294 \u201c\uc0b0\ubd88\ub85c \uc0c1\uc2ec\uc774 \ud06c\uc2e0 \ud53c\ud574 \uc8fc\ubbfc\ub4e4\uaed8 \uc791\uc740 \ud798\uc774\ub77c\ub3c4 \ub418\uae38 \ubc14\ub77c\uba70 \uc131\uae08\uacfc \uad6c\ud638\ubb3c\ud488\uc744 \ub9c8\ub828\ud588\ub2e4\u201d\uba70 \u201c\ud53c\ud574\ub97c \ubcf5\uad6c\ud558\uace0 \uc77c\uc0c1\uc73c\ub85c \ubcf5\uadc0\ud558\ub294\ub370 \uc791\uc73c\ub098\ub9c8 \ub3c4\uc6c0\uc774 \ub418\uae38 \ubc14\ub780\ub2e4\u201d\uace0 \uc804\ud588\ub2e4.\uc0bc\uc591\uadf8\ub8f9\uc740 \uc55e\uc120 2019\ub144 \uac15\uc6d0 \uc9c0\uc5ed \uc0b0\ubd88\uacfc 2020\ub144 \uc9d1\uc911\ud638\uc6b0\uc5d0 \ub530\ub978 \uc218\ud574 \ubc1c\uc0dd \ub2f9\uc2dc\uc5d0\ub3c4 \ubb3c\ud488\uc744 \ud3ec\ud568\ud574 \uac01\uac01 1\uc5b5\uc6d0, 2\uc5b5 5000\ub9cc\uc6d0\uc744 \uae30\ubd80\ud588\ub2e4\ud55c\ud3b8 \uc0bc\uc591\uadf8\ub8f9\uc740 \uc591\uc601, \uc218\ub2f9\uc7ac\ub2e8\uc744 \ud1b5\ud55c \uc7a5\ud559\uc0ac\uc5c5\uacfc \ud568\uaed8 \uc544\ub984\ub2e4\uc6b4\uac00\uac8c, \uc0ac\ud68c\ubcf5\uc9c0\uacf5\ub3d9\ubaa8\uae08\ud68c \ub4f1\uc5d0 \uc815\uae30\uc801\uc73c\ub85c \uc131\uae08\uc744 \uae30\ubd80\ud558\uace0 \uc788\ub2e4. \ucd5c\uadfc\uc5d0\ub294 \uc7a5\ud559 \uc0ac\uc5c5\uc758 \uacc4\uc2b9, \ubc1c\uc804\uacfc \ud568\uaed8 \u2018\uc0dd\ud65c\uc744 \ud48d\uc694\ub86d\uace0 \ud3b8\ub9ac\ud558\uac8c\u2019\ub77c\ub294 \uadf8\ub8f9 \ube44\uc804\uc5d0 \ub9de\ucdb0 \ud654\ud559, \uc2dd\ud488, \ud328\ud0a4\uc9d5, \uc758\uc57d\ubc14\uc774\uc624 \ub4f1\uc758 \uc0ac\uc5c5 \uc601\uc5ed\uc744 \ud65c\uc6a9\ud55c \ub2e4\uc591\ud55c \uc0ac\ud68c\uacf5\ud5cc\ud65c\ub3d9\uc744 \ud3bc\uce58\uace0 \uc788\ub2e4. \n"}, {"market": "kospi", "sid": "000070", "codename": "\uc0bc\uc591\ud640\ub529\uc2a4", "year": 2022, "month": 3, "article_url": "https://www.newsclaim.co.kr/news/articleView.html?idxno=3005213", "news_company": "\ub274\uc2a4\ud074\ub808\uc784", "title": "\ub3d9\ud574\uc548 \uc0b0\ubd88 \uc77c\uc8fc\uc77c\uc9f8 \uacc4\uc18d\u2026 \uc720\ud1b5\uac00 \"\uc774\uc7ac\ubbfc\u00b7\uc18c\ubc29\uad00 \ub3d5\uc790\"", "headline": null, "date_str": null, "writer": null, "section": null, "original_article_link": null, "article_body": null}, {"market": "kospi", "sid": "000070", "codename": "\uc0bc\uc591\ud640\ub529\uc2a4", "year": 2022, "month": 3, "article_url": "http://www.gvalley.co.kr/news/articleView.html?idxno=601995", "news_company": "G\ubc38\ub9ac\ub274\uc2a4", "title": "[\ucc29\ud55c \uae30\ubd80] \uc0bc\uc591\uadf8\ub8f9, \ub3d9\ud574\uc548 \uc0b0\ubd88 \ud53c\ud574 \ubcf5\uad6c\uc5d0 2\uc5b5\uc6d0 \uae30\ubd80", "headline": null, "date_str": null, "writer": null, "section": null, "original_article_link": null, "article_body": null}, {"market": "kospi", "sid": "000070", "codename": "\uc0bc\uc591\ud640\ub529\uc2a4", "year": 2022, "month": 3, "article_url": "https://m.news.naver.com/read?mode=LSD&mid=sec&sid1=101&oid=008&aid=0004718647", "news_company": "\uba38\ub2c8\ud22c\ub370\uc774", "title": "\uc0bc\uc591\uadf8\ub8f9 \ub3d9\ud574\uc548 \uc0b0\ubd88 \ud53c\ud574 \ubcf5\uad6c\uc5d0 \uc758\uc57d\ud488 \ub4f1 2\uc5b5\uc6d0 \uae30\ubd80", "headline": "\uc0bc\uc591\uadf8\ub8f9 \ub3d9\ud574\uc548 \uc0b0\ubd88 \ud53c\ud574 \ubcf5\uad6c\uc5d0 \uc758\uc57d\ud488 \ub4f1 2\uc5b5\uc6d0 \uae30\ubd80", "date_str": "2022.03.11. \uc624\uc804 9:37", "writer": "\uc6b0\uacbd\ud76c \uae30\uc790", "section": "\uacbd\uc81c", "original_article_link": "http://news.mt.co.kr/mtview.php?no=2022031109304355753", "article_body": "\n\n\n\n\n\uc0bc\uc591\uadf8\ub8f9(\uae40\uc724 \ud68c\uc7a5)\uc774 \ub3d9\ud574\uc548 \uc0b0\ubd88 \ud53c\ud574 \ubcf5\uad6c \ubc0f \ud53c\ud574 \uc8fc\ubbfc \uc9c0\uc6d0\uc744 \uc704\ud574 5000\ub9cc\uc6d0 \uc0c1\ub2f9\uc758 \uc758\uc57d\ud488\uc744 \ud3ec\ud568\ud574 2\uc5b5\uc6d0\uc744 \uae30\ubd80\ud55c\ub2e4\uace0 11\uc77c \ubc1d\ud614\ub2e4.\uae30\ubd80\uc5d0\ub294 \uc0bc\uc591\ud640\ub529\uc2a4, \uc0bc\uc591\ud328\ud0a4\uc9d5, \uc0bc\uc591\uc774\ub178\ucf10 \ub4f1\uc774 \ucc38\uc5ec\ud588\ub2e4. \uc0bc\uc591\uc774\ub178\ucf10\uacfc \uc0bc\uc591\ud328\ud0a4\uc9d5\uc740 \uac01\uac01 1\uc5b5\uc6d0\uacfc 5000\ub9cc\uc6d0\uc758 \uc131\uae08\uc744, \uc0bc\uc591\ud640\ub529\uc2a4 \ubc14\uc774\uc624\ud31c\uadf8\ub8f9\uc740 5000\ub9cc\uc6d0 \uc0c1\ub2f9\uc758 \ubd99\uc774\ub294 \uad00\uc808\uc5fc \uce58\ub8cc\uc81c '\ub958\ub9c8\uc2a4\ud0d1\uc5d0\uc2a4 \ud50c\ub77c\uc2a4\ud0c0 \ud56b'\uc744 \ub300\ud55c\uc801\uc2ed\uc790\uc0ac\uc5d0 \uae30\ud0c1\ud588\ub2e4.\uc0bc\uc591\uadf8\ub8f9 \uad00\uacc4\uc790\ub294 \"\uc0b0\ubd88\ub85c \uc0c1\uc2ec\uc774 \ud06c\uc2e0 \ud53c\ud574 \uc8fc\ubbfc\ub4e4\uaed8 \uc791\uc740 \ud798\uc774\ub77c\ub3c4 \ub418\uae38 \ubc14\ub77c\uba70 \uc131\uae08\uacfc \uad6c\ud638\ubb3c\ud488\uc744 \ub9c8\ub828\ud588\ub2e4\"\uba70 \"\ud53c\ud574\ub97c \ubcf5\uad6c\ud558\uace0 \uc77c\uc0c1\uc73c\ub85c \ubcf5\uadc0\ud558\ub294\ub370 \uc791\uc73c\ub098\ub9c8 \ub3c4\uc6c0\uc774 \ub418\uae38 \ubc14\ub780\ub2e4\"\uace0 \uc804\ud588\ub2e4. \uc0bc\uc591\uadf8\ub8f9\uc740 2019\ub144 \uac15\uc6d0 \uc9c0\uc5ed \uc0b0\ubd88\uacfc 2020\ub144 \uc9d1\uc911\ud638\uc6b0\uc5d0 \ub530\ub978 \uc218\ud574 \ubc1c\uc0dd \ub2f9\uc2dc\uc5d0\ub3c4 \ubb3c\ud488\uc744 \ud3ec\ud568\ud574 \uac01\uac01 1\uc5b5\uc6d0, 2\uc5b55000\ub9cc\uc6d0\uc744 \uae30\ubd80\ud588\ub2e4 \uc0bc\uc591\uadf8\ub8f9\uc740 \uc591\uc601, \uc218\ub2f9\uc7ac\ub2e8\uc744 \ud1b5\ud55c \uc7a5\ud559\uc0ac\uc5c5\uacfc \ud568\uaed8 \uc544\ub984\ub2e4\uc6b4\uac00\uac8c, \uc0ac\ud68c\ubcf5\uc9c0\uacf5\ub3d9\ubaa8\uae08\ud68c \ub4f1\uc5d0 \uc815\uae30\uc801\uc73c\ub85c \uc131\uae08\uc744 \uae30\ubd80\ud558\uace0 \uc788\ub2e4. \ucd5c\uadfc\uc5d0\ub294 \uc7a5\ud559 \uc0ac\uc5c5\uc758 \uacc4\uc2b9, \ubc1c\uc804\uacfc \ud568\uaed8 \ud654\ud559, \uc2dd\ud488, \ud328\ud0a4\uc9d5, \uc758\uc57d\ubc14\uc774\uc624 \ub4f1\uc758 \uc0ac\uc5c5 \uc601\uc5ed\uc744 \ud65c\uc6a9\ud55c \ub2e4\uc591\ud55c \uc0ac\ud68c\uacf5\ud5cc\ud65c\ub3d9\uc744 \ud3bc\uce58\uace0 \uc788\ub2e4. \n"}, {"market": "kospi", "sid": "000070", "codename": "\uc0bc\uc591\ud640\ub529\uc2a4", "year": 2022, "month": 3, "article_url": "http://m.lawissue.co.kr/view.php?ud=20220311093251983204ead0791_12", "news_company": "\ub85c\uc774\uc288", "title": "[\uae30\uc5c5\uc0ac\ud68c\ud65c\ub3d9] \uc0bc\uc591\uadf8\ub8f9, \ub3d9\ud574\uc548 \uc0b0\ubd88 \ud53c\ud574 \ubcf5\uad6c\uc5d0 2\uc5b5\uc6d0 \uae30\ubd80", "headline": null, "date_str": null, "writer": null, "section": null, "original_article_link": null, "article_body": null}, {"market": "kospi", "sid": "000070", "codename": "\uc0bc\uc591\ud640\ub529\uc2a4", "year": 2022, "month": 3, "article_url": "https://m.news.naver.com/read?mode=LSD&mid=sec&sid1=101&oid=011&aid=0004028423", "news_company": "\uc11c\uc6b8\uacbd\uc81c", "title": "\uc0bc\uc591\uadf8\ub8f9, \ub3d9\ud574\uc548 \uc0b0\ubd88 \ud53c\ud574 \ubcf5\uad6c\uc5d0 2\uc5b5\uc6d0 \uae30\ubd80", "headline": "\uc0bc\uc591\uadf8\ub8f9, \ub3d9\ud574\uc548 \uc0b0\ubd88 \ud53c\ud574 \ubcf5\uad6c\uc5d0 2\uc5b5\uc6d0 \uae30\ubd80", "date_str": "2022.03.11. \uc624\uc804 9:33", "writer": "\uae40\uae30\ud601 \uae30\uc790", "section": "\uacbd\uc81c", "original_article_link": "https://www.sedaily.com/NewsView/263DJX7GDK", "article_body": "\n\n\n\n\n\uae40\uc724 \uc0bc\uc591\uadf8\ub8f9 \ud68c\uc7a5[\uc11c\uc6b8\uacbd\uc81c] \uc0bc\uc591\uadf8\ub8f9\uc740 \ub3d9\ud574\uc548 \uc0b0\ubd88 \ud53c\ud574 \ubcf5\uad6c \ubc0f \ud53c\ud574 \uc8fc\ubbfc \uc9c0\uc6d0\uc744 \uc704\ud574 5000\ub9cc\uc6d0 \uc0c1\ub2f9\uc758 \uc758\uc57d\ud488\uc744 \ud3ec\ud568\ud574 2\uc5b5\uc6d0\uc744 \uae30\ubd80\ud55c\ub2e4\uace0 11\uc77c \ubc1d\ud614\ub2e4.\uc774\ubc88 \uae30\ubd80\uc5d0\ub294 \uc0bc\uc591\ud640\ub529\uc2a4, \uc0bc\uc591\ud328\ud0a4\uc9d5, \uc0bc\uc591\uc774\ub178\ucf10 \ub4f1\uc758 \uacc4\uc5f4\uc0ac\uac00 \ucc38\uc5ec\ud588\ub2e4. \uc0bc\uc591\uc774\ub178\ucf10\uacfc \uc0bc\uc591\ud328\ud0a4\uc9d5\uc740 \uac01\uac01 1\uc5b5\uc6d0\uacfc 5000\ub9cc\uc6d0\uc758 \uc131\uae08\uc744, \uc0bc\uc591\ud640\ub529\uc2a4 \ubc14\uc774\uc624\ud31c\uadf8\ub8f9\uc740 5000\ub9cc\uc6d0 \uc0c1\ub2f9\uc758 \ubd99\uc774\ub294 \uad00\uc808\uc5fc \uce58\ub8cc\uc81c \u2018\ub958\ub9c8\uc2a4\ud0d1\uc5d0\uc2a4 \ud50c\ub77c\uc2a4\ud0c0 \ud56b\u2019\uc744 \ub300\ud55c\uc801\uc2ed\uc790\uc0ac\uc5d0 \uae30\ud0c1\ud588\ub2e4.\uc0bc\uc591\uadf8\ub8f9 \uad00\uacc4\uc790\ub294 \u201c\uc0b0\ubd88\ub85c \uc0c1\uc2ec\uc774 \ud06c\uc2e0 \ud53c\ud574 \uc8fc\ubbfc\ub4e4\uaed8 \uc791\uc740 \ud798\uc774\ub77c\ub3c4 \ub418\uae38 \ubc14\ub77c\uba70 \uc131\uae08\uacfc \uad6c\ud638\ubb3c\ud488\uc744 \ub9c8\ub828\ud588\ub2e4\u201d\uba70 \u201c\ud53c\ud574\ub97c \ubcf5\uad6c\ud558\uace0 \uc77c\uc0c1\uc73c\ub85c \ubcf5\uadc0\ud558\ub294\ub370 \uc791\uc73c\ub098\ub9c8 \ub3c4\uc6c0\uc774 \ub418\uae38 \ubc14\ub780\ub2e4\u201d\uace0 \uc804\ud588\ub2e4.\uc0bc\uc591\uadf8\ub8f9\uc740 \uc55e\uc120 2019\ub144 \uac15\uc6d0 \uc9c0\uc5ed \uc0b0\ubd88\uacfc 2020\ub144 \uc9d1\uc911\ud638\uc6b0\uc5d0 \ub530\ub978 \uc218\ud574 \ubc1c\uc0dd \ub2f9\uc2dc\uc5d0\ub3c4 \ubb3c\ud488\uc744 \ud3ec\ud568\ud574 \uac01\uac01 1\uc5b5\uc6d0, 2\uc5b5 5000\ub9cc\uc6d0\uc744 \uae30\ubd80\ud588\ub2e4\ud55c\ud3b8 \uc0bc\uc591\uadf8\ub8f9\uc740 \uc591\uc601, \uc218\ub2f9\uc7ac\ub2e8\uc744 \ud1b5\ud55c \uc7a5\ud559\uc0ac\uc5c5\uacfc \ud568\uaed8 \uc544\ub984\ub2e4\uc6b4\uac00\uac8c, \uc0ac\ud68c\ubcf5\uc9c0\uacf5\ub3d9\ubaa8\uae08\ud68c \ub4f1\uc5d0 \uc815\uae30\uc801\uc73c\ub85c \uc131\uae08\uc744 \uae30\ubd80\ud558\uace0 \uc788\ub2e4. \ucd5c\uadfc\uc5d0\ub294 \uc7a5\ud559 \uc0ac\uc5c5\uc758 \uacc4\uc2b9, \ubc1c\uc804\uacfc \ud568\uaed8 \u2018\uc0dd\ud65c\uc744 \ud48d\uc694\ub86d\uace0 \ud3b8\ub9ac\ud558\uac8c\u2019\ub77c\ub294 \uadf8\ub8f9 \ube44\uc804\uc5d0 \ub9de\ucdb0 \ud654\ud559, \uc2dd\ud488, \ud328\ud0a4\uc9d5, \uc758\uc57d\ubc14\uc774\uc624 \ub4f1\uc758 \uc0ac\uc5c5 \uc601\uc5ed\uc744 \ud65c\uc6a9\ud55c \ub2e4\uc591\ud55c \uc0ac\ud68c\uacf5\ud5cc\ud65c\ub3d9\uc744 \ud3bc\uce58\uace0 \uc788\ub2e4. \n"}, {"market": "kospi", "sid": "000070", "codename": "\uc0bc\uc591\ud640\ub529\uc2a4", "year": 2022, "month": 3, "article_url": "https://www.newsclaim.co.kr/news/articleView.html?idxno=3005213", "news_company": "\ub274\uc2a4\ud074\ub808\uc784", "title": "\ub3d9\ud574\uc548 \uc0b0\ubd88 \uc77c\uc8fc\uc77c\uc9f8 \uacc4\uc18d\u2026 \uc720\ud1b5\uac00 \"\uc774\uc7ac\ubbfc\u00b7\uc18c\ubc29\uad00 \ub3d5\uc790\"", "headline": null, "date_str": null, "writer": null, "section": null, "original_article_link": null, "article_body": null}, {"market": "kospi", "sid": "000070", "codename": "\uc0bc\uc591\ud640\ub529\uc2a4", "year": 2022, "month": 3, "article_url": "http://www.dailysmart.co.kr/news/articleView.html?idxno=56971", "news_company": "\uc2a4\ub9c8\ud2b8\uacbd\uc81c", "title": "\uc0bc\uc591\uadf8\ub8f9, \ub3d9\ud574\uc548 \uc0b0\ubd88 \ud53c\ud574 \ubcf5\uad6c\uc5d0 \uc758\uc57d\ud488 \ub4f1 2\uc5b5\uc6d0 \uae30\ubd80", "headline": null, "date_str": null, "writer": null, "section": null, "original_article_link": null, "article_body": null}, {"market": "kospi", "sid": "000070", "codename": "\uc0bc\uc591\ud640\ub529\uc2a4", "year": 2022, "month": 3, "article_url": "http://m.itooza.com/view.php?ud=2022031109150376803", "news_company": "\uc544\uc774\ud22c\uc790", "title": "[\ub9ac\uc2a4\ud2b8] MVP \uc0c1\uc704 \uc8fc\uc2dd 20\uc120..\ub7a9\uc9c0\ub178\ubbf9\uc2a4 \ub4f1 - 11\uc77c", "headline": null, "date_str": null, "writer": null, "section": null, "original_article_link": null, "article_body": null}, {"market": "kospi", "sid": "000070", "codename": "\uc0bc\uc591\ud640\ub529\uc2a4", "year": 2022, "month": 3, "article_url": "http://www.pinpointnews.co.kr/news/articleView.html?idxno=101496", "news_company": "\ud540\ud3ec\uc778\ud2b8\ub274\uc2a4", "title": "\uc815\ubd80 \"\ucf54\ub85c\ub098, \ub3c5\uac10\ud654 \uc758\ub8cc\uccb4\uacc4 \uc804\ud658 \uc911\uac04 \ub2e8\uacc4\"", "headline": null, "date_str": null, "writer": null, "section": null, "original_article_link": null, "article_body": null}, {"market": "kospi", "sid": "000070", "codename": "\uc0bc\uc591\ud640\ub529\uc2a4", "year": 2022, "month": 3, "article_url": "http://m.dailypharm.com/newsView.html?ID=286038&REFERER=NP", "news_company": "\ub370\uc77c\ub9ac\ud31c", "title": "\ub09c\uacf5\ubd88\ub77d \ud56d\uc554\uc81c \uc2dc\uc7a5, \uad6d\ub0b4 \uac1c\ubc1c \uc81c\ub124\ub9ad \uc18d\uc18d \uce68\ud22c", "headline": null, "date_str": null, "writer": null, "section": null, "original_article_link": null, "article_body": null}]}