{"data": [{"market": "kospi", "sid": "000760", "codename": "\uc774\ud654\uc0b0\uc5c5", "year": 2014, "month": 1, "article_url": "https://m.news.naver.com/read?mode=LSD&mid=sec&sid1=101&oid=008&aid=0003181690", "news_company": "\uba38\ub2c8\ud22c\ub370\uc774", "title": "\uc774\ud654\uc0b0\uc5c5 \"\uc870\ud64d\uc11d\uc528, 3970\uc8fc \uc7a5\ub0b4\ub9e4\uc218\"", "headline": "\uc774\ud654\uc0b0\uc5c5 \"\uc870\ud64d\uc11d\uc528, 3970\uc8fc \uc7a5\ub0b4\ub9e4\uc218\"", "date_str": "2014.01.03. \uc624\ud6c4 4:55", "writer": null, "section": "\uacbd\uc81c", "original_article_link": "http://www.mt.co.kr/view/mtview.php?type=1&no=2014010316553821952&outlink=1", "article_body": "\n\t\t\t[\uba38\ub2c8\ud22c\ub370\uc774 \ub958\uc9c0\ubbfc \uae30\uc790]\uc774\ud654\uc0b0\uc5c5\uc740 \ucd5c\ub300\uc8fc\uc8fc\uc758 \ud2b9\uc218\uad00\uacc4\uc778\uc778 \uc870\ud64d\uc11d\uc528\uac00 \ubcf4\ud1b5\uc8fc 3970\uc8fc\ub97c \uc7a5\ub0b4\ub9e4\uc218 \ud588\ub2e4\uace0 3\uc77c \uacf5\uc2dc\ud588\ub2e4.\uc774\uc5d0 \ub530\ub77c \uc870\uc528\uc758 \ubcf4\uc720\uc8fc\uc2dd\uc740 44\ub9cc9196\uc8fc(16.05%)\ub85c \ub298\uc5c8\ub2e4.[\uc624\ub298\uc758 HOT\ud3ec\ud1a0][\uc2a4\ud398\uc15c \ud3ec\ud1a0][\uc190\uc548\uc758 \uacbd\uc81c\ub274\uc2a4 \uba38\ub2c8\ud22c\ub370\uc774 \ubaa8\ubc14\uc77c\uc6f9]\ub958\uc9c0\ubbfc\uae30\uc790 ryuna@<\uc800\uc791\uad8c\uc790 \u24d2 '\ub3c8\uc774 \ubcf4\uc774\ub294 \ub9ac\uc5bc\ud0c0\uc784 \ub274\uc2a4' \uba38\ub2c8\ud22c\ub370\uc774, \ubb34\ub2e8\uc804\uc7ac \ubc0f \uc7ac\ubc30\ud3ec \uae08\uc9c0>\n\t\t"}, {"market": "kospi", "sid": "000760", "codename": "\uc774\ud654\uc0b0\uc5c5", "year": 2014, "month": 1, "article_url": "https://m.news.naver.com/read?mode=LSD&mid=sec&sid1=101&oid=277&aid=0003165782", "news_company": "\uc544\uc2dc\uc544\uacbd\uc81c", "title": "\uc870\ud64d\uc11d, \uc774\ud654\uc0b0\uc5c5 \uc8fc\uc2dd 3970\uc8fc \ucde8\ub4dd", "headline": "\uc870\ud64d\uc11d, \uc774\ud654\uc0b0\uc5c5 \uc8fc\uc2dd 3970\uc8fc \ucde8\ub4dd", "date_str": "2014.01.03. \uc624\ud6c4 4:46", "writer": "\ucd5c\ub300\uc5f4 \uae30\uc790", "section": "\uacbd\uc81c", "original_article_link": "http://view.asiae.co.kr/news/view.htm?idxno=2014010316453353070", "article_body": "\n\t\t\t[\uc544\uc2dc\uc544\uacbd\uc81c \ucd5c\ub300\uc5f4 \uae30\uc790]\uc774\ud654\uc0b0\uc5c5\uc740 \ucd5c\ub300\uc8fc\uc8fc \uce5c\uc778\ucc99\uc778 \uc870\ud64d\uc11d\uc528\uac00 \uc7a5\ub0b4\ub9e4\uc218\ub85c 3970\uc8fc\ub97c \ucde8\ub4dd\ud588\ub2e4\uace0 3\uc77c \uacf5\uc2dc\ud588\ub2e4.\ucd5c\ub300\uc5f4 \uae30\uc790 dychoi@asiae.co.kr<\u24d2\uc138\uacc4\ub97c \ubcf4\ub294 \ucc3d \uacbd\uc81c\ub97c \ubcf4\ub294 \ub208, \uc544\uc2dc\uc544\uacbd\uc81c(www.asiae.co.kr) \ubb34\ub2e8\uc804\uc7ac \ubc30\ud3ec\uae08\uc9c0>\n"}]}