{"data": [{"market": "kospi", "sid": "000520", "codename": "\uc0bc\uc77c\uc81c\uc57d", "year": 2018, "month": 10, "article_url": "https://n.news.naver.com/sports/golf/article/018/0004236997", "news_company": "\uc774\ub370\uc77c\ub9ac", "title": "[\ud3ec\ud1a0] \ud604\uc7ac \uacf5\ub3d9\uc120\ub450 \ubc15\uacb0 '\uc0dd\uc560 \uccab \uc6b0\uc2b9 \uae30\ub300\ud574\ubd05\ub2c8\ub2e4'", "headline": "[\ud3ec\ud1a0] \ud604\uc7ac \uacf5\ub3d9\uc120\ub450 \ubc15\uacb0 '\uc0dd\uc560 \uccab \uc6b0\uc2b9 \uae30\ub300\ud574\ubd05\ub2c8\ub2e4'", "date_str": "2018.10.28. \uc624\ud6c4 2:41", "writer": null, "section": null, "original_article_link": null, "article_body": "\n\n\n\n\n[\uc774\ub370\uc77c\ub9ac \uace8\ud504in \uc11c\uadc0\ud3ec(\uc81c\uc8fc)=\ubc15\ud0dc\uc131\uae30\uc790] 28\uc77c \uc81c\uc8fc \uc11c\uadc0\ud3ec\uc2dc\uc5d0 \uc704\uce58\ud55c \ud540\ud06c\uc2a4 \uace8\ud504\ud074\ub7fd(\ud30c72/6,643\uc57c\ub4dc)\uc5d0\uc11c 2018 KLPGA\ud22c\uc5b4 \uc2a4\ubb3c\uc77c\uacf1 \ubc88\uc9f8 \ub300\ud68c\uc778 'SK\ub124\ud2b8\uc6cd\uc2a4\u318d\uc11c\uc6b8\uacbd\uc81c \ub808\uc774\ub514\uc2a4 \ud074\ub798\uc2dd(\ucd1d\uc0c1\uae08 8\uc5b5 \uc6d0, \uc6b0\uc2b9\uc0c1\uae08 1\uc5b56\ucc9c\ub9cc \uc6d0)' \ucd5c\uc885\ub77c\uc6b4\ub4dc\uac00 \uc5f4\ub9b0\uac00\uc6b4\ub370,\ubc15\uacb0(22.\uc0bc\uc77c\uc81c\uc57d)\uc774 18\ubc88\ud640 \ud30c\ub85c \ub9c8\ubb34\ub9ac\ud558\uace0 \uc788\ub2e4.\ubc15\ud0dc\uc131 (photosketch@edaily.co.kr)\u2018\uc774\ub370\uc77c\ub9ac\u2019 \ucc44\ub110 \uad6c\ub3c5\ud558\uace0~ '\uac24\ub7ed\uc2dc \uc6cc\uce58' [\ubc1b\uc544\uac00\uc138\uc694\u25b6]\ube61\uce68\ud574\uc18c! \uccad\ucd98\ub258\uc6b0\uc2a4~ [\uc2a4\ub0c5\ud0c0\uc784\u25b6]\uc2a4\ub0c5\ud0c0\uc784 \uc88b\uc544\uc694 \ud558\uace0 \uc2a4\ubc85 \ucee4\ud53c [\ub9c8\uc2dc\ub7ec \uac00\uae30\u25b6]\uff1c\u24d2\ud568\uaed8 \ub9cc\ub4e4\uace0 \ud568\uaed8 \uc990\uae30\ub294 \uc5d4\ud130\ud14c\uc778\uba3c\ud2b8 \ud3ec\ud138 \uc2a4\ud0c0in - \ubb34\ub2e8\uc804\uc7ac & \uc7ac\ubc30\ud3ec \uae08\uc9c0\uff1e\n"}, {"market": "kospi", "sid": "000520", "codename": "\uc0bc\uc77c\uc81c\uc57d", "year": 2018, "month": 10, "article_url": "https://n.news.naver.com/sports/golf/article/311/0000914494", "news_company": "\uc5d1\uc2a4\ud3ec\uce20\ub274\uc2a4", "title": "\ubc15\uacb0 '\ub370\ubdd4 4\ub144\ub9cc\uc5d0 \uccab \uc6b0\uc2b9 \ub178\ub9b0\ub2e4'[\ud3ec\ud1a0]", "headline": "\ubc15\uacb0 '\ub370\ubdd4 4\ub144\ub9cc\uc5d0 \uccab \uc6b0\uc2b9 \ub178\ub9b0\ub2e4'[\ud3ec\ud1a0]", "date_str": "2018.10.28. \uc624\ud6c4 2:38", "writer": null, "section": null, "original_article_link": null, "article_body": "\n\n\n\n\n\u200b\u200b\u200b[\uc5d1\uc2a4\ud3ec\uce20\ub274\uc2a4 \uc81c\uc8fc, \uc11c\uc608\uc9c4 \uae30\uc790] 28\uc77c \uc81c\uc8fc \uc11c\uadc0\ud3ec\uc2dc \ud540\ud06c\uc2a4 \uace8\ud504\ud074\ub7fd(\ud30c72. 6,643\uc57c\ub4dc)\uc5d0\uc11c \uc5f4\ub9b0 2018\uc2dc\uc98c KLPGA\ud22c\uc5b4 \uc2a4\ubb3c\uc77c\uacf1 \ubc88\uc9f8 \ub300\ud68c \u2018SK\ub124\ud2b8\uc6cd\uc2a4\u318d\uc11c\uc6b8\uacbd\uc81c \ub808\uc774\ub514\uc2a4 \ud074\ub798\uc2dd\u2019(\ucd1d\uc0c1\uae08 8\uc5b5 \uc6d0, \uc6b0\uc2b9\uc0c1\uae08 1\uc5b56\ucc9c\ub9cc \uc6d0) \ucd5c\uc885 \ub77c\uc6b4\ub4dc \uacbd\uae30, \ubc15\uacb0(22.\uc0bc\uc77c\uc81c\uc57d)\uc774 18\ubc88\ud640 \uadf8\ub9b0\uc73c\ub85c \ub4e4\uc5b4\uc11c\uace0 \uc788\ub2e4.yejin@xportsnews.com\u25b6 \uc544\uc774\ub3cc \ud32c\uc774\ub77c\uba74... [\uc5d1\uc2a4\ud3ec\uce20\ub274\uc2a4 \ub124\uc774\ubc84TV] \u25b6 \uc5f0\uc608\uacc4 \ud56b\uc774\uc288 \ubaa8\uc74c [\uc774\uc288\ud038] - Copyrights\u24d2\uc5d1\uc2a4\ud3ec\uce20\ub274\uc2a4(http://www.xportsnews.com) \ubb34\ub2e8 \uc804\uc7ac \ubc0f \uc7ac\ubc30\ud3ec \uae08\uc9c0\n"}, {"market": "kospi", "sid": "000520", "codename": "\uc0bc\uc77c\uc81c\uc57d", "year": 2018, "month": 10, "article_url": "https://n.news.naver.com/sports/golf/article/311/0000914493", "news_company": "\uc5d1\uc2a4\ud3ec\uce20\ub274\uc2a4", "title": "\ubc15\uacb0 '6\uc5b8\ub354\ud30c\ub85c \uacbd\uae30 \ub9c8\uccd0\uc694'[\ud3ec\ud1a0]", "headline": "\ubc15\uacb0 '6\uc5b8\ub354\ud30c\ub85c \uacbd\uae30 \ub9c8\uccd0\uc694'[\ud3ec\ud1a0]", "date_str": "2018.10.28. \uc624\ud6c4 2:35", "writer": null, "section": null, "original_article_link": null, "article_body": "\n\n\n\n\n\u200b\u200b\u200b[\uc5d1\uc2a4\ud3ec\uce20\ub274\uc2a4 \uc81c\uc8fc, \uc11c\uc608\uc9c4 \uae30\uc790] 28\uc77c \uc81c\uc8fc \uc11c\uadc0\ud3ec\uc2dc \ud540\ud06c\uc2a4 \uace8\ud504\ud074\ub7fd(\ud30c72. 6,643\uc57c\ub4dc)\uc5d0\uc11c \uc5f4\ub9b0 2018\uc2dc\uc98c KLPGA\ud22c\uc5b4 \uc2a4\ubb3c\uc77c\uacf1 \ubc88\uc9f8 \ub300\ud68c \u2018SK\ub124\ud2b8\uc6cd\uc2a4\u318d\uc11c\uc6b8\uacbd\uc81c \ub808\uc774\ub514\uc2a4 \ud074\ub798\uc2dd\u2019(\ucd1d\uc0c1\uae08 8\uc5b5 \uc6d0, \uc6b0\uc2b9\uc0c1\uae08 1\uc5b56\ucc9c\ub9cc \uc6d0) \ucd5c\uc885 \ub77c\uc6b4\ub4dc \uacbd\uae30\ub97c \ub9c8\uce5c \ubc15\uacb0(22.\uc0bc\uc77c\uc81c\uc57d)\uc774 18\ubc88\ud640 \uadf8\ub9b0\uc5d0\uc11c \ucd5c\uac00\ub78c\uacfc \ud5c8\uadf8\ub97c \ud558\uace0 \uc788\ub2e4.yejin@xportsnews.com\u25b6 \uc544\uc774\ub3cc \ud32c\uc774\ub77c\uba74... [\uc5d1\uc2a4\ud3ec\uce20\ub274\uc2a4 \ub124\uc774\ubc84TV] \u25b6 \uc5f0\uc608\uacc4 \ud56b\uc774\uc288 \ubaa8\uc74c [\uc774\uc288\ud038] - Copyrights\u24d2\uc5d1\uc2a4\ud3ec\uce20\ub274\uc2a4(http://www.xportsnews.com) \ubb34\ub2e8 \uc804\uc7ac \ubc0f \uc7ac\ubc30\ud3ec \uae08\uc9c0\n"}, {"market": "kospi", "sid": "000520", "codename": "\uc0bc\uc77c\uc81c\uc57d", "year": 2018, "month": 10, "article_url": "https://n.news.naver.com/sports/golf/article/311/0000914491", "news_company": "\uc5d1\uc2a4\ud3ec\uce20\ub274\uc2a4", "title": "\ubc15\uacb0 '\ub9c8\uc9c0\ub9c9 \ud640\uc740 \ud30c\ub85c \ub9c8\ubb34\ub9ac'[\ud3ec\ud1a0]", "headline": "\ubc15\uacb0 '\ub9c8\uc9c0\ub9c9 \ud640\uc740 \ud30c\ub85c \ub9c8\ubb34\ub9ac'[\ud3ec\ud1a0]", "date_str": "2018.10.28. \uc624\ud6c4 2:34", "writer": null, "section": null, "original_article_link": null, "article_body": "\n\n\n\n\n\u200b\u200b\u200b[\uc5d1\uc2a4\ud3ec\uce20\ub274\uc2a4 \uc81c\uc8fc, \uc11c\uc608\uc9c4 \uae30\uc790] 28\uc77c \uc81c\uc8fc \uc11c\uadc0\ud3ec\uc2dc \ud540\ud06c\uc2a4 \uace8\ud504\ud074\ub7fd(\ud30c72. 6,643\uc57c\ub4dc)\uc5d0\uc11c \uc5f4\ub9b0 2018\uc2dc\uc98c KLPGA\ud22c\uc5b4 \uc2a4\ubb3c\uc77c\uacf1 \ubc88\uc9f8 \ub300\ud68c \u2018SK\ub124\ud2b8\uc6cd\uc2a4\u318d\uc11c\uc6b8\uacbd\uc81c \ub808\uc774\ub514\uc2a4 \ud074\ub798\uc2dd\u2019(\ucd1d\uc0c1\uae08 8\uc5b5 \uc6d0, \uc6b0\uc2b9\uc0c1\uae08 1\uc5b56\ucc9c\ub9cc \uc6d0) \ucd5c\uc885 \ub77c\uc6b4\ub4dc \uacbd\uae30, \ubc15\uacb0(22.\uc0bc\uc77c\uc81c\uc57d)\uc774 18\ubc88\ud640 \uadf8\ub9b0\uc5d0\uc11c \ud37c\ud305\uc744 \ud558\uace0 \uc788\ub2e4.yejin@xportsnews.com\u25b6 \uc544\uc774\ub3cc \ud32c\uc774\ub77c\uba74... [\uc5d1\uc2a4\ud3ec\uce20\ub274\uc2a4 \ub124\uc774\ubc84TV] \u25b6 \uc5f0\uc608\uacc4 \ud56b\uc774\uc288 \ubaa8\uc74c [\uc774\uc288\ud038] - Copyrights\u24d2\uc5d1\uc2a4\ud3ec\uce20\ub274\uc2a4(http://www.xportsnews.com) \ubb34\ub2e8 \uc804\uc7ac \ubc0f \uc7ac\ubc30\ud3ec \uae08\uc9c0\n"}, {"market": "kospi", "sid": "000520", "codename": "\uc0bc\uc77c\uc81c\uc57d", "year": 2018, "month": 10, "article_url": "https://n.news.naver.com/sports/golf/article/018/0004236963", "news_company": "\uc774\ub370\uc77c\ub9ac", "title": "[\ud3ec\ud1a0] \ud5c8\ub2e4\ube48 '\ucd5c\uc120\uc744 \ub2e4\ud558\ub294 \ud2f0\uc0f7'", "headline": "[\ud3ec\ud1a0] \ud5c8\ub2e4\ube48 '\ucd5c\uc120\uc744 \ub2e4\ud558\ub294 \ud2f0\uc0f7'", "date_str": "2018.10.28. \uc624\ud6c4 2:13", "writer": null, "section": null, "original_article_link": null, "article_body": "\n\n\n\n\n[\uc774\ub370\uc77c\ub9ac \uace8\ud504in \uc11c\uadc0\ud3ec(\uc81c\uc8fc)=\ubc15\ud0dc\uc131\uae30\uc790] 28\uc77c \uc81c\uc8fc \uc11c\uadc0\ud3ec\uc2dc\uc5d0 \uc704\uce58\ud55c \ud540\ud06c\uc2a4 \uace8\ud504\ud074\ub7fd(\ud30c72/6,643\uc57c\ub4dc)\uc5d0\uc11c 2018 KLPGA\ud22c\uc5b4 \uc2a4\ubb3c\uc77c\uacf1 \ubc88\uc9f8 \ub300\ud68c\uc778 'SK\ub124\ud2b8\uc6cd\uc2a4\u318d\uc11c\uc6b8\uacbd\uc81c \ub808\uc774\ub514\uc2a4 \ud074\ub798\uc2dd(\ucd1d\uc0c1\uae08 8\uc5b5 \uc6d0, \uc6b0\uc2b9\uc0c1\uae08 1\uc5b56\ucc9c\ub9cc \uc6d0)' \ucd5c\uc885\ub77c\uc6b4\ub4dc\uac00 \uc5f4\ub9b0\uac00\uc6b4\ub370,\ud5c8\ub2e4\ube48(20.\uc0bc\uc77c\uc81c\uc57d)\uc774 1\ubc88\ud640 \uac15\ud55c \ud2f0\uc0f7\uc744 \ub0a0\ub9ac\uace0 \uc788\ub2e4.\ubc15\ud0dc\uc131 (photosketch@edaily.co.kr)\u2018\uc774\ub370\uc77c\ub9ac\u2019 \ucc44\ub110 \uad6c\ub3c5\ud558\uace0~ '\uac24\ub7ed\uc2dc \uc6cc\uce58' [\ubc1b\uc544\uac00\uc138\uc694\u25b6]\ube61\uce68\ud574\uc18c! \uccad\ucd98\ub258\uc6b0\uc2a4~ [\uc2a4\ub0c5\ud0c0\uc784\u25b6]\uc2a4\ub0c5\ud0c0\uc784 \uc88b\uc544\uc694 \ud558\uace0 \uc2a4\ubc85 \ucee4\ud53c [\ub9c8\uc2dc\ub7ec \uac00\uae30\u25b6]\uff1c\u24d2\ud568\uaed8 \ub9cc\ub4e4\uace0 \ud568\uaed8 \uc990\uae30\ub294 \uc5d4\ud130\ud14c\uc778\uba3c\ud2b8 \ud3ec\ud138 \uc2a4\ud0c0in - \ubb34\ub2e8\uc804\uc7ac & \uc7ac\ubc30\ud3ec \uae08\uc9c0\uff1e\n"}, {"market": "kospi", "sid": "000520", "codename": "\uc0bc\uc77c\uc81c\uc57d", "year": 2018, "month": 10, "article_url": "https://n.news.naver.com/sports/golf/article/311/0000914479", "news_company": "\uc5d1\uc2a4\ud3ec\uce20\ub274\uc2a4", "title": "\ubc15\uacb0 '\ubd80\uc9c0\ub7f0\ud788 \ud0c0\uc218 \uc904\uc5ec \uc6b0\uc2b9 \uc55e\uc73c\ub85c \uc131\ud07c'[\ud3ec\ud1a0]", "headline": "\ubc15\uacb0 '\ubd80\uc9c0\ub7f0\ud788 \ud0c0\uc218 \uc904\uc5ec \uc6b0\uc2b9 \uc55e\uc73c\ub85c \uc131\ud07c'[\ud3ec\ud1a0]", "date_str": "2018.10.28. \uc624\ud6c4 2:11", "writer": null, "section": null, "original_article_link": null, "article_body": "\n\n\n\n\n\u200b\u200b\u200b[\uc5d1\uc2a4\ud3ec\uce20\ub274\uc2a4 \uc81c\uc8fc, \uc11c\uc608\uc9c4 \uae30\uc790] 28\uc77c \uc81c\uc8fc \uc11c\uadc0\ud3ec\uc2dc \ud540\ud06c\uc2a4 \uace8\ud504\ud074\ub7fd(\ud30c72. 6,643\uc57c\ub4dc)\uc5d0\uc11c \uc5f4\ub9b0 2018\uc2dc\uc98c KLPGA\ud22c\uc5b4 \uc2a4\ubb3c\uc77c\uacf1 \ubc88\uc9f8 \ub300\ud68c \u2018SK\ub124\ud2b8\uc6cd\uc2a4\u318d\uc11c\uc6b8\uacbd\uc81c \ub808\uc774\ub514\uc2a4 \ud074\ub798\uc2dd\u2019(\ucd1d\uc0c1\uae08 8\uc5b5 \uc6d0, \uc6b0\uc2b9\uc0c1\uae08 1\uc5b56\ucc9c\ub9cc \uc6d0) \ucd5c\uc885 \ub77c\uc6b4\ub4dc \uacbd\uae30, \ubc15\uacb0(22.\uc0bc\uc77c\uc81c\uc57d)\uc774 1\ubc88\ud640 \uadf8\ub9b0\uc5d0\uc11c \ud37c\ud305\ub77c\uc778\uc744 \uc0b4\ud53c\uace0 \uc788\ub2e4.yejin@xportsnews.com\u25b6 \uc544\uc774\ub3cc \ud32c\uc774\ub77c\uba74... [\uc5d1\uc2a4\ud3ec\uce20\ub274\uc2a4 \ub124\uc774\ubc84TV] \u25b6 \uc5f0\uc608\uacc4 \ud56b\uc774\uc288 \ubaa8\uc74c [\uc774\uc288\ud038] - Copyrights\u24d2\uc5d1\uc2a4\ud3ec\uce20\ub274\uc2a4(http://www.xportsnews.com) \ubb34\ub2e8 \uc804\uc7ac \ubc0f \uc7ac\ubc30\ud3ec \uae08\uc9c0\n"}, {"market": "kospi", "sid": "000520", "codename": "\uc0bc\uc77c\uc81c\uc57d", "year": 2018, "month": 10, "article_url": "https://n.news.naver.com/sports/golf/article/018/0004236956", "news_company": "\uc774\ub370\uc77c\ub9ac", "title": "[\ud3ec\ud1a0] \ubc15\uacb0 '\ucf64\ube44 \uce90\ub514\uc640 \uc0b4\ud53c\ub294 \ud37c\ud305 \ub77c\uc778'", "headline": "[\ud3ec\ud1a0] \ubc15\uacb0 '\ucf64\ube44 \uce90\ub514\uc640 \uc0b4\ud53c\ub294 \ud37c\ud305 \ub77c\uc778'", "date_str": "2018.10.28. \uc624\ud6c4 2:10", "writer": null, "section": null, "original_article_link": null, "article_body": "\n\n\n\n\n[\uc774\ub370\uc77c\ub9ac \uace8\ud504in \uc11c\uadc0\ud3ec(\uc81c\uc8fc)=\ubc15\ud0dc\uc131\uae30\uc790] 28\uc77c \uc81c\uc8fc \uc11c\uadc0\ud3ec\uc2dc\uc5d0 \uc704\uce58\ud55c \ud540\ud06c\uc2a4 \uace8\ud504\ud074\ub7fd(\ud30c72/6,643\uc57c\ub4dc)\uc5d0\uc11c 2018 KLPGA\ud22c\uc5b4 \uc2a4\ubb3c\uc77c\uacf1 \ubc88\uc9f8 \ub300\ud68c\uc778 'SK\ub124\ud2b8\uc6cd\uc2a4\u318d\uc11c\uc6b8\uacbd\uc81c \ub808\uc774\ub514\uc2a4 \ud074\ub798\uc2dd(\ucd1d\uc0c1\uae08 8\uc5b5 \uc6d0, \uc6b0\uc2b9\uc0c1\uae08 1\uc5b56\ucc9c\ub9cc \uc6d0)' \ucd5c\uc885\ub77c\uc6b4\ub4dc\uac00 \uc5f4\ub9b0\uac00\uc6b4\ub370,\ubc15\uacb0(22.\uc0bc\uc77c\uc81c\uc57d)\uc774 1\ubc88\ud640 \uadf8\ub9b0\uc5d0\uc11c \ud37c\ud305 \ub77c\uc778\uc744 \uc0b4\ud53c\uace0 \uc788\ub2e4.\ubc15\ud0dc\uc131 (photosketch@edaily.co.kr)\u2018\uc774\ub370\uc77c\ub9ac\u2019 \ucc44\ub110 \uad6c\ub3c5\ud558\uace0~ '\uac24\ub7ed\uc2dc \uc6cc\uce58' [\ubc1b\uc544\uac00\uc138\uc694\u25b6]\ube61\uce68\ud574\uc18c! \uccad\ucd98\ub258\uc6b0\uc2a4~ [\uc2a4\ub0c5\ud0c0\uc784\u25b6]\uc2a4\ub0c5\ud0c0\uc784 \uc88b\uc544\uc694 \ud558\uace0 \uc2a4\ubc85 \ucee4\ud53c [\ub9c8\uc2dc\ub7ec \uac00\uae30\u25b6]\uff1c\u24d2\ud568\uaed8 \ub9cc\ub4e4\uace0 \ud568\uaed8 \uc990\uae30\ub294 \uc5d4\ud130\ud14c\uc778\uba3c\ud2b8 \ud3ec\ud138 \uc2a4\ud0c0in - \ubb34\ub2e8\uc804\uc7ac & \uc7ac\ubc30\ud3ec \uae08\uc9c0\uff1e\n"}, {"market": "kospi", "sid": "000520", "codename": "\uc0bc\uc77c\uc81c\uc57d", "year": 2018, "month": 10, "article_url": "https://n.news.naver.com/sports/golf/article/018/0004236959", "news_company": "\uc774\ub370\uc77c\ub9ac", "title": "[\ud3ec\ud1a0] \ubc15\uacb0 'SK\ub124\ud2b8\uc6cd\uc2a4 \uc6b0\uc2b9 \uae30\ub2e4\ub824'", "headline": "[\ud3ec\ud1a0] \ubc15\uacb0 'SK\ub124\ud2b8\uc6cd\uc2a4 \uc6b0\uc2b9 \uae30\ub2e4\ub824'", "date_str": "2018.10.28. \uc624\ud6c4 2:10", "writer": null, "section": null, "original_article_link": null, "article_body": "\n\n\n\n\n[\uc774\ub370\uc77c\ub9ac \uace8\ud504in \uc11c\uadc0\ud3ec(\uc81c\uc8fc)=\ubc15\ud0dc\uc131\uae30\uc790] 28\uc77c \uc81c\uc8fc \uc11c\uadc0\ud3ec\uc2dc\uc5d0 \uc704\uce58\ud55c \ud540\ud06c\uc2a4 \uace8\ud504\ud074\ub7fd(\ud30c72/6,643\uc57c\ub4dc)\uc5d0\uc11c 2018 KLPGA\ud22c\uc5b4 \uc2a4\ubb3c\uc77c\uacf1 \ubc88\uc9f8 \ub300\ud68c\uc778 'SK\ub124\ud2b8\uc6cd\uc2a4\u318d\uc11c\uc6b8\uacbd\uc81c \ub808\uc774\ub514\uc2a4 \ud074\ub798\uc2dd(\ucd1d\uc0c1\uae08 8\uc5b5 \uc6d0, \uc6b0\uc2b9\uc0c1\uae08 1\uc5b56\ucc9c\ub9cc \uc6d0)' \ucd5c\uc885\ub77c\uc6b4\ub4dc\uac00 \uc5f4\ub9b0\uac00\uc6b4\ub370,\ubc15\uacb0(22.\uc0bc\uc77c\uc81c\uc57d)\uc774 2\ubc88\ud640 \uc544\uc774\uc5b8 \ud2f0\uc0f7\uc744 \ub0a0\ub9ac\uace0 \uc788\ub2e4.\ubc15\ud0dc\uc131 (photosketch@edaily.co.kr)\u2018\uc774\ub370\uc77c\ub9ac\u2019 \ucc44\ub110 \uad6c\ub3c5\ud558\uace0~ '\uac24\ub7ed\uc2dc \uc6cc\uce58' [\ubc1b\uc544\uac00\uc138\uc694\u25b6]\ube61\uce68\ud574\uc18c! \uccad\ucd98\ub258\uc6b0\uc2a4~ [\uc2a4\ub0c5\ud0c0\uc784\u25b6]\uc2a4\ub0c5\ud0c0\uc784 \uc88b\uc544\uc694 \ud558\uace0 \uc2a4\ubc85 \ucee4\ud53c [\ub9c8\uc2dc\ub7ec \uac00\uae30\u25b6]\uff1c\u24d2\ud568\uaed8 \ub9cc\ub4e4\uace0 \ud568\uaed8 \uc990\uae30\ub294 \uc5d4\ud130\ud14c\uc778\uba3c\ud2b8 \ud3ec\ud138 \uc2a4\ud0c0in - \ubb34\ub2e8\uc804\uc7ac & \uc7ac\ubc30\ud3ec \uae08\uc9c0\uff1e\n"}, {"market": "kospi", "sid": "000520", "codename": "\uc0bc\uc77c\uc81c\uc57d", "year": 2018, "month": 10, "article_url": "https://n.news.naver.com/sports/golf/article/018/0004236958", "news_company": "\uc774\ub370\uc77c\ub9ac", "title": "[\ud3ec\ud1a0] \ubc15\uacb0 '\uc0dd\uc560 \uccab \uc6b0\uc2b9\uc744 \ud5a5\ud574 \ub0a0\ub9ac\ub294 \uc544\uc774\uc5b8 \ud2f0\uc0f7'", "headline": "[\ud3ec\ud1a0] \ubc15\uacb0 '\uc0dd\uc560 \uccab \uc6b0\uc2b9\uc744 \ud5a5\ud574 \ub0a0\ub9ac\ub294 \uc544\uc774\uc5b8 \ud2f0\uc0f7'", "date_str": "2018.10.28. \uc624\ud6c4 2:10", "writer": null, "section": null, "original_article_link": null, "article_body": "\n\n\n\n\n[\uc774\ub370\uc77c\ub9ac \uace8\ud504in \uc11c\uadc0\ud3ec(\uc81c\uc8fc)=\ubc15\ud0dc\uc131\uae30\uc790] 28\uc77c \uc81c\uc8fc \uc11c\uadc0\ud3ec\uc2dc\uc5d0 \uc704\uce58\ud55c \ud540\ud06c\uc2a4 \uace8\ud504\ud074\ub7fd(\ud30c72/6,643\uc57c\ub4dc)\uc5d0\uc11c 2018 KLPGA\ud22c\uc5b4 \uc2a4\ubb3c\uc77c\uacf1 \ubc88\uc9f8 \ub300\ud68c\uc778 'SK\ub124\ud2b8\uc6cd\uc2a4\u318d\uc11c\uc6b8\uacbd\uc81c \ub808\uc774\ub514\uc2a4 \ud074\ub798\uc2dd(\ucd1d\uc0c1\uae08 8\uc5b5 \uc6d0, \uc6b0\uc2b9\uc0c1\uae08 1\uc5b56\ucc9c\ub9cc \uc6d0)' \ucd5c\uc885\ub77c\uc6b4\ub4dc\uac00 \uc5f4\ub9b0\uac00\uc6b4\ub370,\ubc15\uacb0(22.\uc0bc\uc77c\uc81c\uc57d)\uc774 2\ubc88\ud640 \uc544\uc774\uc5b8 \ud2f0\uc0f7\uc744 \ub0a0\ub9ac\uace0 \uc788\ub2e4.\ubc15\ud0dc\uc131 (photosketch@edaily.co.kr)\u2018\uc774\ub370\uc77c\ub9ac\u2019 \ucc44\ub110 \uad6c\ub3c5\ud558\uace0~ '\uac24\ub7ed\uc2dc \uc6cc\uce58' [\ubc1b\uc544\uac00\uc138\uc694\u25b6]\ube61\uce68\ud574\uc18c! \uccad\ucd98\ub258\uc6b0\uc2a4~ [\uc2a4\ub0c5\ud0c0\uc784\u25b6]\uc2a4\ub0c5\ud0c0\uc784 \uc88b\uc544\uc694 \ud558\uace0 \uc2a4\ubc85 \ucee4\ud53c [\ub9c8\uc2dc\ub7ec \uac00\uae30\u25b6]\uff1c\u24d2\ud568\uaed8 \ub9cc\ub4e4\uace0 \ud568\uaed8 \uc990\uae30\ub294 \uc5d4\ud130\ud14c\uc778\uba3c\ud2b8 \ud3ec\ud138 \uc2a4\ud0c0in - \ubb34\ub2e8\uc804\uc7ac & \uc7ac\ubc30\ud3ec \uae08\uc9c0\uff1e\n"}, {"market": "kospi", "sid": "000520", "codename": "\uc0bc\uc77c\uc81c\uc57d", "year": 2018, "month": 10, "article_url": "https://n.news.naver.com/sports/golf/article/018/0004236957", "news_company": "\uc774\ub370\uc77c\ub9ac", "title": "[\ud3ec\ud1a0] \ubc15\uacb0 '\uc81c\uc8fc \ubc14\ub78c\uc744 \uc77d\uc5b4\ub77c'", "headline": "[\ud3ec\ud1a0] \ubc15\uacb0 '\uc81c\uc8fc \ubc14\ub78c\uc744 \uc77d\uc5b4\ub77c'", "date_str": "2018.10.28. \uc624\ud6c4 2:10", "writer": null, "section": null, "original_article_link": null, "article_body": "\n\n\n\n\n[\uc774\ub370\uc77c\ub9ac \uace8\ud504in \uc11c\uadc0\ud3ec(\uc81c\uc8fc)=\ubc15\ud0dc\uc131\uae30\uc790] 28\uc77c \uc81c\uc8fc \uc11c\uadc0\ud3ec\uc2dc\uc5d0 \uc704\uce58\ud55c \ud540\ud06c\uc2a4 \uace8\ud504\ud074\ub7fd(\ud30c72/6,643\uc57c\ub4dc)\uc5d0\uc11c 2018 KLPGA\ud22c\uc5b4 \uc2a4\ubb3c\uc77c\uacf1 \ubc88\uc9f8 \ub300\ud68c\uc778 'SK\ub124\ud2b8\uc6cd\uc2a4\u318d\uc11c\uc6b8\uacbd\uc81c \ub808\uc774\ub514\uc2a4 \ud074\ub798\uc2dd(\ucd1d\uc0c1\uae08 8\uc5b5 \uc6d0, \uc6b0\uc2b9\uc0c1\uae08 1\uc5b56\ucc9c\ub9cc \uc6d0)' \ucd5c\uc885\ub77c\uc6b4\ub4dc\uac00 \uc5f4\ub9b0\uac00\uc6b4\ub370,\ubc15\uacb0(22.\uc0bc\uc77c\uc81c\uc57d)\uc774 2\ubc88\ud640 \ud2f0\uc0f7 \uc804 \ubc14\ub78c\uc744 \uc77d\uace0 \uc788\ub2e4.\ubc15\ud0dc\uc131 (photosketch@edaily.co.kr)\u2018\uc774\ub370\uc77c\ub9ac\u2019 \ucc44\ub110 \uad6c\ub3c5\ud558\uace0~ '\uac24\ub7ed\uc2dc \uc6cc\uce58' [\ubc1b\uc544\uac00\uc138\uc694\u25b6]\ube61\uce68\ud574\uc18c! \uccad\ucd98\ub258\uc6b0\uc2a4~ [\uc2a4\ub0c5\ud0c0\uc784\u25b6]\uc2a4\ub0c5\ud0c0\uc784 \uc88b\uc544\uc694 \ud558\uace0 \uc2a4\ubc85 \ucee4\ud53c [\ub9c8\uc2dc\ub7ec \uac00\uae30\u25b6]\uff1c\u24d2\ud568\uaed8 \ub9cc\ub4e4\uace0 \ud568\uaed8 \uc990\uae30\ub294 \uc5d4\ud130\ud14c\uc778\uba3c\ud2b8 \ud3ec\ud138 \uc2a4\ud0c0in - \ubb34\ub2e8\uc804\uc7ac & \uc7ac\ubc30\ud3ec \uae08\uc9c0\uff1e\n"}, {"market": "kospi", "sid": "000520", "codename": "\uc0bc\uc77c\uc81c\uc57d", "year": 2018, "month": 10, "article_url": "https://n.news.naver.com/sports/golf/article/311/0000914477", "news_company": "\uc5d1\uc2a4\ud3ec\uce20\ub274\uc2a4", "title": "\ubc15\uacb0 '\uc5ec\uc720\uc788\ub294 \uc138\ucee8\uc0f7'[\ud3ec\ud1a0]", "headline": "\ubc15\uacb0 '\uc5ec\uc720\uc788\ub294 \uc138\ucee8\uc0f7'[\ud3ec\ud1a0]", "date_str": "2018.10.28. \uc624\ud6c4 2:09", "writer": null, "section": null, "original_article_link": null, "article_body": "\n\n\n\n\n\u200b\u200b\u200b[\uc5d1\uc2a4\ud3ec\uce20\ub274\uc2a4 \uc81c\uc8fc, \uc11c\uc608\uc9c4 \uae30\uc790] 28\uc77c \uc81c\uc8fc \uc11c\uadc0\ud3ec\uc2dc \ud540\ud06c\uc2a4 \uace8\ud504\ud074\ub7fd(\ud30c72. 6,643\uc57c\ub4dc)\uc5d0\uc11c \uc5f4\ub9b0 2018\uc2dc\uc98c KLPGA\ud22c\uc5b4 \uc2a4\ubb3c\uc77c\uacf1 \ubc88\uc9f8 \ub300\ud68c \u2018SK\ub124\ud2b8\uc6cd\uc2a4\u318d\uc11c\uc6b8\uacbd\uc81c \ub808\uc774\ub514\uc2a4 \ud074\ub798\uc2dd\u2019(\ucd1d\uc0c1\uae08 8\uc5b5 \uc6d0, \uc6b0\uc2b9\uc0c1\uae08 1\uc5b56\ucc9c\ub9cc \uc6d0) \ucd5c\uc885 \ub77c\uc6b4\ub4dc \uacbd\uae30, \ubc15\uacb0(22.\uc0bc\uc77c\uc81c\uc57d)\uc774 1\ubc88\ud640 \uc138\ucee8\uc0f7\uc744 \ub0a0\ub9ac\uace0 \uc788\ub2e4.yejin@xportsnews.com\u25b6 \uc544\uc774\ub3cc \ud32c\uc774\ub77c\uba74... [\uc5d1\uc2a4\ud3ec\uce20\ub274\uc2a4 \ub124\uc774\ubc84TV] \u25b6 \uc5f0\uc608\uacc4 \ud56b\uc774\uc288 \ubaa8\uc74c [\uc774\uc288\ud038] - Copyrights\u24d2\uc5d1\uc2a4\ud3ec\uce20\ub274\uc2a4(http://www.xportsnews.com) \ubb34\ub2e8 \uc804\uc7ac \ubc0f \uc7ac\ubc30\ud3ec \uae08\uc9c0\n"}, {"market": "kospi", "sid": "000520", "codename": "\uc0bc\uc77c\uc81c\uc57d", "year": 2018, "month": 10, "article_url": "https://n.news.naver.com/sports/golf/article/311/0000914475", "news_company": "\uc5d1\uc2a4\ud3ec\uce20\ub274\uc2a4", "title": "\ubc15\uacb0 '\uc6b0\uc2b9 \ud5a5\ud574 \ucd9c\ubc1c'[\ud3ec\ud1a0]", "headline": "\ubc15\uacb0 '\uc6b0\uc2b9 \ud5a5\ud574 \ucd9c\ubc1c'[\ud3ec\ud1a0]", "date_str": "2018.10.28. \uc624\ud6c4 2:08", "writer": null, "section": null, "original_article_link": null, "article_body": "\n\n\n\n\n\u200b\u200b\u200b[\uc5d1\uc2a4\ud3ec\uce20\ub274\uc2a4 \uc81c\uc8fc, \uc11c\uc608\uc9c4 \uae30\uc790] 28\uc77c \uc81c\uc8fc \uc11c\uadc0\ud3ec\uc2dc \ud540\ud06c\uc2a4 \uace8\ud504\ud074\ub7fd(\ud30c72. 6,643\uc57c\ub4dc)\uc5d0\uc11c \uc5f4\ub9b0 2018\uc2dc\uc98c KLPGA\ud22c\uc5b4 \uc2a4\ubb3c\uc77c\uacf1 \ubc88\uc9f8 \ub300\ud68c \u2018SK\ub124\ud2b8\uc6cd\uc2a4\u318d\uc11c\uc6b8\uacbd\uc81c \ub808\uc774\ub514\uc2a4 \ud074\ub798\uc2dd\u2019(\ucd1d\uc0c1\uae08 8\uc5b5 \uc6d0, \uc6b0\uc2b9\uc0c1\uae08 1\uc5b56\ucc9c\ub9cc \uc6d0) \ucd5c\uc885 \ub77c\uc6b4\ub4dc \uacbd\uae30, \ubc15\uacb0(22.\uc0bc\uc77c\uc81c\uc57d)\uc774 1\ubc88\ud640 \ud398\uc5b4\uc6e8\uc774\ub85c \uc774\ub3d9\ud558\uace0 \uc788\ub2e4.yejin@xportsnews.com\u25b6 \uc544\uc774\ub3cc \ud32c\uc774\ub77c\uba74... [\uc5d1\uc2a4\ud3ec\uce20\ub274\uc2a4 \ub124\uc774\ubc84TV] \u25b6 \uc5f0\uc608\uacc4 \ud56b\uc774\uc288 \ubaa8\uc74c [\uc774\uc288\ud038] - Copyrights\u24d2\uc5d1\uc2a4\ud3ec\uce20\ub274\uc2a4(http://www.xportsnews.com) \ubb34\ub2e8 \uc804\uc7ac \ubc0f \uc7ac\ubc30\ud3ec \uae08\uc9c0\n"}, {"market": "kospi", "sid": "000520", "codename": "\uc0bc\uc77c\uc81c\uc57d", "year": 2018, "month": 10, "article_url": "https://n.news.naver.com/sports/golf/article/311/0000914473", "news_company": "\uc5d1\uc2a4\ud3ec\uce20\ub274\uc2a4", "title": "\ubc15\uacb0 '\uc900\ube44\uc6b4\ub3d9\uc740 \ud544\uc218'[\ud3ec\ud1a0]", "headline": "\ubc15\uacb0 '\uc900\ube44\uc6b4\ub3d9\uc740 \ud544\uc218'[\ud3ec\ud1a0]", "date_str": "2018.10.28. \uc624\ud6c4 2:08", "writer": null, "section": null, "original_article_link": null, "article_body": "\n\n\n\n\n\u200b\u200b\u200b[\uc5d1\uc2a4\ud3ec\uce20\ub274\uc2a4 \uc81c\uc8fc, \uc11c\uc608\uc9c4 \uae30\uc790] 28\uc77c \uc81c\uc8fc \uc11c\uadc0\ud3ec\uc2dc \ud540\ud06c\uc2a4 \uace8\ud504\ud074\ub7fd(\ud30c72. 6,643\uc57c\ub4dc)\uc5d0\uc11c \uc5f4\ub9b0 2018\uc2dc\uc98c KLPGA\ud22c\uc5b4 \uc2a4\ubb3c\uc77c\uacf1 \ubc88\uc9f8 \ub300\ud68c \u2018SK\ub124\ud2b8\uc6cd\uc2a4\u318d\uc11c\uc6b8\uacbd\uc81c \ub808\uc774\ub514\uc2a4 \ud074\ub798\uc2dd\u2019(\ucd1d\uc0c1\uae08 8\uc5b5 \uc6d0, \uc6b0\uc2b9\uc0c1\uae08 1\uc5b56\ucc9c\ub9cc \uc6d0) \ucd5c\uc885 \ub77c\uc6b4\ub4dc \uacbd\uae30, \ubc15\uacb0(22.\uc0bc\uc77c\uc81c\uc57d)\uc774 1\ubc88\ud640 \ud2f0\uc0f7\uc744 \uc900\ube44\ud558\uace0 \uc788\ub2e4.yejin@xportsnews.com\u25b6 \uc544\uc774\ub3cc \ud32c\uc774\ub77c\uba74... [\uc5d1\uc2a4\ud3ec\uce20\ub274\uc2a4 \ub124\uc774\ubc84TV] \u25b6 \uc5f0\uc608\uacc4 \ud56b\uc774\uc288 \ubaa8\uc74c [\uc774\uc288\ud038] - Copyrights\u24d2\uc5d1\uc2a4\ud3ec\uce20\ub274\uc2a4(http://www.xportsnews.com) \ubb34\ub2e8 \uc804\uc7ac \ubc0f \uc7ac\ubc30\ud3ec \uae08\uc9c0\n"}, {"market": "kospi", "sid": "000520", "codename": "\uc0bc\uc77c\uc81c\uc57d", "year": 2018, "month": 10, "article_url": "https://n.news.naver.com/sports/golf/article/018/0004236954", "news_company": "\uc774\ub370\uc77c\ub9ac", "title": "[\ud3ec\ud1a0] \ubc15\uacb0 '\ud544\ub4dc \uc704 \uc778\ud615\ubbf8\uc18c'", "headline": "[\ud3ec\ud1a0] \ubc15\uacb0 '\ud544\ub4dc \uc704 \uc778\ud615\ubbf8\uc18c'", "date_str": "2018.10.28. \uc624\ud6c4 2:08", "writer": null, "section": null, "original_article_link": null, "article_body": "\n\n\n\n\n[\uc774\ub370\uc77c\ub9ac \uace8\ud504in \uc11c\uadc0\ud3ec(\uc81c\uc8fc)=\ubc15\ud0dc\uc131\uae30\uc790] 28\uc77c \uc81c\uc8fc \uc11c\uadc0\ud3ec\uc2dc\uc5d0 \uc704\uce58\ud55c \ud540\ud06c\uc2a4 \uace8\ud504\ud074\ub7fd(\ud30c72/6,643\uc57c\ub4dc)\uc5d0\uc11c 2018 KLPGA\ud22c\uc5b4 \uc2a4\ubb3c\uc77c\uacf1 \ubc88\uc9f8 \ub300\ud68c\uc778 'SK\ub124\ud2b8\uc6cd\uc2a4\u318d\uc11c\uc6b8\uacbd\uc81c \ub808\uc774\ub514\uc2a4 \ud074\ub798\uc2dd(\ucd1d\uc0c1\uae08 8\uc5b5 \uc6d0, \uc6b0\uc2b9\uc0c1\uae08 1\uc5b56\ucc9c\ub9cc \uc6d0)' \ucd5c\uc885\ub77c\uc6b4\ub4dc\uac00 \uc5f4\ub9b0\uac00\uc6b4\ub370,\ubc15\uacb0(22.\uc0bc\uc77c\uc81c\uc57d)\uc774 1\ubc88\ud640 \uadf8\ub9b0\uc73c\ub85c \uc774\ub3d9\ud558\uace0 \uc788\ub2e4.\ubc15\ud0dc\uc131 (photosketch@edaily.co.kr)\u2018\uc774\ub370\uc77c\ub9ac\u2019 \ucc44\ub110 \uad6c\ub3c5\ud558\uace0~ '\uac24\ub7ed\uc2dc \uc6cc\uce58' [\ubc1b\uc544\uac00\uc138\uc694\u25b6]\ube61\uce68\ud574\uc18c! \uccad\ucd98\ub258\uc6b0\uc2a4~ [\uc2a4\ub0c5\ud0c0\uc784\u25b6]\uc2a4\ub0c5\ud0c0\uc784 \uc88b\uc544\uc694 \ud558\uace0 \uc2a4\ubc85 \ucee4\ud53c [\ub9c8\uc2dc\ub7ec \uac00\uae30\u25b6]\uff1c\u24d2\ud568\uaed8 \ub9cc\ub4e4\uace0 \ud568\uaed8 \uc990\uae30\ub294 \uc5d4\ud130\ud14c\uc778\uba3c\ud2b8 \ud3ec\ud138 \uc2a4\ud0c0in - \ubb34\ub2e8\uc804\uc7ac & \uc7ac\ubc30\ud3ec \uae08\uc9c0\uff1e\n"}, {"market": "kospi", "sid": "000520", "codename": "\uc0bc\uc77c\uc81c\uc57d", "year": 2018, "month": 10, "article_url": "https://n.news.naver.com/sports/golf/article/018/0004236955", "news_company": "\uc774\ub370\uc77c\ub9ac", "title": "[\ud3ec\ud1a0] \ubc15\uacb0 '\uc5ed\uc804 \uc6b0\uc2b9 \uc55e\uc73c\ub85c \uac00\uc988\uc544'", "headline": "[\ud3ec\ud1a0] \ubc15\uacb0 '\uc5ed\uc804 \uc6b0\uc2b9 \uc55e\uc73c\ub85c \uac00\uc988\uc544'", "date_str": "2018.10.28. \uc624\ud6c4 2:08", "writer": null, "section": null, "original_article_link": null, "article_body": "\n\n\n\n\n[\uc774\ub370\uc77c\ub9ac \uace8\ud504in \uc11c\uadc0\ud3ec(\uc81c\uc8fc)=\ubc15\ud0dc\uc131\uae30\uc790] 28\uc77c \uc81c\uc8fc \uc11c\uadc0\ud3ec\uc2dc\uc5d0 \uc704\uce58\ud55c \ud540\ud06c\uc2a4 \uace8\ud504\ud074\ub7fd(\ud30c72/6,643\uc57c\ub4dc)\uc5d0\uc11c 2018 KLPGA\ud22c\uc5b4 \uc2a4\ubb3c\uc77c\uacf1 \ubc88\uc9f8 \ub300\ud68c\uc778 'SK\ub124\ud2b8\uc6cd\uc2a4\u318d\uc11c\uc6b8\uacbd\uc81c \ub808\uc774\ub514\uc2a4 \ud074\ub798\uc2dd(\ucd1d\uc0c1\uae08 8\uc5b5 \uc6d0, \uc6b0\uc2b9\uc0c1\uae08 1\uc5b56\ucc9c\ub9cc \uc6d0)' \ucd5c\uc885\ub77c\uc6b4\ub4dc\uac00 \uc5f4\ub9b0\uac00\uc6b4\ub370,\ubc15\uacb0(22.\uc0bc\uc77c\uc81c\uc57d)\uc774 1\ubc88\ud640 \uadf8\ub9b0\uc5d0\uc11c \ud37c\ud305 \ub77c\uc778\uc744 \uc0b4\ud53c\uace0 \uc788\ub2e4.\ubc15\ud0dc\uc131 (photosketch@edaily.co.kr)\u2018\uc774\ub370\uc77c\ub9ac\u2019 \ucc44\ub110 \uad6c\ub3c5\ud558\uace0~ '\uac24\ub7ed\uc2dc \uc6cc\uce58' [\ubc1b\uc544\uac00\uc138\uc694\u25b6]\ube61\uce68\ud574\uc18c! \uccad\ucd98\ub258\uc6b0\uc2a4~ [\uc2a4\ub0c5\ud0c0\uc784\u25b6]\uc2a4\ub0c5\ud0c0\uc784 \uc88b\uc544\uc694 \ud558\uace0 \uc2a4\ubc85 \ucee4\ud53c [\ub9c8\uc2dc\ub7ec \uac00\uae30\u25b6]\uff1c\u24d2\ud568\uaed8 \ub9cc\ub4e4\uace0 \ud568\uaed8 \uc990\uae30\ub294 \uc5d4\ud130\ud14c\uc778\uba3c\ud2b8 \ud3ec\ud138 \uc2a4\ud0c0in - \ubb34\ub2e8\uc804\uc7ac & \uc7ac\ubc30\ud3ec \uae08\uc9c0\uff1e\n"}, {"market": "kospi", "sid": "000520", "codename": "\uc0bc\uc77c\uc81c\uc57d", "year": 2018, "month": 10, "article_url": "https://n.news.naver.com/sports/golf/article/311/0000914477", "news_company": "\uc5d1\uc2a4\ud3ec\uce20\ub274\uc2a4", "title": "\ubc15\uacb0 '\uc5ec\uc720\uc788\ub294 \uc138\ucee8\uc0f7'[\ud3ec\ud1a0]", "headline": "\ubc15\uacb0 '\uc5ec\uc720\uc788\ub294 \uc138\ucee8\uc0f7'[\ud3ec\ud1a0]", "date_str": "2018.10.28. \uc624\ud6c4 2:09", "writer": null, "section": null, "original_article_link": null, "article_body": "\n\n\n\n\n\u200b\u200b\u200b[\uc5d1\uc2a4\ud3ec\uce20\ub274\uc2a4 \uc81c\uc8fc, \uc11c\uc608\uc9c4 \uae30\uc790] 28\uc77c \uc81c\uc8fc \uc11c\uadc0\ud3ec\uc2dc \ud540\ud06c\uc2a4 \uace8\ud504\ud074\ub7fd(\ud30c72. 6,643\uc57c\ub4dc)\uc5d0\uc11c \uc5f4\ub9b0 2018\uc2dc\uc98c KLPGA\ud22c\uc5b4 \uc2a4\ubb3c\uc77c\uacf1 \ubc88\uc9f8 \ub300\ud68c \u2018SK\ub124\ud2b8\uc6cd\uc2a4\u318d\uc11c\uc6b8\uacbd\uc81c \ub808\uc774\ub514\uc2a4 \ud074\ub798\uc2dd\u2019(\ucd1d\uc0c1\uae08 8\uc5b5 \uc6d0, \uc6b0\uc2b9\uc0c1\uae08 1\uc5b56\ucc9c\ub9cc \uc6d0) \ucd5c\uc885 \ub77c\uc6b4\ub4dc \uacbd\uae30, \ubc15\uacb0(22.\uc0bc\uc77c\uc81c\uc57d)\uc774 1\ubc88\ud640 \uc138\ucee8\uc0f7\uc744 \ub0a0\ub9ac\uace0 \uc788\ub2e4.yejin@xportsnews.com\u25b6 \uc544\uc774\ub3cc \ud32c\uc774\ub77c\uba74... [\uc5d1\uc2a4\ud3ec\uce20\ub274\uc2a4 \ub124\uc774\ubc84TV] \u25b6 \uc5f0\uc608\uacc4 \ud56b\uc774\uc288 \ubaa8\uc74c [\uc774\uc288\ud038] - Copyrights\u24d2\uc5d1\uc2a4\ud3ec\uce20\ub274\uc2a4(http://www.xportsnews.com) \ubb34\ub2e8 \uc804\uc7ac \ubc0f \uc7ac\ubc30\ud3ec \uae08\uc9c0\n"}, {"market": "kospi", "sid": "000520", "codename": "\uc0bc\uc77c\uc81c\uc57d", "year": 2018, "month": 10, "article_url": "https://n.news.naver.com/sports/golf/article/311/0000914473", "news_company": "\uc5d1\uc2a4\ud3ec\uce20\ub274\uc2a4", "title": "\ubc15\uacb0 '\uc900\ube44\uc6b4\ub3d9\uc740 \ud544\uc218'[\ud3ec\ud1a0]", "headline": "\ubc15\uacb0 '\uc900\ube44\uc6b4\ub3d9\uc740 \ud544\uc218'[\ud3ec\ud1a0]", "date_str": "2018.10.28. \uc624\ud6c4 2:08", "writer": null, "section": null, "original_article_link": null, "article_body": "\n\n\n\n\n\u200b\u200b\u200b[\uc5d1\uc2a4\ud3ec\uce20\ub274\uc2a4 \uc81c\uc8fc, \uc11c\uc608\uc9c4 \uae30\uc790] 28\uc77c \uc81c\uc8fc \uc11c\uadc0\ud3ec\uc2dc \ud540\ud06c\uc2a4 \uace8\ud504\ud074\ub7fd(\ud30c72. 6,643\uc57c\ub4dc)\uc5d0\uc11c \uc5f4\ub9b0 2018\uc2dc\uc98c KLPGA\ud22c\uc5b4 \uc2a4\ubb3c\uc77c\uacf1 \ubc88\uc9f8 \ub300\ud68c \u2018SK\ub124\ud2b8\uc6cd\uc2a4\u318d\uc11c\uc6b8\uacbd\uc81c \ub808\uc774\ub514\uc2a4 \ud074\ub798\uc2dd\u2019(\ucd1d\uc0c1\uae08 8\uc5b5 \uc6d0, \uc6b0\uc2b9\uc0c1\uae08 1\uc5b56\ucc9c\ub9cc \uc6d0) \ucd5c\uc885 \ub77c\uc6b4\ub4dc \uacbd\uae30, \ubc15\uacb0(22.\uc0bc\uc77c\uc81c\uc57d)\uc774 1\ubc88\ud640 \ud2f0\uc0f7\uc744 \uc900\ube44\ud558\uace0 \uc788\ub2e4.yejin@xportsnews.com\u25b6 \uc544\uc774\ub3cc \ud32c\uc774\ub77c\uba74... [\uc5d1\uc2a4\ud3ec\uce20\ub274\uc2a4 \ub124\uc774\ubc84TV] \u25b6 \uc5f0\uc608\uacc4 \ud56b\uc774\uc288 \ubaa8\uc74c [\uc774\uc288\ud038] - Copyrights\u24d2\uc5d1\uc2a4\ud3ec\uce20\ub274\uc2a4(http://www.xportsnews.com) \ubb34\ub2e8 \uc804\uc7ac \ubc0f \uc7ac\ubc30\ud3ec \uae08\uc9c0\n"}, {"market": "kospi", "sid": "000520", "codename": "\uc0bc\uc77c\uc81c\uc57d", "year": 2018, "month": 10, "article_url": "https://n.news.naver.com/sports/golf/article/311/0000914475", "news_company": "\uc5d1\uc2a4\ud3ec\uce20\ub274\uc2a4", "title": "\ubc15\uacb0 '\uc6b0\uc2b9 \ud5a5\ud574 \ucd9c\ubc1c'[\ud3ec\ud1a0]", "headline": "\ubc15\uacb0 '\uc6b0\uc2b9 \ud5a5\ud574 \ucd9c\ubc1c'[\ud3ec\ud1a0]", "date_str": "2018.10.28. \uc624\ud6c4 2:08", "writer": null, "section": null, "original_article_link": null, "article_body": "\n\n\n\n\n\u200b\u200b\u200b[\uc5d1\uc2a4\ud3ec\uce20\ub274\uc2a4 \uc81c\uc8fc, \uc11c\uc608\uc9c4 \uae30\uc790] 28\uc77c \uc81c\uc8fc \uc11c\uadc0\ud3ec\uc2dc \ud540\ud06c\uc2a4 \uace8\ud504\ud074\ub7fd(\ud30c72. 6,643\uc57c\ub4dc)\uc5d0\uc11c \uc5f4\ub9b0 2018\uc2dc\uc98c KLPGA\ud22c\uc5b4 \uc2a4\ubb3c\uc77c\uacf1 \ubc88\uc9f8 \ub300\ud68c \u2018SK\ub124\ud2b8\uc6cd\uc2a4\u318d\uc11c\uc6b8\uacbd\uc81c \ub808\uc774\ub514\uc2a4 \ud074\ub798\uc2dd\u2019(\ucd1d\uc0c1\uae08 8\uc5b5 \uc6d0, \uc6b0\uc2b9\uc0c1\uae08 1\uc5b56\ucc9c\ub9cc \uc6d0) \ucd5c\uc885 \ub77c\uc6b4\ub4dc \uacbd\uae30, \ubc15\uacb0(22.\uc0bc\uc77c\uc81c\uc57d)\uc774 1\ubc88\ud640 \ud398\uc5b4\uc6e8\uc774\ub85c \uc774\ub3d9\ud558\uace0 \uc788\ub2e4.yejin@xportsnews.com\u25b6 \uc544\uc774\ub3cc \ud32c\uc774\ub77c\uba74... [\uc5d1\uc2a4\ud3ec\uce20\ub274\uc2a4 \ub124\uc774\ubc84TV] \u25b6 \uc5f0\uc608\uacc4 \ud56b\uc774\uc288 \ubaa8\uc74c [\uc774\uc288\ud038] - Copyrights\u24d2\uc5d1\uc2a4\ud3ec\uce20\ub274\uc2a4(http://www.xportsnews.com) \ubb34\ub2e8 \uc804\uc7ac \ubc0f \uc7ac\ubc30\ud3ec \uae08\uc9c0\n"}, {"market": "kospi", "sid": "000520", "codename": "\uc0bc\uc77c\uc81c\uc57d", "year": 2018, "month": 10, "article_url": "https://n.news.naver.com/sports/golf/article/018/0004236954", "news_company": "\uc774\ub370\uc77c\ub9ac", "title": "[\ud3ec\ud1a0] \ubc15\uacb0 '\ud544\ub4dc \uc704 \uc778\ud615\ubbf8\uc18c'", "headline": "[\ud3ec\ud1a0] \ubc15\uacb0 '\ud544\ub4dc \uc704 \uc778\ud615\ubbf8\uc18c'", "date_str": "2018.10.28. \uc624\ud6c4 2:08", "writer": null, "section": null, "original_article_link": null, "article_body": "\n\n\n\n\n[\uc774\ub370\uc77c\ub9ac \uace8\ud504in \uc11c\uadc0\ud3ec(\uc81c\uc8fc)=\ubc15\ud0dc\uc131\uae30\uc790] 28\uc77c \uc81c\uc8fc \uc11c\uadc0\ud3ec\uc2dc\uc5d0 \uc704\uce58\ud55c \ud540\ud06c\uc2a4 \uace8\ud504\ud074\ub7fd(\ud30c72/6,643\uc57c\ub4dc)\uc5d0\uc11c 2018 KLPGA\ud22c\uc5b4 \uc2a4\ubb3c\uc77c\uacf1 \ubc88\uc9f8 \ub300\ud68c\uc778 'SK\ub124\ud2b8\uc6cd\uc2a4\u318d\uc11c\uc6b8\uacbd\uc81c \ub808\uc774\ub514\uc2a4 \ud074\ub798\uc2dd(\ucd1d\uc0c1\uae08 8\uc5b5 \uc6d0, \uc6b0\uc2b9\uc0c1\uae08 1\uc5b56\ucc9c\ub9cc \uc6d0)' \ucd5c\uc885\ub77c\uc6b4\ub4dc\uac00 \uc5f4\ub9b0\uac00\uc6b4\ub370,\ubc15\uacb0(22.\uc0bc\uc77c\uc81c\uc57d)\uc774 1\ubc88\ud640 \uadf8\ub9b0\uc73c\ub85c \uc774\ub3d9\ud558\uace0 \uc788\ub2e4.\ubc15\ud0dc\uc131 (photosketch@edaily.co.kr)\u2018\uc774\ub370\uc77c\ub9ac\u2019 \ucc44\ub110 \uad6c\ub3c5\ud558\uace0~ '\uac24\ub7ed\uc2dc \uc6cc\uce58' [\ubc1b\uc544\uac00\uc138\uc694\u25b6]\ube61\uce68\ud574\uc18c! \uccad\ucd98\ub258\uc6b0\uc2a4~ [\uc2a4\ub0c5\ud0c0\uc784\u25b6]\uc2a4\ub0c5\ud0c0\uc784 \uc88b\uc544\uc694 \ud558\uace0 \uc2a4\ubc85 \ucee4\ud53c [\ub9c8\uc2dc\ub7ec \uac00\uae30\u25b6]\uff1c\u24d2\ud568\uaed8 \ub9cc\ub4e4\uace0 \ud568\uaed8 \uc990\uae30\ub294 \uc5d4\ud130\ud14c\uc778\uba3c\ud2b8 \ud3ec\ud138 \uc2a4\ud0c0in - \ubb34\ub2e8\uc804\uc7ac & \uc7ac\ubc30\ud3ec \uae08\uc9c0\uff1e\n"}, {"market": "kospi", "sid": "000520", "codename": "\uc0bc\uc77c\uc81c\uc57d", "year": 2018, "month": 10, "article_url": "https://n.news.naver.com/sports/golf/article/018/0004236955", "news_company": "\uc774\ub370\uc77c\ub9ac", "title": "[\ud3ec\ud1a0] \ubc15\uacb0 '\uc5ed\uc804 \uc6b0\uc2b9 \uc55e\uc73c\ub85c \uac00\uc988\uc544'", "headline": "[\ud3ec\ud1a0] \ubc15\uacb0 '\uc5ed\uc804 \uc6b0\uc2b9 \uc55e\uc73c\ub85c \uac00\uc988\uc544'", "date_str": "2018.10.28. \uc624\ud6c4 2:08", "writer": null, "section": null, "original_article_link": null, "article_body": "\n\n\n\n\n[\uc774\ub370\uc77c\ub9ac \uace8\ud504in \uc11c\uadc0\ud3ec(\uc81c\uc8fc)=\ubc15\ud0dc\uc131\uae30\uc790] 28\uc77c \uc81c\uc8fc \uc11c\uadc0\ud3ec\uc2dc\uc5d0 \uc704\uce58\ud55c \ud540\ud06c\uc2a4 \uace8\ud504\ud074\ub7fd(\ud30c72/6,643\uc57c\ub4dc)\uc5d0\uc11c 2018 KLPGA\ud22c\uc5b4 \uc2a4\ubb3c\uc77c\uacf1 \ubc88\uc9f8 \ub300\ud68c\uc778 'SK\ub124\ud2b8\uc6cd\uc2a4\u318d\uc11c\uc6b8\uacbd\uc81c \ub808\uc774\ub514\uc2a4 \ud074\ub798\uc2dd(\ucd1d\uc0c1\uae08 8\uc5b5 \uc6d0, \uc6b0\uc2b9\uc0c1\uae08 1\uc5b56\ucc9c\ub9cc \uc6d0)' \ucd5c\uc885\ub77c\uc6b4\ub4dc\uac00 \uc5f4\ub9b0\uac00\uc6b4\ub370,\ubc15\uacb0(22.\uc0bc\uc77c\uc81c\uc57d)\uc774 1\ubc88\ud640 \uadf8\ub9b0\uc5d0\uc11c \ud37c\ud305 \ub77c\uc778\uc744 \uc0b4\ud53c\uace0 \uc788\ub2e4.\ubc15\ud0dc\uc131 (photosketch@edaily.co.kr)\u2018\uc774\ub370\uc77c\ub9ac\u2019 \ucc44\ub110 \uad6c\ub3c5\ud558\uace0~ '\uac24\ub7ed\uc2dc \uc6cc\uce58' [\ubc1b\uc544\uac00\uc138\uc694\u25b6]\ube61\uce68\ud574\uc18c! \uccad\ucd98\ub258\uc6b0\uc2a4~ [\uc2a4\ub0c5\ud0c0\uc784\u25b6]\uc2a4\ub0c5\ud0c0\uc784 \uc88b\uc544\uc694 \ud558\uace0 \uc2a4\ubc85 \ucee4\ud53c [\ub9c8\uc2dc\ub7ec \uac00\uae30\u25b6]\uff1c\u24d2\ud568\uaed8 \ub9cc\ub4e4\uace0 \ud568\uaed8 \uc990\uae30\ub294 \uc5d4\ud130\ud14c\uc778\uba3c\ud2b8 \ud3ec\ud138 \uc2a4\ud0c0in - \ubb34\ub2e8\uc804\uc7ac & \uc7ac\ubc30\ud3ec \uae08\uc9c0\uff1e\n"}, {"market": "kospi", "sid": "000520", "codename": "\uc0bc\uc77c\uc81c\uc57d", "year": 2018, "month": 10, "article_url": "https://n.news.naver.com/sports/golf/article/311/0000914474", "news_company": "\uc5d1\uc2a4\ud3ec\uce20\ub274\uc2a4", "title": "\ubc15\uacb0 '\ub208\ubd80\uc2e0 \ud2f0\uc0f7'[\ud3ec\ud1a0]", "headline": "\ubc15\uacb0 '\ub208\ubd80\uc2e0 \ud2f0\uc0f7'[\ud3ec\ud1a0]", "date_str": "2018.10.28. \uc624\ud6c4 2:08", "writer": null, "section": null, "original_article_link": null, "article_body": "\n\n\n\n\n\u200b\u200b\u200b[\uc5d1\uc2a4\ud3ec\uce20\ub274\uc2a4 \uc81c\uc8fc, \uc11c\uc608\uc9c4 \uae30\uc790] 28\uc77c \uc81c\uc8fc \uc11c\uadc0\ud3ec\uc2dc \ud540\ud06c\uc2a4 \uace8\ud504\ud074\ub7fd(\ud30c72. 6,643\uc57c\ub4dc)\uc5d0\uc11c \uc5f4\ub9b0 2018\uc2dc\uc98c KLPGA\ud22c\uc5b4 \uc2a4\ubb3c\uc77c\uacf1 \ubc88\uc9f8 \ub300\ud68c \u2018SK\ub124\ud2b8\uc6cd\uc2a4\u318d\uc11c\uc6b8\uacbd\uc81c \ub808\uc774\ub514\uc2a4 \ud074\ub798\uc2dd\u2019(\ucd1d\uc0c1\uae08 8\uc5b5 \uc6d0, \uc6b0\uc2b9\uc0c1\uae08 1\uc5b56\ucc9c\ub9cc \uc6d0) \ucd5c\uc885 \ub77c\uc6b4\ub4dc \uacbd\uae30, \ubc15\uacb0(22.\uc0bc\uc77c\uc81c\uc57d)\uc774 1\ubc88\ud640 \ud2f0\uc0f7\uc744 \ub0a0\ub9ac\uace0 \uc788\ub2e4.yejin@xportsnews.com\u25b6 \uc544\uc774\ub3cc \ud32c\uc774\ub77c\uba74... [\uc5d1\uc2a4\ud3ec\uce20\ub274\uc2a4 \ub124\uc774\ubc84TV] \u25b6 \uc5f0\uc608\uacc4 \ud56b\uc774\uc288 \ubaa8\uc74c [\uc774\uc288\ud038] - Copyrights\u24d2\uc5d1\uc2a4\ud3ec\uce20\ub274\uc2a4(http://www.xportsnews.com) \ubb34\ub2e8 \uc804\uc7ac \ubc0f \uc7ac\ubc30\ud3ec \uae08\uc9c0\n"}, {"market": "kospi", "sid": "000520", "codename": "\uc0bc\uc77c\uc81c\uc57d", "year": 2018, "month": 10, "article_url": "https://n.news.naver.com/sports/golf/article/018/0004236950", "news_company": "\uc774\ub370\uc77c\ub9ac", "title": "[\ud3ec\ud1a0] \ubc15\uacb0 '\uc0dd\uc560 \uccab \uc6b0\uc2b9\uc744 \ud5a5\ud574 \ucd9c\ubc1c'", "headline": "[\ud3ec\ud1a0] \ubc15\uacb0 '\uc0dd\uc560 \uccab \uc6b0\uc2b9\uc744 \ud5a5\ud574 \ucd9c\ubc1c'", "date_str": "2018.10.28. \uc624\ud6c4 2:04", "writer": null, "section": null, "original_article_link": null, "article_body": "\n\n\n\n\n[\uc774\ub370\uc77c\ub9ac \uace8\ud504in \uc11c\uadc0\ud3ec(\uc81c\uc8fc)=\ubc15\ud0dc\uc131\uae30\uc790] 28\uc77c \uc81c\uc8fc \uc11c\uadc0\ud3ec\uc2dc\uc5d0 \uc704\uce58\ud55c \ud540\ud06c\uc2a4 \uace8\ud504\ud074\ub7fd(\ud30c72/6,643\uc57c\ub4dc)\uc5d0\uc11c 2018 KLPGA\ud22c\uc5b4 \uc2a4\ubb3c\uc77c\uacf1 \ubc88\uc9f8 \ub300\ud68c\uc778 'SK\ub124\ud2b8\uc6cd\uc2a4\u318d\uc11c\uc6b8\uacbd\uc81c \ub808\uc774\ub514\uc2a4 \ud074\ub798\uc2dd(\ucd1d\uc0c1\uae08 8\uc5b5 \uc6d0, \uc6b0\uc2b9\uc0c1\uae08 1\uc5b56\ucc9c\ub9cc \uc6d0)' \ucd5c\uc885\ub77c\uc6b4\ub4dc\uac00 \uc5f4\ub9b0\uac00\uc6b4\ub370,\ubc15\uacb0(22.\uc0bc\uc77c\uc81c\uc57d)\uc774 1\ubc88\ud640 \ud398\uc5b4\uc6e8\uc774\ub85c \uc774\ub3d9\ud558\uace0 \uc788\ub2e4.\ubc15\ud0dc\uc131 (photosketch@edaily.co.kr)\u2018\uc774\ub370\uc77c\ub9ac\u2019 \ucc44\ub110 \uad6c\ub3c5\ud558\uace0~ '\uac24\ub7ed\uc2dc \uc6cc\uce58' [\ubc1b\uc544\uac00\uc138\uc694\u25b6]\ube61\uce68\ud574\uc18c! \uccad\ucd98\ub258\uc6b0\uc2a4~ [\uc2a4\ub0c5\ud0c0\uc784\u25b6]\uc2a4\ub0c5\ud0c0\uc784 \uc88b\uc544\uc694 \ud558\uace0 \uc2a4\ubc85 \ucee4\ud53c [\ub9c8\uc2dc\ub7ec \uac00\uae30\u25b6]\uff1c\u24d2\ud568\uaed8 \ub9cc\ub4e4\uace0 \ud568\uaed8 \uc990\uae30\ub294 \uc5d4\ud130\ud14c\uc778\uba3c\ud2b8 \ud3ec\ud138 \uc2a4\ud0c0in - \ubb34\ub2e8\uc804\uc7ac & \uc7ac\ubc30\ud3ec \uae08\uc9c0\uff1e\n"}, {"market": "kospi", "sid": "000520", "codename": "\uc0bc\uc77c\uc81c\uc57d", "year": 2018, "month": 10, "article_url": "https://n.news.naver.com/sports/golf/article/018/0004236949", "news_company": "\uc774\ub370\uc77c\ub9ac", "title": "[\ud3ec\ud1a0] \ubc15\uacb0 '\uc624\ub298 \ub178\ubcf4\uae30 5\uac1c \ubc84\ub514\ub85c \uc5ed\uc804 \uc6b0\uc2b9 \ub178\ub824\uc694'", "headline": "[\ud3ec\ud1a0] \ubc15\uacb0 '\uc624\ub298 \ub178\ubcf4\uae30 5\uac1c \ubc84\ub514\ub85c \uc5ed\uc804 \uc6b0\uc2b9 \ub178\ub824\uc694'", "date_str": "2018.10.28. \uc624\ud6c4 2:04", "writer": null, "section": null, "original_article_link": null, "article_body": "\n\n\n\n\n[\uc774\ub370\uc77c\ub9ac \uace8\ud504in \uc11c\uadc0\ud3ec(\uc81c\uc8fc)=\ubc15\ud0dc\uc131\uae30\uc790] 28\uc77c \uc81c\uc8fc \uc11c\uadc0\ud3ec\uc2dc\uc5d0 \uc704\uce58\ud55c \ud540\ud06c\uc2a4 \uace8\ud504\ud074\ub7fd(\ud30c72/6,643\uc57c\ub4dc)\uc5d0\uc11c 2018 KLPGA\ud22c\uc5b4 \uc2a4\ubb3c\uc77c\uacf1 \ubc88\uc9f8 \ub300\ud68c\uc778 'SK\ub124\ud2b8\uc6cd\uc2a4\u318d\uc11c\uc6b8\uacbd\uc81c \ub808\uc774\ub514\uc2a4 \ud074\ub798\uc2dd(\ucd1d\uc0c1\uae08 8\uc5b5 \uc6d0, \uc6b0\uc2b9\uc0c1\uae08 1\uc5b56\ucc9c\ub9cc \uc6d0)' \ucd5c\uc885\ub77c\uc6b4\ub4dc\uac00 \uc5f4\ub9b0\uac00\uc6b4\ub370,\ubc15\uacb0(22.\uc0bc\uc77c\uc81c\uc57d)\uc774 1\ubc88\ud640 \ud398\uc5b4\uc6e8\uc774\ub85c \uc774\ub3d9\ud558\uace0 \uc788\ub2e4.\ubc15\ud0dc\uc131 (photosketch@edaily.co.kr)\u2018\uc774\ub370\uc77c\ub9ac\u2019 \ucc44\ub110 \uad6c\ub3c5\ud558\uace0~ '\uac24\ub7ed\uc2dc \uc6cc\uce58' [\ubc1b\uc544\uac00\uc138\uc694\u25b6]\ube61\uce68\ud574\uc18c! \uccad\ucd98\ub258\uc6b0\uc2a4~ [\uc2a4\ub0c5\ud0c0\uc784\u25b6]\uc2a4\ub0c5\ud0c0\uc784 \uc88b\uc544\uc694 \ud558\uace0 \uc2a4\ubc85 \ucee4\ud53c [\ub9c8\uc2dc\ub7ec \uac00\uae30\u25b6]\uff1c\u24d2\ud568\uaed8 \ub9cc\ub4e4\uace0 \ud568\uaed8 \uc990\uae30\ub294 \uc5d4\ud130\ud14c\uc778\uba3c\ud2b8 \ud3ec\ud138 \uc2a4\ud0c0in - \ubb34\ub2e8\uc804\uc7ac & \uc7ac\ubc30\ud3ec \uae08\uc9c0\uff1e\n"}, {"market": "kospi", "sid": "000520", "codename": "\uc0bc\uc77c\uc81c\uc57d", "year": 2018, "month": 10, "article_url": "https://n.news.naver.com/sports/golf/article/018/0004236948", "news_company": "\uc774\ub370\uc77c\ub9ac", "title": "[\ud3ec\ud1a0] \ubc15\uacb0 '\ub9c8\uc9c0\ub9c9 \uc5ed\uc804 \uc6b0\uc2b9\uc744 \ud5a5\ud574 \ub0a0\ub9ac\ub294 \ud2f0\uc0f7'", "headline": "[\ud3ec\ud1a0] \ubc15\uacb0 '\ub9c8\uc9c0\ub9c9 \uc5ed\uc804 \uc6b0\uc2b9\uc744 \ud5a5\ud574 \ub0a0\ub9ac\ub294 \ud2f0\uc0f7'", "date_str": "2018.10.28. \uc624\ud6c4 2:04", "writer": null, "section": null, "original_article_link": null, "article_body": "\n\n\n\n\n[\uc774\ub370\uc77c\ub9ac \uace8\ud504in \uc11c\uadc0\ud3ec(\uc81c\uc8fc)=\ubc15\ud0dc\uc131\uae30\uc790] 28\uc77c \uc81c\uc8fc \uc11c\uadc0\ud3ec\uc2dc\uc5d0 \uc704\uce58\ud55c \ud540\ud06c\uc2a4 \uace8\ud504\ud074\ub7fd(\ud30c72/6,643\uc57c\ub4dc)\uc5d0\uc11c 2018 KLPGA\ud22c\uc5b4 \uc2a4\ubb3c\uc77c\uacf1 \ubc88\uc9f8 \ub300\ud68c\uc778 'SK\ub124\ud2b8\uc6cd\uc2a4\u318d\uc11c\uc6b8\uacbd\uc81c \ub808\uc774\ub514\uc2a4 \ud074\ub798\uc2dd(\ucd1d\uc0c1\uae08 8\uc5b5 \uc6d0, \uc6b0\uc2b9\uc0c1\uae08 1\uc5b56\ucc9c\ub9cc \uc6d0)' \ucd5c\uc885\ub77c\uc6b4\ub4dc\uac00 \uc5f4\ub9b0\uac00\uc6b4\ub370,\ubc15\uacb0(22.\uc0bc\uc77c\uc81c\uc57d)\uc774 1\ubc88\ud640 \uac15\ud55c \ub4dc\ub77c\uc774\ube0c \ud2f0\uc0f7\uc744 \ub0a0\ub9ac\uace0 \uc788\ub2e4.\ubc15\ud0dc\uc131 (photosketch@edaily.co.kr)\u2018\uc774\ub370\uc77c\ub9ac\u2019 \ucc44\ub110 \uad6c\ub3c5\ud558\uace0~ '\uac24\ub7ed\uc2dc \uc6cc\uce58' [\ubc1b\uc544\uac00\uc138\uc694\u25b6]\ube61\uce68\ud574\uc18c! \uccad\ucd98\ub258\uc6b0\uc2a4~ [\uc2a4\ub0c5\ud0c0\uc784\u25b6]\uc2a4\ub0c5\ud0c0\uc784 \uc88b\uc544\uc694 \ud558\uace0 \uc2a4\ubc85 \ucee4\ud53c [\ub9c8\uc2dc\ub7ec \uac00\uae30\u25b6]\uff1c\u24d2\ud568\uaed8 \ub9cc\ub4e4\uace0 \ud568\uaed8 \uc990\uae30\ub294 \uc5d4\ud130\ud14c\uc778\uba3c\ud2b8 \ud3ec\ud138 \uc2a4\ud0c0in - \ubb34\ub2e8\uc804\uc7ac & \uc7ac\ubc30\ud3ec \uae08\uc9c0\uff1e\n"}, {"market": "kospi", "sid": "000520", "codename": "\uc0bc\uc77c\uc81c\uc57d", "year": 2018, "month": 10, "article_url": "https://n.news.naver.com/sports/golf/article/018/0004236947", "news_company": "\uc774\ub370\uc77c\ub9ac", "title": "[\ud3ec\ud1a0] \ube75\ud130\uc9c4 \ubc15\uacb0 '(\uae40)\uc9c0\ud604 \uc5b8\ub2c8 \ub108\ubb34 \uc6c3\uaca8\uc694'", "headline": "[\ud3ec\ud1a0] \ube75\ud130\uc9c4 \ubc15\uacb0 '(\uae40)\uc9c0\ud604 \uc5b8\ub2c8 \ub108\ubb34 \uc6c3\uaca8\uc694'", "date_str": "2018.10.28. \uc624\ud6c4 2:02", "writer": null, "section": null, "original_article_link": null, "article_body": "\n\n\n\n\n[\uc774\ub370\uc77c\ub9ac \uace8\ud504in \uc11c\uadc0\ud3ec(\uc81c\uc8fc)=\ubc15\ud0dc\uc131\uae30\uc790] 28\uc77c \uc81c\uc8fc \uc11c\uadc0\ud3ec\uc2dc\uc5d0 \uc704\uce58\ud55c \ud540\ud06c\uc2a4 \uace8\ud504\ud074\ub7fd(\ud30c72/6,643\uc57c\ub4dc)\uc5d0\uc11c 2018 KLPGA\ud22c\uc5b4 \uc2a4\ubb3c\uc77c\uacf1 \ubc88\uc9f8 \ub300\ud68c\uc778 'SK\ub124\ud2b8\uc6cd\uc2a4\u318d\uc11c\uc6b8\uacbd\uc81c \ub808\uc774\ub514\uc2a4 \ud074\ub798\uc2dd(\ucd1d\uc0c1\uae08 8\uc5b5 \uc6d0, \uc6b0\uc2b9\uc0c1\uae08 1\uc5b56\ucc9c\ub9cc \uc6d0)' \ucd5c\uc885\ub77c\uc6b4\ub4dc\uac00 \uc5f4\ub9b0\uac00\uc6b4\ub370,\ubc15\uacb0(22.\uc0bc\uc77c\uc81c\uc57d)\uc774 1\ubc88\ud640 \ud2f0\uc0f7 \uc804 \uc2a4\ud2b8\ub808\uce6d\uc744 \ud558\uace0 \uc788\ub2e4.\ubc15\ud0dc\uc131 (photosketch@edaily.co.kr)\u2018\uc774\ub370\uc77c\ub9ac\u2019 \ucc44\ub110 \uad6c\ub3c5\ud558\uace0~ '\uac24\ub7ed\uc2dc \uc6cc\uce58' [\ubc1b\uc544\uac00\uc138\uc694\u25b6]\ube61\uce68\ud574\uc18c! \uccad\ucd98\ub258\uc6b0\uc2a4~ [\uc2a4\ub0c5\ud0c0\uc784\u25b6]\uc2a4\ub0c5\ud0c0\uc784 \uc88b\uc544\uc694 \ud558\uace0 \uc2a4\ubc85 \ucee4\ud53c [\ub9c8\uc2dc\ub7ec \uac00\uae30\u25b6]\uff1c\u24d2\ud568\uaed8 \ub9cc\ub4e4\uace0 \ud568\uaed8 \uc990\uae30\ub294 \uc5d4\ud130\ud14c\uc778\uba3c\ud2b8 \ud3ec\ud138 \uc2a4\ud0c0in - \ubb34\ub2e8\uc804\uc7ac & \uc7ac\ubc30\ud3ec \uae08\uc9c0\uff1e\n"}, {"market": "kospi", "sid": "000520", "codename": "\uc0bc\uc77c\uc81c\uc57d", "year": 2018, "month": 10, "article_url": "https://n.news.naver.com/sports/golf/article/018/0004236945", "news_company": "\uc774\ub370\uc77c\ub9ac", "title": "[\ud3ec\ud1a0] \ubc15\uacb0 '\ucd9c\ubc1c \uc804 \uc2a4\ud2b8\ub808\uce6d\uc740 \ud544\uc218'", "headline": "[\ud3ec\ud1a0] \ubc15\uacb0 '\ucd9c\ubc1c \uc804 \uc2a4\ud2b8\ub808\uce6d\uc740 \ud544\uc218'", "date_str": "2018.10.28. \uc624\ud6c4 2:02", "writer": null, "section": null, "original_article_link": null, "article_body": "\n\n\n\n\n[\uc774\ub370\uc77c\ub9ac \uace8\ud504in \uc11c\uadc0\ud3ec(\uc81c\uc8fc)=\ubc15\ud0dc\uc131\uae30\uc790] 28\uc77c \uc81c\uc8fc \uc11c\uadc0\ud3ec\uc2dc\uc5d0 \uc704\uce58\ud55c \ud540\ud06c\uc2a4 \uace8\ud504\ud074\ub7fd(\ud30c72/6,643\uc57c\ub4dc)\uc5d0\uc11c 2018 KLPGA\ud22c\uc5b4 \uc2a4\ubb3c\uc77c\uacf1 \ubc88\uc9f8 \ub300\ud68c\uc778 'SK\ub124\ud2b8\uc6cd\uc2a4\u318d\uc11c\uc6b8\uacbd\uc81c \ub808\uc774\ub514\uc2a4 \ud074\ub798\uc2dd(\ucd1d\uc0c1\uae08 8\uc5b5 \uc6d0, \uc6b0\uc2b9\uc0c1\uae08 1\uc5b56\ucc9c\ub9cc \uc6d0)' \ucd5c\uc885\ub77c\uc6b4\ub4dc\uac00 \uc5f4\ub9b0\uac00\uc6b4\ub370,\ubc15\uacb0(22.\uc0bc\uc77c\uc81c\uc57d)\uc774 1\ubc88\ud640 \ud2f0\uc0f7 \uc804 \uc2a4\ud2b8\ub808\uce6d\uc744 \ud558\uace0 \uc788\ub2e4.\ubc15\ud0dc\uc131 (photosketch@edaily.co.kr)\u2018\uc774\ub370\uc77c\ub9ac\u2019 \ucc44\ub110 \uad6c\ub3c5\ud558\uace0~ '\uac24\ub7ed\uc2dc \uc6cc\uce58' [\ubc1b\uc544\uac00\uc138\uc694\u25b6]\ube61\uce68\ud574\uc18c! \uccad\ucd98\ub258\uc6b0\uc2a4~ [\uc2a4\ub0c5\ud0c0\uc784\u25b6]\uc2a4\ub0c5\ud0c0\uc784 \uc88b\uc544\uc694 \ud558\uace0 \uc2a4\ubc85 \ucee4\ud53c [\ub9c8\uc2dc\ub7ec \uac00\uae30\u25b6]\uff1c\u24d2\ud568\uaed8 \ub9cc\ub4e4\uace0 \ud568\uaed8 \uc990\uae30\ub294 \uc5d4\ud130\ud14c\uc778\uba3c\ud2b8 \ud3ec\ud138 \uc2a4\ud0c0in - \ubb34\ub2e8\uc804\uc7ac & \uc7ac\ubc30\ud3ec \uae08\uc9c0\uff1e\n"}, {"market": "kospi", "sid": "000520", "codename": "\uc0bc\uc77c\uc81c\uc57d", "year": 2018, "month": 10, "article_url": "http://mstoo.asiae.co.kr/view.htm?no=2018102718503758844", "news_company": "\uc2a4\ud3ec\uce20\ud22c\ub370\uc774", "title": "'\ub9ac\ub4ec\uccb4\uc870 \uc694\uc815' \uc190\uc5f0\uc7ac, \uc9c1\uc811 \uae30\ud68d\ud55c '\ub9c8\uc2a4\ud130 \ud074\ub798\uc2a4' \uc120\ubcf4\uc5ec", "headline": null, "date_str": null, "writer": null, "section": null, "original_article_link": null, "article_body": null}, {"market": "kospi", "sid": "000520", "codename": "\uc0bc\uc77c\uc81c\uc57d", "year": 2018, "month": 10, "article_url": "https://n.news.naver.com/sports/golf/article/018/0004236945", "news_company": "\uc774\ub370\uc77c\ub9ac", "title": "[\ud3ec\ud1a0] \ubc15\uacb0 '\ucd9c\ubc1c \uc804 \uc2a4\ud2b8\ub808\uce6d\uc740 \ud544\uc218'", "headline": "[\ud3ec\ud1a0] \ubc15\uacb0 '\ucd9c\ubc1c \uc804 \uc2a4\ud2b8\ub808\uce6d\uc740 \ud544\uc218'", "date_str": "2018.10.28. \uc624\ud6c4 2:02", "writer": null, "section": null, "original_article_link": null, "article_body": "\n\n\n\n\n[\uc774\ub370\uc77c\ub9ac \uace8\ud504in \uc11c\uadc0\ud3ec(\uc81c\uc8fc)=\ubc15\ud0dc\uc131\uae30\uc790] 28\uc77c \uc81c\uc8fc \uc11c\uadc0\ud3ec\uc2dc\uc5d0 \uc704\uce58\ud55c \ud540\ud06c\uc2a4 \uace8\ud504\ud074\ub7fd(\ud30c72/6,643\uc57c\ub4dc)\uc5d0\uc11c 2018 KLPGA\ud22c\uc5b4 \uc2a4\ubb3c\uc77c\uacf1 \ubc88\uc9f8 \ub300\ud68c\uc778 'SK\ub124\ud2b8\uc6cd\uc2a4\u318d\uc11c\uc6b8\uacbd\uc81c \ub808\uc774\ub514\uc2a4 \ud074\ub798\uc2dd(\ucd1d\uc0c1\uae08 8\uc5b5 \uc6d0, \uc6b0\uc2b9\uc0c1\uae08 1\uc5b56\ucc9c\ub9cc \uc6d0)' \ucd5c\uc885\ub77c\uc6b4\ub4dc\uac00 \uc5f4\ub9b0\uac00\uc6b4\ub370,\ubc15\uacb0(22.\uc0bc\uc77c\uc81c\uc57d)\uc774 1\ubc88\ud640 \ud2f0\uc0f7 \uc804 \uc2a4\ud2b8\ub808\uce6d\uc744 \ud558\uace0 \uc788\ub2e4.\ubc15\ud0dc\uc131 (photosketch@edaily.co.kr)\u2018\uc774\ub370\uc77c\ub9ac\u2019 \ucc44\ub110 \uad6c\ub3c5\ud558\uace0~ '\uac24\ub7ed\uc2dc \uc6cc\uce58' [\ubc1b\uc544\uac00\uc138\uc694\u25b6]\ube61\uce68\ud574\uc18c! \uccad\ucd98\ub258\uc6b0\uc2a4~ [\uc2a4\ub0c5\ud0c0\uc784\u25b6]\uc2a4\ub0c5\ud0c0\uc784 \uc88b\uc544\uc694 \ud558\uace0 \uc2a4\ubc85 \ucee4\ud53c [\ub9c8\uc2dc\ub7ec \uac00\uae30\u25b6]\uff1c\u24d2\ud568\uaed8 \ub9cc\ub4e4\uace0 \ud568\uaed8 \uc990\uae30\ub294 \uc5d4\ud130\ud14c\uc778\uba3c\ud2b8 \ud3ec\ud138 \uc2a4\ud0c0in - \ubb34\ub2e8\uc804\uc7ac & \uc7ac\ubc30\ud3ec \uae08\uc9c0\uff1e\n"}, {"market": "kospi", "sid": "000520", "codename": "\uc0bc\uc77c\uc81c\uc57d", "year": 2018, "month": 10, "article_url": "http://mstoo.asiae.co.kr/view.htm?no=2018102718503758844", "news_company": "\uc2a4\ud3ec\uce20\ud22c\ub370\uc774", "title": "'\ub9ac\ub4ec\uccb4\uc870 \uc694\uc815' \uc190\uc5f0\uc7ac, \uc9c1\uc811 \uae30\ud68d\ud55c '\ub9c8\uc2a4\ud130 \ud074\ub798\uc2a4' \uc120\ubcf4\uc5ec", "headline": null, "date_str": null, "writer": null, "section": null, "original_article_link": null, "article_body": null}]}