{"data": [{"market": "kospi", "sid": "000640", "codename": "\ub3d9\uc544\uc3d8\uc2dc\uc624\ud640\ub529\uc2a4", "year": 2022, "month": 5, "article_url": "http://www.kbmaeil.com/news/articleView.html?idxno=928089", "news_company": "\uacbd\ubd81\ub9e4\uc77c\uc2e0\ubb38", "title": "\ub3d9\uc544\uc3d8\uc2dc\uc624\ud640\ub529\uc2a4 \uc778\uc7ac\uac1c\ubc1c\uc6d0, \ubb34\uc120 \uc2a4\ud53c\ucee4 \uc9c0\uc6d0", "headline": null, "date_str": null, "writer": null, "section": null, "original_article_link": null, "article_body": null}, {"market": "kospi", "sid": "000640", "codename": "\ub3d9\uc544\uc3d8\uc2dc\uc624\ud640\ub529\uc2a4", "year": 2022, "month": 5, "article_url": "http://www.dkilbo.com/news/articleView.html?idxno=363890", "news_company": "\ub300\uacbd\uc77c\ubcf4", "title": "\ub3d9\uc544\uc3d8\uc2dc\uc624\ud640\ub529\uc2a4 \uc778\uc7ac\uac1c\ubc1c\uc6d0, \uc740\ucc99\uba74\uc5d0 \ub9c8\uc744\ubc29\uc1a1 \uc2a4\ud53c\ucee4 70\ub300 \uc124\uce58", "headline": null, "date_str": null, "writer": null, "section": null, "original_article_link": null, "article_body": null}, {"market": "kospi", "sid": "000640", "codename": "\ub3d9\uc544\uc3d8\uc2dc\uc624\ud640\ub529\uc2a4", "year": 2022, "month": 5, "article_url": "https://m.news.naver.com/read?mode=LSD&mid=sec&sid1=101&oid=009&aid=0004957756", "news_company": "\ub9e4\uc77c\uacbd\uc81c", "title": "10\uacf3\uc911 6\uacf3 \uae30\ub300\uc774\uc0c1 \uc2e4\uc801\u20262\ubd84\uae30\ub294 \uc548\uac2f\uc18d", "headline": "10\uacf3\uc911 6\uacf3 \uae30\ub300\uc774\uc0c1 \uc2e4\uc801\u20262\ubd84\uae30\ub294 \uc548\uac2f\uc18d", "date_str": "2022.05.01. \uc624\ud6c4 5:36", "writer": "\ucc28\ucc3d\ud76c \uae30\uc790", "section": "\uacbd\uc81c", "original_article_link": "http://news.mk.co.kr/newsRead.php?no=386319&year=2022", "article_body": "\n93\uac1c\uc0ac 1\ubd84\uae30 \uc2e4\uc801 \ubd84\uc11dLIG\ub125\uc2a4\uc6d0\u00b7LG\uc804\uc790\u2026IT\u00b7\ud558\ub4dc\uc6e8\uc5b4\u682a \uc601\uc5c5\uc775 \uc99d\uac00\ud310\ub9e4\uac00 \uc0c1\uc2b9\uacfc \uc7ac\uace0 \uae09\uac10\uc5d0\ud604\ub300\ucc28\u00b7\uae30\uc544\ub3c4 \uc774\uc775 \uac1c\uc120LG\ub514\uc2a4\ud50c\ub808\uc774 \ub4f1\uc740 \uae30\ub300\uc774\ud558\n\n\n\n \uc62c\ud574 1\ubd84\uae30 \uc2e4\uc801 \ubc1c\ud45c\uac00 \ubc18\ud658\uc810\uc744 \ub3c8 \uac00\uc6b4\ub370 \uc2e4\uc801 \ubc1c\ud45c \uae30\uc5c5 10\uacf3 \uc911 6\uacf3\uc774 \uc99d\uad8c\uc0ac\uc758 \uc601\uc5c5\uc774\uc775 \ucd94\uc815\uce58(\ucee8\uc13c\uc11c\uc2a4)\ub97c \ub118\uc5b4\uc11c\uba70 \ud638\uc2e4\uc801\uc744 \uae30\ub85d\ud55c \uac83\uc73c\ub85c \ub098\ud0c0\ub0ac\ub2e4. 1\uc77c \uae08\uc735\uc815\ubcf4 \uc5c5\uccb4 \uc5d0\ud504\uc564\uac00\uc774\ub4dc\uc5d0 \ub530\ub974\uba74 \uc9c0\ub09c\ub2ec \ub9d0 \uae30\uc900 \uc62c\ud574 1\ubd84\uae30 \uc2e4\uc801\uc744 \ubc1c\ud45c\ud55c \uc0c1\uc7a5\uc0ac \uc911 \uc99d\uad8c\uc0ac\uc758 \uc2e4\uc801 \ucd94\uc815\uce58\uac00 3\uacf3 \uc774\uc0c1 \uc788\ub294 93\uac1c \uc885\ubaa9\uc744 \ubd84\uc11d\ud55c \uacb0\uacfc 62%\uc778 58\uac1c \uc885\ubaa9\uc774 \uc804\ub9dd\uce58\ubcf4\ub2e4 \ub192\uc740 \uc2e4\uc801\uc744 \uc62c\ub838\ub2e4. 35\uac1c \uc885\ubaa9\uc740 \uc601\uc5c5\uc774\uc775\uc774 \ucd94\uc815\uce58 \ub300\ube44 \ub0ae\uc558\ub2e4.\ucd94\uc815\uce58\ub97c \uac00\uc7a5 \ud06c\uac8c \uc6c3\ub3c8 \uc885\ubaa9\uc740 LIG\ub125\uc2a4\uc6d0\uc73c\ub85c \ubb34\ub824 112.7%\ub098 \ub192\uc558\ub2e4. \uace0\ub9c8\uc9c4 \uc81c\ud488\uc758 \uc218\ucd9c \ube44\uc911 \ud655\ub300\uc640 \uc6d0\uac00 \uac10\uc18c\uc5d0 \ub530\ub978 \uc601\uc5c5\uc774\uc775\ub960 \uac1c\uc120\uc774 \uc8fc\ud6a8\ud588\ub2e4\ub294 \ubd84\uc11d\uc774\ub2e4. \ub7ec\uc2dc\uc544\uc758 \uc6b0\ud06c\ub77c\uc774\ub098 \uce68\uacf5\uc73c\ub85c \uc778\ud574 \uc138\uacc4 \uad70\ube44 \uacbd\uc7c1\uc774 \uc9c4\ud589\ub418\ub294 \uc810 \ub610\ud55c \ud638\uc7ac\ub2e4.\uadf8 \ubc16\uc5d0 \uc774\uc775 \uc131\uc7a5\uc138\uac00 \ub450\ub4dc\ub7ec\uc9c4 \uc885\ubaa9\ub4e4\uc744 \ubcf4\uba74 \ud574\uc131\ub514\uc5d0\uc2a4(61.6%), LG\uc804\uc790(38.7%), LX\uc138\ubbf8\ucf58(33.8%) \ub4f1 \uafb8\uc900\ud55c \uc804\ubc29\uc0b0\uc5c5 \uc218\uc694\uc758 \uc218\ud61c\ub97c \uc785\uc740 \uc815\ubcf4\uae30\uc220(IT) \ubc0f \ud558\ub4dc\uc6e8\uc5b4 \uc885\ubaa9\ub4e4\uc774 \ub9ce\uc558\ub2e4. \ud310\ub9e4\ub2e8\uac00 \uc0c1\uc2b9\uacfc \ub354\ubd88\uc5b4 \uc7ac\uace0\uac00 \uae09\uac10\ud558\uba74\uc11c \uae30\uc544(27.6%), \ud604\ub300\ucc28(17%) \uc790\ub3d9\ucc28\uc8fc\uc758 \uc774\uc775 \uac1c\uc120\ub3c4 \ub450\ub4dc\ub7ec\uc84c\ub2e4. \ud2b8\ub808\uc774\ub529 \ubb3c\ub7c9 \uc99d\uac00\uc640 \uc6d0\uc790\uc7ac \uac00\uaca9 \uc778\ud50c\ub808\uc774\uc158 \ud750\ub984\uc5d0 \ud798\uc785\uc5b4 \uc0bc\uc131\ubb3c\uc0b0(54.1%), \ud3ec\uc2a4\ucf54\uc778\ud130\ub0b4\uc154\ub110(35.6%), LX\uc778\ud130\ub0b4\uc154\ub110(22.5%) \ub4f1 \uc0c1\uc0ac\u00b7\ubb34\uc5ed\uc5c5\uc885 \ub610\ud55c \uc774\uc775 \uc131\uc7a5\uc744 \ub204\ub838\ub2e4. \uadf8 \uc678\uc5d0\ub3c4 \ubcf4\ud5d8, \uc740\ud589\uacfc \uac19\uc740 \uae08\ub9ac \uc0c1\uc2b9 \uc218\ud61c \uc5c5\uc885\ub3c4 \uc774\uc775\uc774 \uae0d\uc815\uc801\uc774\ub2e4.\ubc18\uba74 LG\ub514\uc2a4\ud50c\ub808\uc774\ub294 \uc774\uc775\uc774 \ucd94\uc815\uce58 \ub300\ube44 78.5%\ub098 \ub0ae\uc558\ub2e4. \uc561\uc815\ud45c\uc2dc\uc7a5\uce58(LCD) \ud328\ub110 \uac00\uaca9 \ud558\ub77d\uacfc \ub354\ubd88\uc5b4 TV\uc6a9 \uc720\uae30\ubc1c\uad11\ub2e4\uc774\uc624\ub4dc(OLED) \ud328\ub110 \ucd9c\ud558\ub7c9\uc774 \uac10\uc18c\ud55c \uc810\uc774 \uc601\ud5a5\uc744 \ubbf8\ucce4\ub2e4. \uc720\ud55c\uc591\ud589(-65.3%), SK\ubc14\uc774\uc624\uc0ac\uc774\uc5b8\uc2a4(-55.7%), \ud55c\uc0d8(-41.2%), \ud638\ud154\uc2e0\ub77c(-35.2%), \ud55c\ud654\uc2dc\uc2a4\ud15c(-26.7%) \ub4f1\ub3c4 \uc2dc\uc7a5 \uc804\ub9dd\uc744 \ub118\uc5b4\uc11c\uc9c0 \ubabb\ud588\ub2e4. \ub124\uc774\ubc84\uc640 SK\ud558\uc774\ub2c9\uc2a4\ub294 \ucd94\uc815\uce58 \ub300\ube44 \uac01\uac01 11.7%, 6.2% \ub0ae\uc558\ub2e4.\uc62c\ud574 1\ubd84\uae30 \ud638\uc2e4\uc801\uc744 \uae30\ub85d\ud55c \uae30\uc5c5\ub4e4\uc774 \uc801\uc9c0 \uc54a\uc9c0\ub9cc \ub2f9\uc7a5\uc758 \uc8fc\uac00\uc5d0 \ubbf8\uce58\ub294 \uc601\ud5a5\uc740 \ubbf8\ubbf8\ud55c \ubaa8\uc2b5\uc774\ub2e4. \uc8fc\uac00\ub294 \ubbf8\ub798 \uc804\ub9dd\uc744 \uc120\ubc18\uc601\ud558\ub294 \ub9cc\ud07c \ub2f9\uc7a5\uc758 \uc2e4\uc801\ubcf4\ub2e4\ub294 \ud5a5\ud6c4 \uc2e4\uc801 \uc804\ub9dd\uc774 \uc911\uc694\ud558\ub2e4\ub294 \uc9c0\uc801\uc774\ub2e4. \uc6d0\ud654 \uc57d\uc138\uc640 \uace0\uac15\ub3c4 \uae34\ucd95 \ub4f1 \ub300\uc678 \ubd88\ud655\uc2e4\uc131 \uc18d \ud5a5\ud6c4 \uc2e4\uc801 \ub454\ud654\uac00 \ubc1c\uc0dd\ud560 \uac83\uc744 \uc6b0\ub824\ud55c \ud22c\uc790\uc790\ub4e4\uc774 \ud638\uc2e4\uc801\uc5d0\ub3c4 \ubd88\uad6c\ud558\uace0 \uc8fc\uc2dd\uc744 \uc0ac\uc9c0 \uc54a\uc558\ub2e4\ub294 \ubd84\uc11d\uc774 \ub098\uc628\ub2e4. \ud2b9\ud788 \uc720\ub3d9\uc131 \uc7a5\uc138\uac00 \ub9c8\ubb34\ub9ac\ub428\uc5d0 \ub530\ub77c \uc2e4\uc81c \uc131\uc7a5\uc740 \uc5c6\uace0 \ubc38\ub958\uc5d0\uc774\uc158(\uae30\uc5c5\uac00\uce58)\ub9cc \ub192\uc740 \uc77c\ubd80 \uc885\ubaa9\ub4e4\uc740 \uc870\uc815\uc744 \uc774\uc5b4\uac08 \uac83\uc73c\ub85c \uc804\ub9dd\ub41c\ub2e4. \uae40\uad11\ud604 \uc720\uc548\ud0c0\uc99d\uad8c \uc5f0\uad6c\uc6d0\uc740 \"\ucd5c\uadfc \uc6d0\ud654\uac12 \uc57d\uc138\ub85c \uc678\uad6d\uc778 \ud22c\uc790\uc790\ub4e4\uc758 \ud658\ucc28\uc190 \uc6b0\ub824\uac00 \ucee4\uc9c4 \uc810\uc774 \uc5b4\ub2dd \uc11c\ud504\ub77c\uc774\uc988 \ub300\ube44 \uc8fc\uac00 \ubc18\uc751\uc774 \ubbf8\uc628\uc801\uc778 \uc774\uc720\"\ub77c\uace0 \uc124\uba85\ud588\ub2e4. \uae40 \uc5f0\uad6c\uc6d0\uc740 \uc774\uc5b4 \"\uacb0\uad6d \uc88b\uc740 \uc2e4\uc801\uc740 \uc8fc\uac00\uc5d0 \ubc18\uc601\ub41c\ub2e4\"\uba70 \"\ud380\ub354\uba58\ud138\uc5d0 \ubcf4\ub2e4 \ubbfc\uac10\ud558\uac8c \ubc18\uc751\ud558\ub294 \uc678\uad6d\uc778 \ud22c\uc790\uc790 \uc131\ud5a5\uc0c1 \uc2e4\uc801 \uac1c\uc120\uc138\ub97c \ubcf4\uc774\ub294 \uc885\ubaa9\ub4e4\uc740 \ub300\uc678 \ud658\uacbd \uac1c\uc120\uc73c\ub85c \uc678\uad6d\uc778 \ud22c\uc790\uc790 \uc218\uae09\uc774 \uc720\uc785\ub420 \ub54c \ubcf4\ub2e4 \ud070 \uc218\ud61c\ub97c \uc785\uc744 \uac83\"\uc774\ub77c\uace0 \ub367\ubd99\uc600\ub2e4. \uae08\uc735\ud22c\uc790\uc5c5\uacc4\uc5d0\uc11c\ub294 2~4\ubd84\uae30\ub85c \uac08\uc218\ub85d \uad6d\ub0b4 \uae30\uc5c5\ub4e4\uc758 \uc774\uc775 \ubaa8\uba58\ud140\uc774 \uc57d\ud574\uc9c8 \uac83\uc73c\ub85c \uc804\ub9dd\ud55c\ub2e4. \ud0a4\uc6c0\uc99d\uad8c\uc5d0 \ub530\ub974\uba74 \ucf54\uc2a4\ud53c200\uc5d0 \ud3ec\ud568\ub41c \uc885\ubaa9\ub4e4\uc758 2\ubd84\uae30 \uc774\uc775\uc870\uc815\ube44\uc728(\uc774\uc775 \uc804\ub9dd\uce58\ub97c \ub098\ud0c0\ub0b4\ub294 \uc9c0\ud45c)\uc740 -5.22%\ub2e4. \uc62c\ud574 \uc804\uccb4\ub85c \ubd10\ub3c4 \uc774\uc775\uc870\uc815\ube44\uc728\uc740 -4.56%\ub85c 2\ubd84\uae30 \uc774\ud6c4\uc5d0\ub3c4 \uc2e4\uc801 \ud0c4\ub825\uc740 \uc57d\ud574\uc9c8 \uac83\uc73c\ub85c \ubcf4\uc778\ub2e4.\ucd5c\uc7ac\uc6d0 \ud0a4\uc6c0\uc99d\uad8c \uc5f0\uad6c\uc6d0\uc740 \"\uc774\uc775 \uc804\ub9dd\uc758 \ud558\ubc29 \uc555\ub825\uc774 \ub192\uc740 \uc5c5\uc885\uc740 \uc99d\uad8c, \ud654\ud559, \ud638\ud154\u00b7\ub808\uc800, \uac74\uc124\u00b7\uac74\ucd95 \ub4f1\"\uc774\ub77c\uba70 \"5\uc6d4 \uc5f0\ubc29\uacf5\uac1c\uc2dc\uc7a5\uc704\uc6d0\ud68c(FOMC)\ub97c \uc55e\ub454 \uacbd\uacc4\uac10\uc744 \ube44\ub86f\ud574 \uc911\uad6d\uc758 \ubd09\uc1c4 \uc870\uce58 \ub4f1 \ub300\uc678 \ubaa8\uba58\ud140\uc774 \ubd80\uc7ac\ud55c \uc0c1\ud669\uc5d0\uc11c \uac1c\ubcc4 \uae30\uc5c5\ub4e4\uc758 \uc2e4\uc801\uc5d0 \ub300\ud55c \uc8fc\uac00 \ubc18\uc751\uc740 \ub354\uc6b1 \ubbfc\uac10\ud560 \uac83\uc73c\ub85c \uc804\ub9dd\ub41c\ub2e4\"\uace0 \ubc1d\ud614\ub2e4.\ub2e4\ub9cc \uae00\ub85c\ubc8c \uc778\ud50c\ub808\uc774\uc158 \ubd80\ub2f4\uc744 \uc81c\ud488 \uac00\uaca9\uc5d0 \uc804\uac00\ud560 \uc218 \uc788\ub294 \uc885\ubaa9\ub4e4\uc758 \uacbd\uc6b0 \ud5a5\ud6c4 \uc2e4\uc801 \uac1c\uc120\uc138\uac00 \ub450\ub4dc\ub7ec\uc9c8 \uc218 \uc788\ub2e4. \uc6d0\uac00 \uc0c1\uc2b9\uc744 \uc0c1\uc1c4 \uac00\ub2a5\ud560 \ub9cc\ud07c \uac00\uaca9\uc744 \uc62c\ub9ac\uac70\ub098 \uc218\ub7c9\uc744 \ub298\ub9b4 \uc218 \uc788\ub294 \uacbd\uc6b0\ub2e4. \ud558\uc774\ud22c\uc790\uc99d\uad8c\uc740 \uc774 \uac19\uc740 \ud2b9\uc9d5\uc744 \uac00\uc9c4 \uc2e4\uc801 \uac1c\uc120\uc8fc\ub85c \uc81c\uc774\ube0c\uc774\uc5e0, \ub3d9\uc544\uc3d8\uc2dc\uc624\ud640\ub529\uc2a4, \ucf54\uc2a4\ubaa8\uc2e0\uc18c\uc7ac\ub97c \uaf3d\uc558\ub2e4. \uc774\uc0c1\ud5cc \ud558\uc774\ud22c\uc790\uc99d\uad8c \uc5f0\uad6c\uc6d0\uc740 \"\ucf54\uc2a4\ubaa8\uc2e0\uc18c\uc7ac\uc758 \uacbd\uc6b0 \uc6d0\uc7ac\ub8cc \uac00\uaca9 \uc0c1\uc2b9\uc774 \uc81c\ud488 \uac00\uaca9\uc5d0 \uc804\uac00\ub418\ub294 \ud658\uacbd\ud558\uc5d0\uc11c \uc99d\uc124 \ud6a8\uacfc\ub85c \uc218\ub7c9 \ub610\ud55c \ub298\uba74\uc11c \ubc38\ub958\uc5d0\uc774\uc158\uc774 \uc0c1\uc2b9\ud560 \uac83\uc73c\ub85c \ubcf4\uc778\ub2e4\"\uace0 \ub9d0\ud588\ub2e4.\n"}, {"market": "kospi", "sid": "000640", "codename": "\ub3d9\uc544\uc3d8\uc2dc\uc624\ud640\ub529\uc2a4", "year": 2022, "month": 5, "article_url": "https://m.news.naver.com/read?mode=LSD&mid=sec&sid1=105&oid=015&aid=0004693676", "news_company": "\ud55c\uad6d\uacbd\uc81c", "title": "\u201c\uae08\ub9ac\uc0c1\uc2b9\uae30, \uc800\ud3c9\uac00 \uc2e4\uc801\uac1c\uc120 \uc81c\uc57d\uc8fc\uc5d0 \uad00\uc2ec\uac00\uc9c8 \ub54c\u201d", "headline": "\u201c\uae08\ub9ac\uc0c1\uc2b9\uae30, \uc800\ud3c9\uac00 \uc2e4\uc801\uac1c\uc120 \uc81c\uc57d\uc8fc\uc5d0 \uad00\uc2ec\uac00\uc9c8 \ub54c\u201d", "date_str": "2022.05.03. \uc624\uc804 8:23", "writer": "\ubc15\uc778\ud601 \uae30\uc790", "section": "IT", "original_article_link": "https://www.hankyung.com/it/article/202205039008i", "article_body": "\n\uc0c1\uc0c1\uc778\uc99d\uad8c \ubd84\uc11d\n\n\n\n\uc0c1\uc0c1\uc778\uc99d\uad8c\uc740 3\uc77c \uc62c\ud574 \uae08\ub9ac \uae09\ub4f1\uae30\ub97c \ub9de\uc544 \ubc14\uc774\uc624\uc8fc\uac00 \ud558\ub77d \ucd94\uc138\uc5d0\uc11c \ubc97\uc5b4\ub098\uc9c0 \ubabb\ud558\uace0 \uc788\ub2e4\uba70 \ubcf4\uc218\uc801 \uad00\uc810\uc5d0\uc11c \uc800\ud3c9\uac00\ub41c \uc2e4\uc801\uac1c\uc120 \uc81c\uc57d\uc8fc\uc5d0 \uc8fc\ubaa9\ud560 \uac83\uc744 \uad8c\uace0\ud588\ub2e4. \ud558\ud0dc\uae30 \uc5f0\uad6c\uc6d0\uc740 \u201c\uc9c0\uae08\uc740 \uae08\ub9ac \uc0c1\uc2b9\uae30\uc778 \ub9cc\ud07c \ubbf8\ub798\uc758 \uafc8\uc5d0\ub9cc \uc758\uc874\ud558\ub294 \uc131\uc7a5\uc8fc\ub294 \ubd88\ub9ac\ud558\ub2e4\u201d\uba70 \u201c\ubc14\uc774\uc624\uc8fc\ub294 \ub300\ud45c\uc801\uc778 \uc131\uc7a5\uc8fc\ub85c \uc601\uc5c5\uc2e4\uc801\uc774 \ubbf8\ubbf8\ud558\uace0 \ubbf8\ub798\uc758 \uc2e0\uc57d\uac1c\ubc1c\uc5d0 \uae30\ubc18\ud574 \uc8fc\uac00\uac00 \ud615\uc131\ub418\uae30 \ub54c\ubb38\uc5d0 \ubd88\ub9ac\ud55c \ud658\uacbd\u201d\uc774\ub77c\uace0 \ub9d0\ud588\ub2e4. \uc9c0\uae08 \uc2dc\uc810\uc5d0\uc11c\ub294 \uc2e4\uc801 \uac1c\uc120\uacfc \uc7a5\uae30\uc131\uc7a5 \ubaa9\ud45c\ub97c \uc81c\uc2dc\ud558\ub294 \uc81c\uc57d\uc8fc \uc911\uc5d0\uc11c \uc8fc\uac00\uc218\uc775\ube44\uc728(PER)\uc774 \ub0ae\uc740 \uae30\uc5c5\uc5d0 \uad00\uc2ec\uc744 \uac00\uc9c8 \ud544\uc694\uac00 \uc788\ub2e4\uace0 \ud588\ub2e4. \uc2e4\uc801\uac1c\uc120\uc774 \uc608\uc0c1\ub418\ub294 \ub300\uc6c5\uc81c\uc57d JW\uc911\uc678\uc81c\uc57d\uc740 \ucd94\uac00 \uc8fc\uac00 \uc0c1\uc2b9 \uac00\ub2a5\uc131\uc774 \uc788\ub2e4\uace0 \ubd24\ub2e4. \uc885\uadfc\ub2f9 \ub3d9\uad6d\uc81c\uc57d \ub3d9\uc544\uc3d8\uc2dc\uc624\ud640\ub529\uc2a4 \ub4f1\uc5d0\ub3c4 \uc800\ud3c9\uac00 \uad00\uc810\uc5d0\uc11c \uad00\uc2ec\uc744 \uc8fc\ubb38\ud588\ub2e4. \ub2e4\ub9cc \uc774\ubbf8 PER\uac00 \ub192\uc740 \uc81c\uc57d\uc8fc\ub294 \uc131\uc7a5\uc8fc\ub85c \uad6c\ubd84\ub418\uba70 \uace0\uae08\ub9ac \uc2dc\ub300\uc5d0 \uc8fc\ubaa9\ubc1b\uae30 \uc5b4\ub824\uc6b8 \uac83\uc73c\ub85c \uc608\uc0c1\ud588\ub2e4.  \ubc14\uc774\uc624\uc8fc\uc5d0 \ub300\ud55c \uc870\uc815\uc740 \uc9c0\ub09c\ud574 \ucd08\uc5d0 \uc2dc\uc791\ub3fc \ud604\uc7ac\uae4c\uc9c0 1\ub144 4\uac1c\uc6d4\uac04 \uc9c0\uc18d\ub418\uace0 \uc788\ub2e4\uace0 \ud588\ub2e4. \ubc18\ub4f1\uc758 \uae30\ud68c \uc5c6\uc774 \uc870\uc815 \uae30\uac04\uc774 \uae38\uc5b4\uc9c0\ub294 \uc774\uc720\ub85c\ub294 \uc2e0\uc57d\uac1c\ubc1c \uc131\uacf5 \uc0ac\ub840\uac00 \uc801\ub2e4\ub294 \uc810\uc744 \ub4e4\uc5c8\ub2e4.\uc544\uc9c1 \uc138\uacc4\uc801\uc73c\ub85c \uc131\uacf5\ud55c \uc57d\uc740 SK\ubc14\uc774\uc624\ud31c\uc758 \u2018\uc138\ub178\ubc14\uba54\uc774\ud2b8\u2019 \uc815\ub3c4\uc5d0 \ubd88\uacfc\ud558\ub2e4\ub294 \uac83\uc774\ub2e4. \uc624\uc2a4\ucf54\ud14d\uacfc \uc720\ud55c\uc591\ud589\uc774 \uae30\uc220\uc218\ucd9c\ud55c \u2018\ub808\uc774\uc800\ud2f0\ub2d9\u2019\uc774 \uc131\uacf5 \uac00\ub2a5\uc131\uc744 \ub192\uc774\uace0 \uc788\uc9c0\ub9cc \uadf8\ubc16\uc5d0\ub294 \uc758\ubbf8 \uc788\ub294 \uacb0\uacfc\ub97c \ucc3d\ucd9c\ud55c \ubc14\uc774\uc624 \uae30\uc5c5\uc740 \uc5c6\ub2e4\uace0 \ud588\ub2e4.  \uad6d\ub0b4 \ubc14\uc774\uc624 \uae30\uc5c5\ub4e4\uc740 \ud22c\uc790\uc790\ub4e4\ub85c\ubd80\ud130 \uc2e0\ub8b0\ub97c \ud68c\ubcf5\ud574\uc57c \ud55c\ub2e4\uace0 \uc9c0\uc801\ud588\ub2e4. \uadf8\ub3d9\uc548 \uc2e0\uc57d\uac1c\ubc1c\uacfc \uad00\ub828\ub41c \uc784\uc0c1 \uacb0\uacfc \ubc0f \uae30\uc220\uc774\uc804 \uacc4\uc57d \ub4f1\uc744 \ubc1c\ud45c\ud588\uc9c0\ub9cc \uc8fc\uc2dd \uc2dc\uc7a5\uc5d0\uc11c \uae30\ub300\ud558\ub294 \uacb0\uacfc\ub97c \ucc3d\ucd9c\ud55c \uacbd\uc6b0\ub294 \ub9ce\uc9c0 \uc54a\uc558\ub2e4\ub294 \uac83\uc774\ub2e4. \ud68d\uae30\uc801\uc778 \uc2e0\uc57d \uac1c\ubc1c \uad00\ub828 \ub370\uc774\ud130\ub098 \uacc4\uc57d \ub4f1 \uc2e4\uccb4\uac00 \ud655\uc2e4\ud55c \uc0ac\uac74\uc774 \uc544\ub2c8\uba74 \ucd94\uc138\uc801\uc778 \uc8fc\uac00 \uc0c1\uc2b9\uc740 \uc5b4\ub824\uc6b8 \uac83\uc73c\ub85c \ubd24\ub2e4.  \ud558 \uc5f0\uad6c\uc6d0\uc740 \u201c\uc0c1\ud669\uc774 \ubc14\ub00c\uc5b4 \uae08\ub9ac \uc0c1\uc2b9\uc774 \ub454\ud654\ub420 \uac83\uc774\ub77c\ub294 \ubbff\uc74c\uc774 \uc0dd\uae34\ub2e4\uba74 \ubc14\uc774\uc624\uc8fc \ubc18\ub4f1\uac00\ub2a5\uc131\uc744 \uc0dd\uac01\ud560 \uc218\uac00 \uc788\ub2e4\u201d\uba70 \u201c\ud558\uc9c0\ub9cc \uc544\uc9c1\uc740 \ub54c\uac00 \uc544\ub2c8\ub2e4\u201d\uace0 \ud310\ub2e8\ud588\ub2e4. \n"}, {"market": "kospi", "sid": "000640", "codename": "\ub3d9\uc544\uc3d8\uc2dc\uc624\ud640\ub529\uc2a4", "year": 2022, "month": 5, "article_url": "http://www.mediapen.com/news/view/721552", "news_company": "\ubbf8\ub514\uc5b4\ud39c", "title": "\ub3d9\uc544\uc3d8\uc2dc\uc624\ud640\ub529\uc2a4, 1\ubd84\uae30 \uc601\uc5c5\uc190\uc2e4 20\uc5b5\uc6d0...\"\ud310\uad00\ube44 \ud655\ub300 \uc601\ud5a5\"", "headline": null, "date_str": null, "writer": null, "section": null, "original_article_link": null, "article_body": null}, {"market": "kospi", "sid": "000640", "codename": "\ub3d9\uc544\uc3d8\uc2dc\uc624\ud640\ub529\uc2a4", "year": 2022, "month": 5, "article_url": "http://m.biospectator.com/view/news_view.php?varAtcId=16213", "news_company": "\ubc14\uc774\uc624\uc2a4\ud399\ud14c\uc774\ud130", "title": "\ub3d9\uc544\uc3d8\uc2dc\uc624\ud640\ub529\uc2a4, 1Q \uc601\uc5c5\uc190\uc2e4 20\uc5b5 '\uc801\uc790\uc804\ud658'", "headline": null, "date_str": null, "writer": null, "section": null, "original_article_link": null, "article_body": null}, {"market": "kospi", "sid": "000640", "codename": "\ub3d9\uc544\uc3d8\uc2dc\uc624\ud640\ub529\uc2a4", "year": 2022, "month": 5, "article_url": "http://www.monews.co.kr/news/articleView.html?idxno=312276", "news_company": "\uba54\ub514\uce7c\uc5c5\uc800\ubc84", "title": "\ub3d9\uc544\uc3d8\uc2dc\uc624\ud640\ub529\uc2a4, 1\ubd84\uae30 \ub9e4\ucd9c 2233\uc5b5\uc6d0...\uc804\ub144 \ub300\ube44 16.2% \u2191", "headline": null, "date_str": null, "writer": null, "section": null, "original_article_link": null, "article_body": null}, {"market": "kospi", "sid": "000640", "codename": "\ub3d9\uc544\uc3d8\uc2dc\uc624\ud640\ub529\uc2a4", "year": 2022, "month": 5, "article_url": "https://m.news.naver.com/read?mode=LSD&mid=sec&sid1=101&oid=008&aid=0004741967", "news_company": "\uba38\ub2c8\ud22c\ub370\uc774", "title": "\ub3d9\uc544\uc3d8\uc2dc\uc624\ud640\ub529\uc2a4, 1\ubd84\uae30 \ub9e4\ucd9c 2233\uc5b5...\uc804\ub144\ube44 16%\u2191", "headline": "\ub3d9\uc544\uc3d8\uc2dc\uc624\ud640\ub529\uc2a4, 1\ubd84\uae30 \ub9e4\ucd9c 2233\uc5b5...\uc804\ub144\ube44 16%\u2191", "date_str": "2022.05.04. \uc624\ud6c4 4:40", "writer": "\uc774\ucc3d\uc12d \uae30\uc790", "section": "\uacbd\uc81c", "original_article_link": "http://news.mt.co.kr/mtview.php?no=2022050416052359441", "article_body": "\n\n\n\n\n\ub3d9\uc544\uc3d8\uc2dc\uc624\ud640\ub529\uc2a4\uac00 \uc62c\ud574 1\ubd84\uae30 \ub9e4\ucd9c\uc774 \uc9c0\ub09c\ud574 \uac19\uc740 \uae30\uac04\ubcf4\ub2e4 16.2% \uc99d\uac00\ud55c 2233\uc5b5\uc6d0\uc744 \uae30\ub85d\ud588\ub2e4\uace0 4\uc77c \ubc1c\ud45c\ud588\ub2e4. \uc601\uc5c5\uc774\uc775\uc740 \ud310\ub9e4\uad00\ub9ac\ube44 \ube44\uc6a9 \uc120\uc81c \uc9d1\ud589\uc73c\ub85c 20\uc5b5\uc6d0 \uc190\uc2e4\uc744 \uae30\ub85d\ud574 \uc801\uc790 \uc804\ud658\ud588\ub2e4\uace0 \ubc1d\ud614\ub2e4. 1\ubd84\uae30 \ub2f9\uae30\uc21c\uc190\uc2e4\ub3c4 68\uc5b5\uc6d0\uc73c\ub85c \uc801\uc790 \uc804\ud658\ud588\ub2e4.\ub3d9\uc544\uc3d8\uc2dc\uc624\ud640\ub529\uc2a4\ub294 \uc774\ub0a0 2022\ub144 1\ubd84\uae30 \uc2e4\uc801 \ubc1c\ud45c\uc5d0\uc11c \uc790\ud68c\uc0ac\uc758 \uace0\ub978 \uc131\uc7a5\uc774 \ub9e4\ucd9c \uc0c1\uc2b9\uc744 \uc774\ub04c\uc5c8\ub2e4\uace0 \uc124\uba85\ud588\ub2e4. \uc77c\ubc18\uc758\uc57d\ud488 \uc804\ubb38\ud68c\uc0ac\uc778 \ub3d9\uc544\uc81c\uc57d\uc740 \ubc15\uce74\uc2a4\uc640 OTC(\uc77c\ubc18\uc758\uc57d\ud488), \uac74\uac15\uae30\ub2a5\uc2dd\ud488 \ub4f1 \uc804 \ubd80\ubb38 \uace0\ub978 \uc131\uc7a5\uc744 \uae30\ub85d\ud588\ub2e4. 1\ubd84\uae30 \ub9e4\ucd9c\uc740 1148\uc5b5\uc6d0\uc73c\ub85c \uc9c0\ub09c\ud574 \ub3d9\uae30 \ub300\ube44 20.6% \uc62c\ub790\ub2e4.\ub3d9\uc544\uc81c\uc57d\uc740 1\ubd84\uae30 \ud310\ub9e4\uad00\ub9ac\ube44\ub85c 497\uc5b5\uc6d0\uc744 \uc9d1\ud589\ud588\ub2e4. \uc774\uc5d0 \ub530\ub77c \uc601\uc5c5\uc774\uc775\uc740 51\uc5b5\uc6d0\uc73c\ub85c \uc9c0\ub09c\ud574 \ub3d9\uae30 \ub300\ube44 13.7% \uac10\uc18c\ud588\ub2e4. \ub2f9\uae30\uc21c\uc774\uc775\uc740 37\uc5b5\uc6d0\uc73c\ub85c \uac19\uc740 \uae30\uac04 9.2% \uac10\uc18c\ud588\ub2e4.\uc77c\ubc18\uc758\uc57d\ud488\uc5d0\uc11c\ub294 \uc5b4\ub9b0\uc774 \ud574\uc5f4\uc81c '\ucc54\ud504' \ub9e4\ucd9c\uc774 1\ubd84\uae30 24\uc5b5\uc6d0\uc744 \uae30\ub85d\ud574 \uc9c0\ub09c\ud574 \ub3d9\uae30 \ub300\ube44 610.9% \uc131\uc7a5\ud588\ub2e4. \ud310\ud53c\ub9b0 \ub9e4\ucd9c\uc740 127\uc5b5\uc6d0\uc73c\ub85c \uac19\uc740 \uae30\uac04 26.4% \uc99d\uac00\ud588\ub2e4. \ubc15\uce74\uc2a4 \ub9e4\ucd9c\uc740 468\uc5b5\uc6d0\uc73c\ub85c 4.9% \uc131\uc7a5\uc744 \ubcf4\uc600\ub2e4.\ubc14\uc774\uc624\uc758\uc57d\ud488 \uc804\ubb38\ud68c\uc0ac\uc778 \uc5d0\uc2a4\ud2f0\uc820\ubc14\uc774\uc624 1\ubd84\uae30 \ub9e4\ucd9c\uc740 \uc9c0\ub09c\ud574 \ub3d9\uae30 \ub300\ube44 17.9% \uac10\uc18c\ud55c 39\uc5b5\uc6d0\uc73c\ub85c \uc9d1\uacc4\ub410\ub2e4. \ud68c\uc0ac \uce21\uc740 CMO(\uc758\uc57d\ud488\uc704\ud0c1\uc0dd\uc0b0) \uc0ac\uc5c5\uc774 \uc8fc\ub825\uc774\ub77c \ubd84\uae30\ubcc4 \ub9e4\ucd9c \ubcc0\ub3d9\uc131\uc774 \uc788\ub2e4\uace0 \uc124\uba85\ud588\ub2e4. \uc5d0\uc2a4\ud2f0\uc820\ubc14\uc774\uc624 \uc601\uc5c5\uc190\uc2e4\uc740 34\uc5b5\uc6d0\uc73c\ub85c \uc9c0\ub09c\ud574 \uac19\uc740 \uae30\uac04 59\uc5b5\uc6d0 \uc190\uc2e4\uc5d0\uc11c \uc801\uc790 \ud3ed\uc744 \uc904\uc600\ub2e4. \ub2f9\uae30\uc21c\uc190\uc2e4\ub3c4 36\uc5b5\uc6d0\uc73c\ub85c \uac19\uc740 \uae30\uac04 57\uc5b5\uc6d0 \uc190\uc2e4\uc5d0\uc11c \uc801\uc790\uac00 \uc904\uc5c8\ub2e4. \ud68c\uc0ac \uce21\uc740 \"\uc804\ubc18\uc801\uc778 \uacf5\uc815 \uac1c\uc120 \ub4f1\uc73c\ub85c \uc6d0\uac00\uc728\uc774 \uac1c\uc120\ub418\uace0 \uc788\uc5b4 \uc62c\ud574\ub294 \uc9c0\ub09c\ud574 \ub300\ube44 \ub9e4\ucd9c \uc99d\uac00 \ubc0f \uc601\uc5c5\uc774\uc775 \ud751\uc790 \uc804\ud658\uc774 \uc608\uc0c1\ub41c\ub2e4\"\uace0 \ubc1d\ud614\ub2e4.\ubb3c\ub958 \uc804\ubb38\ud68c\uc0ac\uc778 \uc6a9\ub9c8\ub85c\uc9c0\uc2a4 1\ubd84\uae30 \ub9e4\ucd9c\uc740 771\uc5b5\uc6d0\uc73c\ub85c \uc9c0\ub09c\ud574 \ub3d9\uae30 \ub300\ube44 9.7% \uc99d\uac00\ud588\ub2e4. \uc601\uc5c5\uc190\uc2e4\uacfc \ub2f9\uae30\uc21c\uc190\uc2e4\uc740 \uac01\uac01 12\uc5b5\uc6d0, 13\uc5b5\uc6d0\uc73c\ub85c \uc801\uc790 \uc804\ud658\ud588\ub2e4.\uc0dd\uc218 \uc804\ubb38\ud68c\uc0ac\uc778 \ub3d9\ucc9c\uc218 \ub9e4\ucd9c\uc740 77\uc5b5\uc6d0\uc73c\ub85c \uc9c0\ub09c\ud574 \ub3d9\uae30 \ub300\ube44 28.9% \uc99d\uac00\ud588\ub2e4. \uc790\uccb4 \ube0c\ub79c\ub4dc\uc778 \ub77c\uc778\ubc14\uc2f8(\ud0c4\uc0b0\uc218)\uc640 \ucc9c\ub144\uc218(\uc0dd\uc218) \ud310\ub9e4\ub7c9 \uc99d\uac00\uac00 \ub9e4\ucd9c \uc0c1\uc2b9\uc744 \uc774\ub04c\uc5c8\ub2e4.\n"}, {"market": "kospi", "sid": "000640", "codename": "\ub3d9\uc544\uc3d8\uc2dc\uc624\ud640\ub529\uc2a4", "year": 2022, "month": 5, "article_url": "https://m.news.naver.com/read?mode=LSD&mid=sec&sid1=101&oid=001&aid=0013158148", "news_company": "\uc5f0\ud569\ub274\uc2a4", "title": "\ub3d9\uc544\uc3d8\uc2dc\uc624\ud640\ub529\uc2a4, 1\ubd84\uae30 \uc601\uc5c5\uc190\uc2e4 20\uc5b5\uc6d0\u2026\uc801\uc790\uc804\ud658", "headline": "\ub3d9\uc544\uc3d8\uc2dc\uc624\ud640\ub529\uc2a4, 1\ubd84\uae30 \uc601\uc5c5\uc190\uc2e4 20\uc5b5\uc6d0\u2026\uc801\uc790\uc804\ud658", "date_str": "2022.05.04. \uc624\ud6c4 4:37", "writer": "\uae40\uc794\ub514 \uae30\uc790", "section": "\uacbd\uc81c", "original_article_link": "https://www.yna.co.kr/view/AKR20220504135000017?input=1195m", "article_body": "\n\uc8fc\uc694 \uc790\ud68c\uc0ac \uc131\uc7a5\uc73c\ub85c \ub9e4\ucd9c \uc99d\uac00\uc5d0\ub3c4 \ubd88\uad6c \ud310\ub9e4\uad00\ub9ac\ube44 \uc9d1\ud589\uc99d\uac00 (\uc11c\uc6b8=\uc5f0\ud569\ub274\uc2a4) \uae40\uc794\ub514 \uae30\uc790 = \ub3d9\uc544\uc3d8\uc2dc\uc624\ud640\ub529\uc2a4\uac00 \ub9e4\ucd9c \ud655\ub300\uc5d0\ub3c4 \ubd88\uad6c\ud558\uace0 \ub9c8\ucf00\ud305 \ube44\uc6a9 \ub4f1 \ud310\ub9e4\uad00\ub9ac\ube44 \ud655\ub300\ub85c \uc778\ud574 \uc601\uc5c5\uc190\uc2e4\uacfc \uc21c\uc190\uc2e4\uc744 \ub0c8\ub2e4.    \ub3d9\uc544\uc3d8\uc2dc\uc624\ud640\ub529\uc2a4\ub294 \uc62c\ud574 1\ubd84\uae30 \uc5f0\uacb0 \uae30\uc900 \ub9e4\ucd9c\uc561\uc774 \uc8fc\uc694 \uc790\ud68c\uc0ac\uc758 \uace0\ub978 \uc131\uc7a5\uc5d0 \ud798\uc785\uc5b4 \uc804\ub144 \ub3d9\uae30 \ub300\ube44 16.2% \uc99d\uac00\ud55c 2\ucc9c233\uc5b5\uc6d0\uc744 \uae30\ub85d\ud588\ub2e4\uace0 \ubc1d\ud614\ub2e4.     \uac19\uc740 \uae30\uac04 \uc601\uc5c5\uc190\uc2e4\uc740 20\uc5b5\uc6d0, \ub2f9\uae30\uc21c\uc190\uc2e4\uc740 68\uc5b5\uc6d0\uc774\uc5c8\ub2e4.    \ub3d9\uc544\uc3d8\uc2dc\uc624\ud640\ub529\uc2a4\ub294 \"\uc62c\ud574 \uc5f0\uac04 \ub9e4\ucd9c \ud655\ub300\ub97c \uc704\ud55c \ub9c8\ucf00\ud305 \ube44\uc6a9\uc744 1\ubd84\uae30\uc5d0 \uc120\uc81c\uc801\uc73c\ub85c \uc9d1\ud589\ud55c \ub370 \ub530\ub77c \uc801\uc790\ub85c \uc804\ud658\ud588\ub2e4\"\uace0 \uc124\uba85\ud588\ub2e4.     \uc790\ud68c\uc0ac\ubcc4\ub85c \ubcf4\uba74 \uc77c\ubc18\uc758\uc57d\ud488 \ud68c\uc0ac\uc778 \ub3d9\uc544\uc81c\uc57d\uc740 \ub300\ud45c \uc81c\ud488\uc778 '\ubc15\uce74\uc2a4'\uc640 \uc77c\ubc18\uc758\uc57d\ud488, \uac74\uac15\uae30\ub2a5\uc2dd\ud488 \ub4f1 \uc804 \ubd80\ubb38\uc774 \uace0\ub974\uac8c \uc131\uc7a5\ud588\ub2e4.    \ud2b9\ud788 \uc77c\ubc18\uc758\uc57d\ud488 \uc911\uc5d0\uc11c \uac10\uae30\uc57d '\ud310\ud53c\ub9b0', \uac10\uae30\uc57d \uc2dc\ub7fd\uc81c '\ucc54\ud504' \ub4f1\uc774 \uace0\uc131\uc7a5\ud588\ub2e4. \ud310\ud53c\ub9b0 \ub9e4\ucd9c\uc740 \uc804\ub144 \ub3d9\uae30 \ub300\ube44 26.4% \uc99d\uac00\ud55c 127\uc5b5\uc6d0, \ucc54\ud504\ub294 610.9% \uc99d\uac00\ud55c 24\uc5b5\uc6d0\uc73c\ub85c \uc9d1\uacc4\ub410\ub2e4. \ub3d9\uc544\uc81c\uc57d\uc758 1\ubd84\uae30 \ub9e4\ucd9c\uc561\uc740 20.6% \ub298\uc5b4\ub09c 1\ucc9c248\uc5b5\uc6d0\uc774\ub2e4.     \ub3d9\uc544\uc81c\uc57d\uc740 \uc678\ud615 \ud655\ub300\uc5d0\ub3c4 \ubd88\uad6c\ud558\uace0 \ud310\ub9e4\uad00\ub9ac\ube44\uac00 \ub298\uc5b4\ub09c \ub370 \ub530\ub77c \uc601\uc5c5\uc774\uc775 \uac10\uc18c\ub97c \uba74\uce58 \ubabb\ud588\ub2e4. \ub3d9\uc544\uc81c\uc57d\uc758 \uc62c\ud574 1\ubd84\uae30 \uc601\uc5c5\uc774\uc775\uc740 51\uc5b5\uc6d0\uc73c\ub85c \uc804\ub144 \ub3d9\uae30 \ub300\ube44 13.7% \uc904\uc5c8\ub2e4.     \ubb3c\ub958 \ud68c\uc0ac\uc778 \uc6a9\ub9c8\ub85c\uc9c0\uc2a4\uc758 \ub9e4\ucd9c\uc561\uc740 771\uc5b5\uc6d0\uc73c\ub85c 9.7% \ub298\uc5c8\uc73c\ub098, \ubb3c\ub958\ube44 \uc99d\uac00 \ub4f1 \ube44\uc6a9 \uc9d1\ud589\uc774 \ucee4\uc9c0\uba74\uc11c 12\uc5b5\uc6d0\uc758 \uc601\uc5c5\uc190\uc2e4\uc744 \ub0b4\uba70 \uc801\uc790\uc804\ud658\ud588\ub2e4. \n\n\n\n\ub3d9\uc544\uc3d8\uc2dc\uc624\ud640\ub529\uc2a4 \uc0ac\uc625[\ub3d9\uc544\uc3d8\uc2dc\uc624\ud640\ub529\uc2a4 \uc81c\uacf5. \uc7ac\ud310\ub9e4 \ubc0f DB \uae08\uc9c0]    jandi@yna.co.kr\n"}, {"market": "kospi", "sid": "000640", "codename": "\ub3d9\uc544\uc3d8\uc2dc\uc624\ud640\ub529\uc2a4", "year": 2022, "month": 5, "article_url": "https://m.news.naver.com/read?mode=LSD&mid=sec&sid1=101&oid=011&aid=0004050202", "news_company": "\uc11c\uc6b8\uacbd\uc81c\uc5b8\ub860\uc0ac \uc120\uc815", "title": "\ub3d9\uc544\uc3d8\uc2dc\uc624\ud640\ub529\uc2a4, \ucf54\ub85c\ub098\u767c '\ucc54\ud504' \ub9e4\ucd9c 7\ubc30 \uc131\uc7a5\ud588\ub294\ub370 \uc801\uc790\uc804\ud658\ud55c \uc774\uc720\ub294? [Why \ubc14\uc774\uc624]", "headline": "\ub3d9\uc544\uc3d8\uc2dc\uc624\ud640\ub529\uc2a4, \ucf54\ub85c\ub098\u767c '\ucc54\ud504' \ub9e4\ucd9c 7\ubc30 \uc131\uc7a5\ud588\ub294\ub370 \uc801\uc790\uc804\ud658\ud55c \uc774\uc720\ub294? [Why \ubc14\uc774\uc624]", "date_str": "2022.05.04. \uc624\ud6c4 4:36", "writer": "\uc774\uc7ac\uba85 \uae30\uc790", "section": "\uacbd\uc81c", "original_article_link": "https://www.sedaily.com/NewsView/265U8FFRYB", "article_body": "\n1\ubd84\uae30 \ub9e4\ucd9c 2244\uc5b5\uc6d0\u00b716.2%\u2191\uc601\uc5c5\uc774\uc775\u00b7\ub2f9\uae30\uc21c\uc774\uc775 \uc801\uc790\uc804\ud658\"\ud310\ub9e4\uad00\ub9ac\ube44 \uc120\uc81c \uc9d1\ud589 \uc601\ud5a5\"\n\n\n\n\uc11c\uc6b8 \ub3d9\ub300\ubb38\uad6c \uc6a9\ub450\ub3d9 \u2018\ub3d9\uc544\uc3d8\uc2dc\uc624\ud640\ub529\uc2a4\u2019 \ubcf8\uc0ac \uc804\uacbd. \uc0ac\uc9c4 \uc81c\uacf5=\ub3d9\uc544\uc3d8\uc2dc\uc624\ud640\ub529\uc2a4[\uc11c\uc6b8\uacbd\uc81c] \ub3d9\uc544\uc3d8\uc2dc\uc624\ud640\ub529\uc2a4(000640)\uac00 \uc62c\ud574 1\ubd84\uae30 \uc801\uc790 \uc2e4\uc801\uc744 \uae30\ub85d\ud588\ub2e4. '\ubc15\uce74\uc2a4'\uc640 \uac10\uae30\uc57d '\ud310\ud53c\ub9b0'\u00b7'\ucc54\ud504' \ub4f1 \uc81c\ud488\uad70\uc5d0\uc11c \uc804\ubc18\uc801\uc73c\ub85c \ub9e4\ucd9c\uc740 \ub298\uc5b4\ub0ac\uc9c0\ub9cc \ub9c8\ucf00\ud305(\ud310\ub9e4\uad00\ub9ac\ube44) \ube44\uc6a9\uc744 \ub300\ud3ed \uc120\uc9d1\ud589\ud588\uae30 \ub54c\ubb38\uc774\ub2e4. \uc2e4\uc801\uc774 \uacf5\uc2dc\ub418\uc790 \uc8fc\uac00\ub294 \uc989\uac01 \ub5a8\uc5b4\uc838 \uc774\ub0a0 3.4% \ud558\ub77d\ud55c 11\ub9cc 1000\uc6d0\uc73c\ub85c \uc7a5 \ub9c8\uac10\ud588\ub2e4.4\uc77c \ub3d9\uc544\uc3d8\uc2dc\uc624\ud640\ub529\uc2a4\ub294 \uc5f0\uacb0 \uae30\uc900 2022\ub144 1\ubd84\uae30 \ub9e4\ucd9c\uc561\uc774 \uc804\ub144 \ub3d9\uae30 \ub300\ube44 16.2% \uc99d\uac00\ud55c 2233\uc5b5 \uc6d0\uc744 \uae30\ub85d\ud588\ub2e4\uace0 \ubc1d\ud614\ub2e4. \ubc18\uba74 \uc601\uc5c5\uc774\uc775\uc740 20\uc5b5 \uc6d0 \uc801\uc790\ub97c \uae30\ub85d\ud574 \uc9c0\ub09c\ud574 \uac19\uc740 \uae30\uac04 54\uc5b5 \uc6d0\ubcf4\ub2e4 \uc2e4\uc801\uc774 \uc545\ud654\ud588\ub2e4. \ub2f9\uae30\uc21c\uc774\uc775\ub3c4 \uc9c0\ub09c\ud574 1\ubd84\uae30 8\uc5b5 \uc6d0\uc5d0\uc11c \uc62c\ud574\ub294 68\uc5b5 \uc6d0\uc73c\ub85c \uc801\uc790\uc804\ud658\ud588\ub2e4.\ub3d9\uc544\uc3d8\uc2dc\uc624\ud640\ub529\uc2a4 \uad00\uacc4\uc790\ub294 \"\uc8fc\uc694 \uc790\ud68c\uc0ac\uc758 \uace0\ub978 \ub9e4\ucd9c \uc131\uc7a5\uc73c\ub85c \uc804\ub144 \ub3d9\uae30 \ub300\ube44 16.2% \uc99d\uac00\ud588\uc73c\ub098 \uc62c\ud574 \ub9e4\ucd9c \ud655\ub300\ub97c \uc704\ud55c \ub9c8\ucf00\ud305(\ud310\ub9e4\uad00\ub9ac\ube44) \ube44\uc6a9\uc744 1\ubd84\uae30\uc5d0 \uc120\uc81c\uc801\uc73c\ub85c \uc9d1\ud589\ud574 \uc601\uc5c5\uc774\uc775\uc740 \uc801\uc790\uc804\ud658\ud588\ub2e4\"\uba70 \"\uc790\ud68c\uc0ac\uc778 \ub3d9\uc544\uc81c\uc57d\uc758 \uacbd\uc6b0 \uc9c0\ub09c\ud574 \ub300\ube44 \ud310\uad00\ube44\ub97c 124\uc5b5 \uc6d0 \ub298\ub824 33.4% \uc99d\uac00\ud55c 497\uc5b5 \uc6d0\uc744 \uc120\uc81c\uc801\uc73c\ub85c \uc9d1\ud589\ud588\ub2e4\"\uace0 \uc124\uba85\ud588\ub2e4. \uc774\uc5b4 \"2\ubd84\uae30\ubd80\ud130\ub294 \ub3d9\uc544\uc81c\uc57d\uc744 \ud3ec\ud568 \uc5f0\uacb0 \uc790\ud68c\uc0ac\ub4e4\uc758 \ub9e4\ucd9c\uacfc \uc601\uc5c5\uc774\uc775\uc774 \uc9c0\ub09c\ud574 \ub300\ube44 \uc99d\uac00\uac00 \uc608\uc0c1\ub3fc \ud558\ubc18\uae30\ub85c \uac08\uc218\ub85d \uc2e4\uc801\uc774 \ub098\uc544\uc9c8 \uac83\uc73c\ub85c \uc608\uc0c1\ub41c\ub2e4\"\uace0 \ub367\ubd99\uc600\ub2e4.\n\n\n\n\ub3d9\uc544\uc81c\uc57d \uac10\uae30\uc57d \u2018\ud310\ud53c\ub9b0 Q\u2019. \uc0ac\uc9c4 \uc81c\uacf5=\ub3d9\uc544\uc3d8\uc2dc\uc624\ud640\ub529\uc2a4\uc2e4\uc81c \uc8fc\ub825 \uc81c\ud488\uc740 \uc591\ud638\ud55c \ub9e4\ucd9c \uc2e4\uc801\uc744 \ubcf4\uc600\ub2e4. \ubc15\uce74\uc2a4\ub294 \uc804\ub144 \ub3d9\uae30 \ub300\ube44 \ub9e4\ucd9c\uc774 4.9% \ub298\uc5b4\ub098 1\ubd84\uae30\uc5d0\ub9cc 468\uc5b5 \uc6d0\uc744 \uae30\ub85d\ud588\ub2e4. \ucf54\ub85c\ub09819 \uc624\ubbf8\ud06c\ub860 \ubcc0\uc774 \ud655\uc0b0\uc5d0 \ub530\ub77c \uac10\uae30\uc57d \uc218\uc694\uac00 \uae09\uc99d\ud558\uba74\uc11c \uc77c\ubc18\uc758\uc57d\ud488(OTC) '\ud310\ud53c\ub9b0'\uc758 \ub9e4\ucd9c\uc740 \uc804\ub144 \ub3d9\uae30 \ub300\ube44 26.4% \uc99d\uac00\ud55c 127\uc5b5 \uc6d0, '\ucc54\ud504'\ub294 \ubb34\ub824 7\ubc30 \uc218\uc900\uc778 610.9% \uc131\uc7a5\ud55c 24\uc5b5 \uc6d0\uc758 \ub9e4\ucd9c\uc744 \uc62c\ub838\ub2e4. \uac74\uac15\uae30\ub2a5\uc2dd\ud488 \uc624\uc3d8\ubab0\ub3c4 \uc804\ub144 \ub3d9\uae30\ubcf4\ub2e4 176% \uc131\uc7a5\ud574 109\uc5b5 \uc6d0 \ub9e4\ucd9c\uc744 \uae30\ub85d\ud588\ub2e4.\ub3d9\uc544\uc81c\uc57d\uc740 \uc774 \uac19\uc740 \uace0\ub978 \ub9e4\ucd9c \uc99d\uac00\ub85c \ub9e4\ucd9c\uc774 20.6% \ub298\uc5b4\ub09c 1148\uc5b5 \uc6d0\uc73c\ub85c \uc9d1\uacc4\ub410\ub2e4. \uc601\uc5c5\uc774\uc775\uc740 13.7% \uac10\uc18c\ud55c 51\uc5b5 \uc6d0, \ub2f9\uae30\uc21c\uc774\uc775\ub3c4 9.2% \uc904\uc5b4 37\uc5b5 \uc6d0\uc774\uc5c8\ub2e4.\ub610\ub2e4\ub978 \uc790\ud68c\uc0ac\uc778 \uc0dd\uc218 \uc804\ubb38\ud68c\uc0ac \ub3d9\ucc9c\uc218\ub294 \uc790\uccb4\ube0c\ub79c\ub4dc \ub77c\uc778\ubc14\uc2f8(\ud0c4\uc0b0\uc218)\uc640 \ucc9c\ub144\uc218(\uc0dd\uc218) \ub9e4\ucd9c \uc99d\uac00\ub85c \uc804\ub144 \ub3d9\uae30 \ub300\ube44 \ub9e4\ucd9c 77\uc5b5 \uc6d0\uc73c\ub85c \uc804\ub144 \ub3d9\uae30 \ub300\ube44 28.9% \uc131\uc7a5\ud588\ub2e4. \uc601\uc5c5\uc774\uc775\uc740 5\uc5b5 \uc6d0, \ub2f9\uae30\uc21c\uc774\uc775\uc740 4\uc5b5 \uc6d0\uc73c\ub85c \uc9c0\ub09c\ud574 \uac19\uc740 \uae30\uac04\ubcf4\ub2e4 \uac01\uac01 53.1%, 64.2% \uc131\uc7a5\ud588\ub2e4.\uc790\ud68c\uc0ac \uc911 \ubb3c\ub958 \uc804\ubb38\ud68c\uc0ac\uc778 \uc6a9\ub9c8\ub85c\uc9c0\uc2a4\uc640 \ubc14\uc774\uc624\uc758\uc57d\ud488 \uc704\ud0c1\uc0dd\uc0b0(CMO) \uae30\uc5c5 \uc5d0\uc2a4\ud2f0\uc820\ubc14\uc774\uc624\ub294 \uc801\uc790\ud3ed\uc744 \ud0a4\uc6e0\ub2e4. \uc6a9\ub9c8\ub85c\uc9c0\uc2a4\ub294 \ubb3c\ub958\uc2dc\uc7a5\uc758 \ud655\uc7a5\uc131\uacfc \uc2e0\uaddc \ud654\uc8fc\ub97c \uc720\uce58\ud574 \ub9e4\ucd9c 771\uc5b5 \uc6d0\uc73c\ub85c \uc804\ub144 \ub3d9\uae30 \ub300\ube44 9.7% \uc99d\uac00\ud588\ub2e4. \ud558\uc9c0\ub9cc \uc804\ubc18\uc801\uc778 \ubb3c\ub958\ube44 \uc99d\uac00\uc640 \uc120\uc81c\uc801\uc778 \ud22c\uc790\uc5d0 \ub530\ub77c \uc601\uc5c5\uc774\uc775\uc740 12\uc5b5 \uc6d0, \ub2f9\uae30 \uc21c\uc774\uc775\uc740 13\uc5b5 \uc6d0 \uc801\uc790\uc804\ud658\ud588\ub2e4. \uc5d0\uc2a4\ud2f0\uc820\ubc14\uc774\uc624\ub3c4 \ubd84\uae30\ubcc4 CMO \uc218\uc8fc\uc758 \ubcc0\ub3d9\uc131\uc5d0 \ub530\ub77c \ub9e4\ucd9c\uc774 17.9% \uc904\uc5b4 39\uc5b5 \uc6d0\uc744 \uae30\ub85d\ud588\uace0 \uc601\uc5c5\uc774\uc775\uc740 34\uc5b5 \uc6d0, \ub2f9\uae30\uc21c\uc774\uc775\uc740 36\uc5b5 \uc6d0\uc73c\ub85c \ubaa8\ub450 \uc801\uc790\ub97c \uae30\ub85d\ud588\ub2e4. \ub2e4\ub9cc \uc804\ub144 \ub3d9\uae30\uc640 \ube44\uad50\ud558\uba74 \uc801\uc790\ud3ed\uc740 \ub2e4\uc18c \uc904\uc5c8\ub2e4. \ub3d9\uc544\uc3d8\uc2dc\uc624\ud640\ub529\uc2a4 \uad00\uacc4\uc790\ub294 \"\uc804\ubc18\uc801\uc778 \uacf5\uc815\uac1c\uc120 \ub4f1\uc73c\ub85c \uc6d0\uac00\uc728\uc774 \uac1c\uc120\ub418\uace0 \uc788\uc5b4 \uc62c\ud574\ub294 \uc9c0\ub09c\ud574 \ub300\ube44 \ub9e4\ucd9c \uc99d\uac00 \ubc0f \uc601\uc5c5\uc774\uc775 \ud751\uc790\uc804\ud658\uc774 \uc608\uc0c1\ub41c\ub2e4\"\uace0 \ub9d0\ud588\ub2e4.\n\n\n\n\u25c7Why \ubc14\uc774\uc624\ub294=\u2018Why \ubc14\uc774\uc624\u2019 \ucf54\ub108\ub294 \uc99d\uc2dc\uc5d0\uc11c \uc8fc\ubaa9\ubc1b\ub294 \ubc14\uc774\uc624 \uae30\uc5c5\ub4e4\uc758 \uc774\uc288\ub97c \uc804\ub2ec\ud558\ub294 \uc5f0\uc7ac\ubb3c\uc785\ub2c8\ub2e4. \uc8fc\uac00\ub098 \uac70\ub798\ub7c9 \ub4f1\uc5d0\uc11c \ud2b9\uc9d5\uc744 \ubcf4\uc778 \uc81c\uc57d\u00b7\ubc14\uc774\uc624 \uae30\uc5c5\uc5d0 \ub300\ud574 \uc2dc\uc7a5\uc774 \uc8fc\ubaa9\ud55c \uc774\uc720\ub97c \uc0b4\ud3b4\ubcf4\uace0, \ud574\ub2f9 \uc774\uc288\uc5d0 \ub300\ud574 \ud574\uc124\ud558\uace0 \uc804\ub9dd\ud569\ub2c8\ub2e4. \ud2b9\ud788 \ud574\ub2f9 \uae30\uc5c5 \uce21 \uc758\uacac\ub3c4 \ucda9\uc2e4\ud788 \ubc18\uc601\ud574 \uc911\uc2ec\uc7a1\ud78c \uc815\ubcf4\ub97c \ud22c\uc790\uc790\uc640 \uc81c\uc57d\u00b7\ubc14\uc774\uc624 \uc0b0\uc5c5 \uad00\uacc4\uc790\ub4e4\uc5d0\uac8c \uc804\ub2ec\ud569\ub2c8\ub2e4.\n"}, {"market": "kospi", "sid": "000640", "codename": "\ub3d9\uc544\uc3d8\uc2dc\uc624\ud640\ub529\uc2a4", "year": 2022, "month": 5, "article_url": "https://m.news.naver.com/read?mode=LSD&mid=sec&sid1=103&oid=014&aid=0004831254", "news_company": "\ud30c\uc774\ub0b8\uc15c\ub274\uc2a4", "title": "\ub3d9\uc544\uc3d8\uc2dc\uc624\ud640\ub529\uc2a4, \ub9e4\ucd9c\uc561 \uc804\ub144\u6bd4 16.2%\u2191 2233\uc5b5\uc6d0", "headline": "\ub3d9\uc544\uc3d8\uc2dc\uc624\ud640\ub529\uc2a4, \ub9e4\ucd9c\uc561 \uc804\ub144\u6bd4 16.2%\u2191 2233\uc5b5\uc6d0", "date_str": "2022.05.04. \uc624\ud6c4 4:31", "writer": "\uac15\uc911\ubaa8 \uae30\uc790", "section": "\uc0dd\ud65c", "original_article_link": "http://www.fnnews.com/news/202205041621598703", "article_body": "\n\ud310\uad00\ube44 1\ubd84\uae30 \uc120\uc81c\uc9d1\ud589, \uc601\uc5c5\uc774\uc775\uc740 \uc801\uc790\uc804\ud658 \n\n\n\n [\ud30c\uc774\ub0b8\uc15c\ub274\uc2a4] \ub3d9\uc544\uc3d8\uc2dc\uc624\uadf8\ub8f9\uc758 \uc9c0\uc8fc\ud68c\uc0ac \ub3d9\uc544\uc3d8\uc2dc\uc624\ud640\ub529\uc2a4\ub294 \uc62c\ud574 1\u00b74\ubd84\uae30 \uc5f0\uacb0 \uae30\uc900 \ub9e4\ucd9c\uc561\uc774 \uc804\ub144 \ub3d9\uae30 \ub300\ube44 16.2% \uc99d\uac00\ud55c 2233\uc5b5\uc6d0\uc744 \uae30\ub85d\ud588\ub2e4\uace0 4\uc77c \ubc1d\ud614\ub2e4. \ub2e4\ub9cc \uc601\uc5c5\uc774\uc775\uacfc \ub2f9\uae30\uc21c\uc774\uc775\uc740 \uc801\uc790 \uc804\ud658\ud588\ub2e4. \uc601\uc5c5\uc774\uc775\uc740 -20\uc5b5\uc6d0, \ub2f9\uae30\uc21c\uc774\uc775\uc740 -68\uc5b5\uc6d0\uc73c\ub85c \ub098\ud0c0\ub0ac\ub2e4.   \ud68c\uc0ac\uce21\uc740 \"\ub9e4\ucd9c\uc740 \uc8fc\uc694 \uc790\ud68c\uc0ac\uc758 \uace0\ub978 \ub9e4\ucd9c \uc131\uc7a5\uc73c\ub85c \ub450 \uc790\ub9bf\uc218 \uc99d\uac00\ud588\uc9c0\ub9cc \uc62c\ud574 \ub9e4\ucd9c \ud655\ub300\ub97c \uc704\ud55c \ub9c8\ucf00\ud305(\ud310\ub9e4\uad00\ub9ac\ube44) \ube44\uc6a9\uc744 1\u00b74\ubd84\uae30\uc5d0 \uc120\uc81c \uc9d1\ud589\ud574 \uc601\uc5c5\uc774\uc775\uc774 \uc801\uc790\ub85c \uc804\ud658\ud588\ub2e4\"\uace0 \uc124\uba85\ud588\ub2e4.   \uc77c\ubc18\uc758\uc57d\ud488 \uc804\ubb38\ud68c\uc0ac\uc778 \ub3d9\uc544\uc81c\uc57d\uc740 \uc804 \ubd80\ubb38\uc758 \uace0\ub978 \uc131\uc7a5\uc73c\ub85c \ub9e4\ucd9c\uc774 \uc804\ub144 \ub3d9\uae30 \ub300\ube44 20.6% \uc99d\uac00\ud55c 1148\uc5b5\uc6d0\uc744 \uae30\ub85d\ud588\ub2e4. \ub300\ud45c \ud488\ubaa9\uc778 \u2018\ubc15\uce74\uc2a4\u2019\ub294 4.9% \uc99d\uac00\ud55c 468\uc5b5\uc6d0\uc774\ub2e4.   \ucf54\ub85c\ub09819 \uc7ac\ud0dd\uce58\ub8cc\ub85c \ud574\uc5f4\uc9c4\ud1b5\uc81c \uc218\uc694\uac00 \uae09\uc99d\ud568\uc5d0 \ub530\ub77c \uc885\ud569\uac10\uae30\uc57d \u2018\ud310\ud53c\ub9b0\u2019\uc758 \ub9e4\ucd9c\uc740 \uc804\ub144 \ub3d9\uae30 \ub300\ube44 26.4% \uc99d\uac00\ud55c 127\uc5b5\uc6d0 \uae30\ub85d\ud588\ub2e4. \uc5b4\ub9b0\uc774 \ud574\uc5f4\uc81c \u2018\ucc54\ud504\u2019\ub294 \ubb34\ub824 610.9% \ud310\ub9e4\ub7c9\uc774 \ub6f0\uba70 \ub9e4\ucd9c 24\uc5b5\uc6d0\uc744 \uae30\ub85d\ud588\ub2e4.   \ub3d9\uc544\uc81c\uc57d\uc758 \uc601\uc5c5\uc774\uc775\uc740 \uc5f0\uac04 \ub9e4\ucd9c \ud655\ub300\ub97c \uc704\ud574 \ud310\uad00\ube44(497\uc5b5\uc6d0)\ub97c \uc804\ub144 \ub3d9\uae30\ubcf4\ub2e4 124\uc5b5\uc6d0 \uc99d\uc561\ud558\uba74\uc11c \uc804\ub144 \ub3d9\uae30 \ub300\ube44 13.7% \uac10\uc18c\ud55c 51\uc5b5\uc6d0\uc744 \uae30\ub85d\ud588\ub2e4.   \ubb3c\ub958\uc5c5\uccb4\uc778 \uc6a9\ub9c8\ub85c\uc9c0\uc2a4\ub294 \ubb3c\ub958\uc2dc\uc7a5\uc758 \ud655\uc7a5\uc131\uacfc \uc2e0\uaddc \ud654\uc8fc\ub97c \uc720\uce58\ud558\ub294 \ub4f1 \uc804\ub144 \ub3d9\uae30 \ub300\ube44 \ub9e4\ucd9c\uc774 9.7% \uc99d\uac00\ud55c 771\uc5b5\uc6d0\uc744 \uae30\ub85d\ud588\ub2e4. \uc601\uc5c5\uc774\uc775\uc740 \uc804\ubc18\uc801\uc778 \ubb3c\ub958\ube44 \uc99d\uac00\uc640 \uc5f0\uac04 \ub9e4\ucd9c \uc131\uc7a5\uc744 \uc704\ud55c \uc120\uc81c\uc801 \ud22c\uc790\ub85c \uc801\uc790 \uc804\ud658\ud588\ub2e4.   \ubc14\uc774\uc624\uc758\uc57d\ud488 \uc804\ubb38\ud68c\uc0ac\uc778 \uc5d0\uc2a4\ud2f0\uc820\ubc14\uc774\uc624\uc758 1\ubd84\uae30 \ub9e4\ucd9c\uc740 \uc804\ub144 \ub3d9\uae30 \ub300\ube44 17.9% \uac10\uc18c\ud55c 39\uc5b5\uc6d0, \uc601\uc5c5\uc190\uc2e4\uc740 \uc804\ub144 \ub3d9\uae30 \ub300\ube44 \uc801\uc790\ud3ed\uc744 \uc904\uc778 34\uc5b5\uc6d0\uc774\ub2e4. \uc704\ud0c1\uc0dd\uc0b0(CMO) \uc0ac\uc5c5\uc758 \ubd84\uae30\ubcc4 \ubcc0\ub3d9\uc131\uc774 \uc788\uc5b4 \ub9e4\ucd9c\uc740 \uac10\uc18c\ud588\uc73c\ub098 \uc804\ubc18\uc801\uc778 \uacf5\uc815 \uac1c\uc120 \ub4f1\uc73c\ub85c \uc6d0\uac00\uc728\uc774 \uac1c\uc120\ub418\uba70 \uc801\uc790\ud3ed\uc774 \uc904\uc5c8\ub2e4.   \uc0dd\uc218 \uc804\ubb38\ud68c\uc0ac\uc778 \ub3d9\ucc9c\uc218\ub294 \uc790\uccb4\ube0c\ub79c\ub4dc \ub77c\uc778\ubc14\uc2f8(\ud0c4\uc0b0\uc218)\uc640 \ucc9c\ub144\uc218(\uc0dd\uc218) \ud310\ub9e4 \ud638\uc870\uc5d0 \ud798\uc785\uc5b4 \uc804\ub144 \ub3d9\uae30 \ub300\ube44 28.9% \uc131\uc7a5\ud55c \ub9e4\ucd9c 77\uc5b5\uc6d0\uc744 \uae30\ub85d\ud588\ub2e4. \uc601\uc5c5\uc774\uc775\ub3c4 53.1% \uc99d\uac00\ud55c 5\uc5b5\uc6d0\uc744 \uae30\ub85d\ud588\ub2e4.\n\t\t"}, {"market": "kospi", "sid": "000640", "codename": "\ub3d9\uc544\uc3d8\uc2dc\uc624\ud640\ub529\uc2a4", "year": 2022, "month": 5, "article_url": "http://www.econovill.com/news/articleView.html?idxno=574486", "news_company": "\uc774\ucf54\ub178\ubbf9\ub9ac\ubdf0", "title": "\ub3d9\uc544\uc3d8\uc2dc\uc624\ud640\ub529\uc2a4, 1\ubd84\uae30 \uc601\uc5c5\uc190\uc2e4 20\uc5b5\uc6d0", "headline": null, "date_str": null, "writer": null, "section": null, "original_article_link": null, "article_body": null}, {"market": "kospi", "sid": "000640", "codename": "\ub3d9\uc544\uc3d8\uc2dc\uc624\ud640\ub529\uc2a4", "year": 2022, "month": 5, "article_url": "http://www.ftoday.co.kr/news/articleView.html?idxno=235304", "news_company": "\ud30c\uc774\ub0b8\uc15c\ud22c\ub370\uc774", "title": "\ub3d9\uc544\uc3d8\uc2dc\uc624\ud640\ub529\uc2a4, 1\ubd84\uae30 \uc601\uc5c5\uc190\uc2e4 20\uc5b5\uc6d0\u2026\ud310\uad00\ube44 \uc120\ubc18\uc601 \uc601\ud5a5", "headline": null, "date_str": null, "writer": null, "section": null, "original_article_link": null, "article_body": null}, {"market": "kospi", "sid": "000640", "codename": "\ub3d9\uc544\uc3d8\uc2dc\uc624\ud640\ub529\uc2a4", "year": 2022, "month": 5, "article_url": "https://m.news.naver.com/read?mode=LSD&mid=sec&sid1=102&oid=003&aid=0011165401", "news_company": "\ub274\uc2dc\uc2a4", "title": "\ub3d9\uc544\uc3d8\uc2dc\uc624\ud640\ub529\uc2a4, 1Q \ub9e4\ucd9c 2233\uc5b5 16%\u2191\u202620\uc5b5 \uc601\uc5c5\uc190\uc2e4", "headline": "\ub3d9\uc544\uc3d8\uc2dc\uc624\ud640\ub529\uc2a4, 1Q \ub9e4\ucd9c 2233\uc5b5 16%\u2191\u202620\uc5b5 \uc601\uc5c5\uc190\uc2e4", "date_str": "2022.05.04. \uc624\ud6c4 4:16", "writer": "\uc1a1\uc5f0\uc8fc \uae30\uc790", "section": "\uc0ac\ud68c", "original_article_link": "http://www.newsis.com/view/?id=NISX20220504_0001859963&cID=10434&pID=13100", "article_body": "\n\uae30\uc0ac\ub0b4\uc6a9 \uc694\uc57d\ub9c8\ucf00\ud305 \ube44\uc6a9 \uc120\uc81c \uc9d1\ud589\uc73c\ub85c \uc601\uc5c5\uc774\uc775 \uc801\uc790\uc804\ud658\uc8fc\uc694 \uc790\ud68c\uc0ac \uace0\ub978 \uc131\uc7a5\uc73c\ub85c \ub9e4\ucd9c \ud655\ub300 \ud574\uc5f4\uc81c \uc218\uc694 \uae09\uc99d\uc73c\ub85c \ud310\ud53c\ub9b0\u00b7\ucc54\ud504 26%\u00b7610%\u2191\n\n\n\n\ub3d9\uc544\uc3d8\uc2dc\uc624\ud640\ub529\uc2a4 \uc804\uacbd(\uc0ac\uc9c4=\ub3d9\uc544\uc3d8\uc2dc\uc624\ud640\ub529\uc2a4 \uc81c\uacf5) *\uc7ac\ud310\ub9e4 \ubc0f DB \uae08\uc9c0[\uc11c\uc6b8=\ub274\uc2dc\uc2a4] \uc1a1\uc5f0\uc8fc \uae30\uc790 = \ub3d9\uc544\uc3d8\uc2dc\uc624\uadf8\ub8f9\uc758 \uc9c0\uc8fc\ud68c\uc0ac \ub3d9\uc544\uc3d8\uc2dc\uc624\ud640\ub529\uc2a4\ub294 \uc62c\ud574 1\ubd84\uae30 \uc5f0\uacb0 \uae30\uc900 \ub9e4\ucd9c\uc561\uc774 \uc804\ub144 \ub3d9\uae30 \ub300\ube44 16.2% \uc99d\uac00\ud55c 2233\uc5b5\uc6d0\uc744 \uae30\ub85d\ud588\ub2e4\uace0 4\uc77c \ubc1d\ud614\ub2e4. \uc601\uc5c5\uc774\uc775\uacfc \ub2f9\uae30\uc21c\uc774\uc775\uc740 \uc801\uc790\ub85c \uc804\ud658\ud588\ub2e4. \ub9e4\ucd9c\uc740 \uc8fc\uc694 \uc790\ud68c\uc0ac\uc758 \uace0\ub978 \ub9e4\ucd9c \uc131\uc7a5\uc73c\ub85c \ub450 \uc790\ub9bf\uc218 \uc99d\uac00\ud588\uc9c0\ub9cc \uc62c\ud574 \ub9e4\ucd9c \ud655\ub300\ub97c \uc704\ud55c \ub9c8\ucf00\ud305(\ud310\ub9e4\uad00\ub9ac\ube44) \ube44\uc6a9\uc744 1\ubd84\uae30\uc5d0 \uc120\uc81c\uc801\uc73c\ub85c \uc9d1\ud589\ud558\uba74\uc11c \uc601\uc5c5\uc774\uc775\uc774 \uc801\uc790\uc804\ud658\ud588\ub2e4\uace0 \uc124\uba85\ud588\ub2e4.\uadf8\ub8f9\uc0ac \uc911 \uc77c\ubc18\uc758\uc57d\ud488 \uc804\ubb38\ud68c\uc0ac\uc778 \ub3d9\uc544\uc81c\uc57d\uc740 \uc804 \ubd80\ubb38\uc758 \uace0\ub978 \uc131\uc7a5\uc73c\ub85c \ub9e4\ucd9c\uc774 \uc804\ub144 \ub3d9\uae30 \ub300\ube44 20.6% \uc99d\uac00\ud55c 1148\uc5b5\uc6d0\uc744 \uae30\ub85d\ud588\ub2e4. \ub300\ud45c \ud488\ubaa9\uc778 \u2018\ubc15\uce74\uc2a4\u2019\ub294 4.9% \uc99d\uac00\ud55c 468\uc5b5\uc6d0\uc774\ub2e4. \ud2b9\ud788 \ubcf4\uac74\ub2f9\uad6d\uc758 \uc7ac\ud0dd\uce58\ub8cc \ubc29\uce68\uc5d0 \ub530\ub77c \uc5b4\ub9b0\uc774 \ud574\uc5f4\uc9c4\ud1b5\uc81c \uc218\uc694\uac00 \uae09\uc99d\ud558\uba70 \uc885\ud569\uac10\uae30\uc57d \u2018\ud310\ud53c\ub9b0\u2019\uc758 \ub9e4\ucd9c\uc740 \uc804\ub144 \ub3d9\uae30 \ub300\ube44 26.4% \uc99d\uac00\ud55c 127\uc5b5\uc6d0 \uae30\ub85d\ud588\ub2e4. \uc5b4\ub9b0\uc774 \ud574\uc5f4\uc81c \u2018\ucc54\ud504\u2019\ub294 \ubb34\ub824 610.9% \ud310\ub9e4\ub7c9\uc774 \ub6f0\uba70 24\uc5b5\uc6d0\uc744 \uae30\ub85d\ud588\ub2e4. \ub2e8, \uc601\uc5c5\uc774\uc775\uc740 \uc5f0\uac04 \ub9e4\ucd9c \ud655\ub300\ub97c \uc704\ud574 \ud310\uad00\ube44(497\uc5b5\uc6d0)\ub97c \uc804\ub144 \ub3d9\uae30\ubcf4\ub2e4 124\uc5b5\uc6d0 \uc99d\uc561\ud558\uba70 13.7% \uc904\uc5c8\ub4e0 51\uc5b5\uc6d0\uc5d0 \uadf8\ucce4\ub2e4. \ubb3c\ub958 \uc804\ubb38\ud68c\uc0ac\uc778 \uc6a9\ub9c8\ub85c\uc9c0\uc2a4\ub294 \ubb3c\ub958\uc2dc\uc7a5\uc758 \ud655\uc7a5\uc131\uacfc \uc2e0\uaddc \ud654\uc8fc\ub97c \uc720\uce58\ud558\ub294 \ub4f1 \uc804\ub144 \ub3d9\uae30 \ub300\ube44 \ub9e4\ucd9c\uc774 9.7% \uc99d\uac00\ud55c 771\uc5b5\uc6d0\uc744 \uae30\ub85d\ud588\ub2e4. \uc601\uc5c5\uc774\uc775\uc740 \uc804\ubc18\uc801\uc778 \ubb3c\ub958\ube44 \uc99d\uac00\uc640 \uc5f0\uac04 \ub9e4\ucd9c \uc131\uc7a5\uc744 \uc704\ud55c \uc120\uc81c\uc801 \ud22c\uc790\ub85c \uc801\uc790 \uc804\ud658\ud588\ub2e4.\ubc14\uc774\uc624\uc758\uc57d\ud488 \uc804\ubb38\ud68c\uc0ac\uc778 \uc5d0\uc2a4\ud2f0\uc820\ubc14\uc774\uc624\uc758 1\ubd84\uae30 \ub9e4\ucd9c\uc740 \uc804\ub144 \ub3d9\uae30 \ub300\ube44 17.9% \uac10\uc18c\ud55c 39\uc5b5\uc6d0, \uc601\uc5c5\uc190\uc2e4\uc740 \uc804\ub144 \ub3d9\uae30 \ub300\ube44 \uc801\uc790\ud3ed\uc744 \uc904\uc778 34\uc5b5\uc6d0\uc774\ub2e4. \uc704\ud0c1\uc0dd\uc0b0(CMO) \uc0ac\uc5c5\uc758 \ubd84\uae30\ubcc4 \ubcc0\ub3d9\uc131\uc774 \uc788\uc5b4 \ub9e4\ucd9c\uc740 \uac10\uc18c\ud588\uc73c\ub098 \uc804\ubc18\uc801\uc778 \uacf5\uc815 \uac1c\uc120 \ub4f1\uc73c\ub85c \uc6d0\uac00\uc728\uc774 \uac1c\uc120\ub3fc \uc801\uc790\ud3ed\uc740 \uc904\uc600\ub2e4. \uc0dd\uc218 \uc804\ubb38\ud68c\uc0ac\uc778 \ub3d9\ucc9c\uc218\ub294 \uc790\uccb4\ube0c\ub79c\ub4dc \ub77c\uc778\ubc14\uc2f8(\ud0c4\uc0b0\uc218)\uc640 \ucc9c\ub144\uc218(\uc0dd\uc218) \ub9e4\ucd9c \uc99d\uac00\ub85c \uc804\ub144 \ub3d9\uae30 \ub300\ube44 28.9% \uc131\uc7a5\ud55c \ub9e4\ucd9c 77\uc5b5\uc6d0\uc744 \uae30\ub85d\ud588\ub2e4. \uc601\uc5c5\uc774\uc775\ub3c4 53.1% \uc99d\uac00\ud55c 5\uc5b5\uc6d0\uc774\ub2e4.\n"}, {"market": "kospi", "sid": "000640", "codename": "\ub3d9\uc544\uc3d8\uc2dc\uc624\ud640\ub529\uc2a4", "year": 2022, "month": 5, "article_url": "https://m.etoday.co.kr/view.php?idxno=2130710", "news_company": "\uc774\ud22c\ub370\uc774", "title": "\ub3d9\uc544\uc3d8\uc2dc\uc624\ud640\ub529\uc2a4, 1\ubd84\uae30 \ub9e4\ucd9c 2233\uc5b5\u2026\ubc15\uce74\uc2a4 468\uc5b5 \ud310\ub9e4", "headline": null, "date_str": null, "writer": null, "section": null, "original_article_link": null, "article_body": null}, {"market": "kospi", "sid": "000640", "codename": "\ub3d9\uc544\uc3d8\uc2dc\uc624\ud640\ub529\uc2a4", "year": 2022, "month": 5, "article_url": "http://m.thebigdata.co.kr/view.php?ud=2022050416014963409071791b3a_23", "news_company": "\ube45\ub370\uc774\ud130\ub274\uc2a4", "title": "\ub3d9\uc544\uc3d8\uc2dc\uc624\ud640\ub529\uc2a4, \"1\ubd84\uae30 \ub9e4\ucd9c 16.2% \uc99d\uac00\u2026\ub9c8\ucf00\ud305 \ube44\uc6a9\uc73c\ub85c \uc601\uc5c5\uc774\uc775\uc740 \uc801\uc790\uc804\ud658\"", "headline": null, "date_str": null, "writer": null, "section": null, "original_article_link": null, "article_body": null}, {"market": "kospi", "sid": "000640", "codename": "\ub3d9\uc544\uc3d8\uc2dc\uc624\ud640\ub529\uc2a4", "year": 2022, "month": 5, "article_url": "http://m.whosaeng.com/135854", "news_company": "\ud6c4\uc0dd\uc2e0\ubcf4", "title": "\ub3d9\uc544\uc3d8\uc2dc\uc624\ud640\ub529\uc2a4, 1Q \ub9e4\ucd9c \uc804\ub144\ub3d9\uae30\ube44 16% \uaed1\ucda9", "headline": null, "date_str": null, "writer": null, "section": null, "original_article_link": null, "article_body": null}, {"market": "kospi", "sid": "000640", "codename": "\ub3d9\uc544\uc3d8\uc2dc\uc624\ud640\ub529\uc2a4", "year": 2022, "month": 5, "article_url": "http://m.dailypharm.com/newsView.html?ID=287787&REFERER=NP", "news_company": "\ub370\uc77c\ub9ac\ud31c", "title": "\ub3d9\uc544\uc3d8\uc2dc\uc624, \uc601\uc5c5\uc775 \uc801\uc790\uc804\ud658\u2026\"\ub9c8\ucf00\ud305 \ube44\uc6a9 \uc120\uc9d1\ud589 \uc601\ud5a5\"", "headline": null, "date_str": null, "writer": null, "section": null, "original_article_link": null, "article_body": null}, {"market": "kospi", "sid": "000640", "codename": "\ub3d9\uc544\uc3d8\uc2dc\uc624\ud640\ub529\uc2a4", "year": 2022, "month": 5, "article_url": "https://www.medipana.com/article/view.php?news_idx=296784&sch_cate=D", "news_company": "\uba54\ub514\ud30c\ub098\ub274\uc2a4", "title": "\ub3d9\uc544\uc3d8\uc2dc\uc624\ud640\ub529\uc2a4, 1\ubd84\uae30 \ub9e4\ucd9c 2233\uc5b5 \uc6d0\u00b716.2% \uc99d\uac00", "headline": null, "date_str": null, "writer": null, "section": null, "original_article_link": null, "article_body": null}, {"market": "kospi", "sid": "000640", "codename": "\ub3d9\uc544\uc3d8\uc2dc\uc624\ud640\ub529\uc2a4", "year": 2022, "month": 5, "article_url": "https://m.etoday.co.kr/view.php?idxno=2130710", "news_company": "\uc774\ud22c\ub370\uc774", "title": "\ub3d9\uc544\uc3d8\uc2dc\uc624\ud640\ub529\uc2a4, 1\ubd84\uae30 \ub9e4\ucd9c 2233\uc5b5\u2026\ubc15\uce74\uc2a4 468\uc5b5 \ud310\ub9e4", "headline": null, "date_str": null, "writer": null, "section": null, "original_article_link": null, "article_body": null}, {"market": "kospi", "sid": "000640", "codename": "\ub3d9\uc544\uc3d8\uc2dc\uc624\ud640\ub529\uc2a4", "year": 2022, "month": 5, "article_url": "http://m.thebigdata.co.kr/view.php?ud=2022050416014963409071791b3a_23", "news_company": "\ube45\ub370\uc774\ud130\ub274\uc2a4", "title": "\ub3d9\uc544\uc3d8\uc2dc\uc624\ud640\ub529\uc2a4, \"1\ubd84\uae30 \ub9e4\ucd9c 16.2% \uc99d\uac00\u2026\ub9c8\ucf00\ud305 \ube44\uc6a9\uc73c\ub85c \uc601\uc5c5\uc774\uc775\uc740 \uc801\uc790\uc804\ud658\"", "headline": null, "date_str": null, "writer": null, "section": null, "original_article_link": null, "article_body": null}, {"market": "kospi", "sid": "000640", "codename": "\ub3d9\uc544\uc3d8\uc2dc\uc624\ud640\ub529\uc2a4", "year": 2022, "month": 5, "article_url": "http://m.whosaeng.com/135854", "news_company": "\ud6c4\uc0dd\uc2e0\ubcf4", "title": "\ub3d9\uc544\uc3d8\uc2dc\uc624\ud640\ub529\uc2a4, 1Q \ub9e4\ucd9c \uc804\ub144\ub3d9\uae30\ube44 16% \uaed1\ucda9", "headline": null, "date_str": null, "writer": null, "section": null, "original_article_link": null, "article_body": null}, {"market": "kospi", "sid": "000640", "codename": "\ub3d9\uc544\uc3d8\uc2dc\uc624\ud640\ub529\uc2a4", "year": 2022, "month": 5, "article_url": "http://m.dailypharm.com/newsView.html?ID=287787&REFERER=NP", "news_company": "\ub370\uc77c\ub9ac\ud31c", "title": "\ub3d9\uc544\uc3d8\uc2dc\uc624, \uc601\uc5c5\uc775 \uc801\uc790\uc804\ud658\u2026\"\ub9c8\ucf00\ud305 \ube44\uc6a9 \uc120\uc9d1\ud589 \uc601\ud5a5\"", "headline": null, "date_str": null, "writer": null, "section": null, "original_article_link": null, "article_body": null}, {"market": "kospi", "sid": "000640", "codename": "\ub3d9\uc544\uc3d8\uc2dc\uc624\ud640\ub529\uc2a4", "year": 2022, "month": 5, "article_url": "https://www.medipana.com/article/view.php?news_idx=296784&sch_cate=D", "news_company": "\uba54\ub514\ud30c\ub098\ub274\uc2a4", "title": "\ub3d9\uc544\uc3d8\uc2dc\uc624\ud640\ub529\uc2a4, 1\ubd84\uae30 \ub9e4\ucd9c 2233\uc5b5 \uc6d0\u00b716.2% \uc99d\uac00", "headline": null, "date_str": null, "writer": null, "section": null, "original_article_link": null, "article_body": null}, {"market": "kospi", "sid": "000640", "codename": "\ub3d9\uc544\uc3d8\uc2dc\uc624\ud640\ub529\uc2a4", "year": 2022, "month": 5, "article_url": "http://m.yakup.com/index.html?m=n&mode=view&cat=12&nid=269130", "news_company": "\uc57d\uc5c5\uc2e0\ubb38", "title": "\ub3d9\uc544\uc3d8\uc2dc\uc624\ud640\ub529\uc2a4, 1\ubd84\uae30 \ub9e4\ucd9c 2,233\uc5b5 \uae30\ub85d", "headline": null, "date_str": null, "writer": null, "section": null, "original_article_link": null, "article_body": null}, {"market": "kospi", "sid": "000640", "codename": "\ub3d9\uc544\uc3d8\uc2dc\uc624\ud640\ub529\uc2a4", "year": 2022, "month": 5, "article_url": "http://weekly.hankooki.com/news/articleView.html?idxno=7072502", "news_company": "\uc8fc\uac04\ud55c\uad6d", "title": "\ub3d9\uc544\uc3d8\uc2dc\uc624\ud640\ub529\uc2a4, 1Q \ub9e4\ucd9c 2233\uc5b5 \uc601\uc5c5\uc190\uc2e4 20\uc5b5... \uc601\uc5c5\uc775 \uc801\uc790 \uc804\ud658", "headline": null, "date_str": null, "writer": null, "section": null, "original_article_link": null, "article_body": null}, {"market": "kospi", "sid": "000640", "codename": "\ub3d9\uc544\uc3d8\uc2dc\uc624\ud640\ub529\uc2a4", "year": 2022, "month": 5, "article_url": "https://www.youthdaily.co.kr/mobile/article.html?no=99547", "news_company": "\uccad\ub144\uc77c\ubcf4", "title": "\ub3d9\uc544\uc3d8\uc2dc\uc624\ud640\ub529\uc2a4, 1\ubd84\uae30 \ub9e4\ucd9c 2\ucc9c233\uc5b5\u2026\uc601\uc5c5\uc775\uc740 \uc801\uc790 \uc804\ud658", "headline": null, "date_str": null, "writer": null, "section": null, "original_article_link": null, "article_body": null}, {"market": "kospi", "sid": "000640", "codename": "\ub3d9\uc544\uc3d8\uc2dc\uc624\ud640\ub529\uc2a4", "year": 2022, "month": 5, "article_url": "https://m.news.naver.com/read?mode=LSD&mid=sec&sid1=101&oid=018&aid=0005207818", "news_company": "\uc774\ub370\uc77c\ub9ac", "title": "\ub3d9\uc544\uc3d8\uc2dc\uc624\ud640\ub529\uc2a4, 1Q 20\uc5b5 \uc601\uc5c5\uc190\uc2e4 \u2018\uc801\uc790\uc804\ud658\u2019", "headline": "\ub3d9\uc544\uc3d8\uc2dc\uc624\ud640\ub529\uc2a4, 1Q 20\uc5b5 \uc601\uc5c5\uc190\uc2e4 \u2018\uc801\uc790\uc804\ud658\u2019", "date_str": "2022.05.04. \uc624\ud6c4 3:49", "writer": "\uc724\uc815\ud6c8 \uae30\uc790", "section": "\uacbd\uc81c", "original_article_link": "http://www.edaily.co.kr/news/newspath.asp?newsid=03053686632325640", "article_body": "\n\t\t\t[\uc774\ub370\uc77c\ub9ac \uc724\uc815\ud6c8 \uae30\uc790] \ub3d9\uc544\uc3d8\uc2dc\uc624\ud640\ub529\uc2a4(000640)\ub294 1\ubd84\uae30 \uc601\uc5c5\uc190\uc2e4\uc774 20\uc5b5\uc6d0\uc73c\ub85c \uc801\uc790\uc804\ud658\ud588\ub2e4\uace0 4\uc77c \uacf5\uc2dc\ud588\ub2e4. \uac19\uc740 \uae30\uac04 \ub9e4\ucd9c\uc561\uc740 2232\uc5b5\uc6d0\uc73c\ub85c 16.1% \uc99d\uac00\ud588\ub2e4.\n"}, {"market": "kospi", "sid": "000640", "codename": "\ub3d9\uc544\uc3d8\uc2dc\uc624\ud640\ub529\uc2a4", "year": 2022, "month": 5, "article_url": "http://daily.hankooki.com/news/articleView.html?idxno=820691", "news_company": "\ub370\uc77c\ub9ac\ud55c\uad6d", "title": "\ub3d9\uc544\uc3d8\uc2dc\uc624\ud640\ub529\uc2a4, \uc62c 1\ubd84\uae30 \uc801\uc790\uc804\ud658\u2026\"\ub9c8\ucf00\ud305 \ube44\uc6a9 \uc120\uc81c\uc801 \uc9d1\ud589\"", "headline": null, "date_str": null, "writer": null, "section": null, "original_article_link": null, "article_body": null}, {"market": "kospi", "sid": "000640", "codename": "\ub3d9\uc544\uc3d8\uc2dc\uc624\ud640\ub529\uc2a4", "year": 2022, "month": 5, "article_url": "https://m.news.naver.com/read?mode=LSD&mid=sec&sid1=101&oid=417&aid=0000810143", "news_company": "\uba38\ub2c8S\uc5b8\ub860\uc0ac \uc120\uc815", "title": "\ub3d9\uc544\uc3d8\uc2dc\uc624\ud640\ub529\uc2a4, \ub9c8\ucf00\ud305 \ube44\uc6a9 \ub54c\ubb38\uc5d0\u20261\ubd84\uae30 \uc601\uc5c5\uc190\uc2e4 20\uc5b5", "headline": "\ub3d9\uc544\uc3d8\uc2dc\uc624\ud640\ub529\uc2a4, \ub9c8\ucf00\ud305 \ube44\uc6a9 \ub54c\ubb38\uc5d0\u20261\ubd84\uae30 \uc601\uc5c5\uc190\uc2e4 20\uc5b5", "date_str": "2022.05.04. \uc624\ud6c4 3:43", "writer": "\uc9c0\uc6a9\uc900 \uae30\uc790", "section": "\uacbd\uc81c", "original_article_link": "http://moneys.mt.co.kr/news/mwView.php?no=2022050415300180890", "article_body": "\n\n\n\n\n\ub3d9\uc544\uc3d8\uc2dc\uc624\ud640\ub529\uc2a4\uac00 1\ubd84\uae30 \uc601\uc5c5\uc190\uc2e4\uc744 \ub0c8\ub2e4. \uc0ac\uc9c4\uc740 \uc11c\uc6b8 \ub3d9\ub300\ubb38\uad6c \ub3d9\uc544\uc3d8\uc2dc\uc624\ud640\ub529\uc2a4 \uc0ac\uc625. /\uc0ac\uc9c4=\ub3d9\uc544\uc3d8\uc2dc\uc624\ud640\ub529\uc2a4 \ub3d9\uc544\uc3d8\uc2dc\uc624\ud640\ub529\uc2a4\uac00 1\ubd84\uae30 \uc601\uc5c5\uc190\uc2e4\uc744 \ub0c8\ub2e4. 1\ubd84\uae30 \ub3d9\uc544\uc81c\uc57d \ub4f1 \uc8fc\uc694 \uc790\ud68c\uc0ac\uc758 \ud310\ub9e4\uad00\ub9ac\ube44(\ud310\uad00\ube44)\uac00 \ub298\uc5b4\ub09c \uae4c\ub2ed\uc774\ub2e4.  4\uc77c \ub3d9\uc544\uc3d8\uc2dc\uc624\ud640\ub529\uc2a4\uc5d0 \ub530\ub974\uba74 \uc62c 1\ubd84\uae30 \uc7a0\uc815 \uc601\uc5c5\uc190\uc2e4\uc561\uc740 20\uc5b5\uc6d0\uc73c\ub85c \uc9c0\ub09c\ud574 \uac19\uc740\uae30\uac04\uacfc \ube44\uad50\ud574 \uc801\uc790\uc804\ud658\ud588\ub2e4. \uac19\uc740 \uae30\uac04 \ub9e4\ucd9c\uc740 2233\uc5b5\uc6d0\uc73c\ub85c 16.2% \ub298\uc5c8\uc9c0\ub9cc \ub2f9\uae30\uc21c\uc190\uc2e4\uc740 68\uc5b5\uc6d0\uc73c\ub85c \uc801\uc790\uc804\ud658\ud588\ub2e4.\ub3d9\uc544\uc3d8\uc2dc\uc624\ud640\ub529\uc2a4 \uad00\uacc4\uc790\ub294 \"1\ubd84\uae30 \uc8fc\uc694 \uc790\ud68c\uc0ac\ub4e4\uc758 \ub9e4\ucd9c\uc561\uc740 \uace0\ub974\uac8c \uc131\uc7a5\ud588\uc9c0\ub9cc \ud310\uad00\ube44\ub97c \uc120\uc81c\uc801\uc73c\ub85c \uc9d1\ud589\ud574 \uc801\uc790\uc804\ud658\ud588\ub2e4\"\uace0 \uc124\uba85\ud588\ub2e4. \ub3d9\uc544\uc3d8\uc2dc\uc624\ud640\ub529\uc2a4\uc758 \ub9e4\ucd9c \uc131\uc7a5\uc740 \uc790\ud68c\uc0ac \ub3d9\uc544\uc81c\uc57d\uc774 \uc774\ub04c\uc5c8\ub2e4. \ub3d9\uc544\uc81c\uc57d\uc758 \ub9e4\ucd9c\uc561\uc740 \uc804\ub144 \ub3d9\uae30 \ub300\ube44 20.6% \uc99d\uac00\ud55c 1148\uc5b5\uc6d0\uc744 \ub0c8\ub2e4. \uc8fc\uc694 \uc81c\ud488\uc778 \ubc15\uce74\uc2a4(\ubc15\uce74\uc2a4D\u00b7\ubc15\uce74\uc2a4F) \ub9e4\ucd9c\uc774 481\uc5b5\uc6d0\uc744 \uae30\ub85d 9.0% \uc99d\uac00\ud588\ub2e4. \uc774\uc678\uc5d0\ub3c4 \uac10\uae30\uc57d \ud310\ud53c\ub9b0\uc774 127\uc5b5\uc6d0\uc744 \uae30\ub85d\ub4f1 \uc77c\ubc18\uc758\uc57d\ud488\uacfc \uac74\uac15\uae30\ub2a5\uc2dd\ud488 \ub4f1  \uc8fc\uc694 \uc81c\ud488\uad70\uc5d0\uc11c \uace0\ub978 \uc131\uc7a5\uc138\ub97c \ubcf4\uc600\ub2e4.  \uc774\uc678\uc5d0\ub3c4 \ubb3c\ub958\ud68c\uc0ac \uc6a9\ub9c8\ub85c\uc9c1\uc2a4\uc640 \uc0dd\uc218\ud68c\uc0ac \ub3d9\ucc9c\uc218\uc758 \ub9e4\ucd9c\uc561\uc774 \uac01\uac01 9.7%, 28.9% \uc131\uc7a5\ud558\uba70 \ub3d9\uc544\uc3d8\uc2dc\uc624\ud640\ub529\uc2a4\uc758 \ub9e4\ucd9c \uc131\uc7a5\uc5d0 \uae30\uc5ec\ud588\ub2e4. \ub2e4\ub9cc \uc8fc\uc694 \uc790\ud68c\uc0ac\ub4e4\uc774 \ub9c8\ucf00\ud305 \ube44\uc6a9\uc774 \uc99d\uac00\ud574 \ub3d9\uc544\uc3d8\uc2dc\uc624\ud640\ub529\uc2a4\ub294 \uc601\uc5c5 \uc190\uc2e4\uc744 \ub0c8\ub2e4. \ub3d9\uc544\uc81c\uc57d\uc740 1\ubd84\uae30\uc5d0\ub9cc \ud310\uad00\ube44\ub85c 497\uc5b5\uc6d0\uc744 \uc9d1\ud589\ud588\ub2e4. \uc774\ub294 \uc804\ub144 \ub3d9\uae30 \ub300\ube44 124\uc5b5\uc6d0 \uc99d\uac00\ud55c \uc218\uc900\uc774\ub2e4. \ub3d9\uc544\uc81c\uc57d\uc758 \uc601\uc5c5\uc774\uc775\uc740 13.7% \uac10\uc18c\ud55c 51\uc5b5\uc6d0\uc744 \uae30\ub85d\ud588\ub2e4. \ubb3c\ub958\ud68c\uc0ac \uc6a9\ub9c8\ub85c\uc9c0\uc2a4\ub3c4 \ubb3c\ub958\ube44 \uc99d\uac00\uc640 \ud22c\uc790\uae08 \ud655\ub300\ud588\ub2e4.  \ud22c\uc790\uae08 \ud655\ub300\ub85c \uc6a9\ub9c8\ub85c\uc9c0\uc2a4\ub3c4 \uc601\uc5c5\uc190\uc2e4\uc561\uc774 12\uc5b5\uc6d0\uc73c\ub85c \uc801\uc790\uc804\ud658\ud588\ub2e4.\ub3d9\uc544\uc3d8\uc2dc\uc624\ud640\ub529\uc2a4 \uce21\uc740 \"\uc790\ud68c\uc0ac\ub4e4\uc774 1\ubd84\uae30\uc5d0 \ud310\uad00\ube44\uac00 \uc120\uc81c\uc801\uc73c\ub85c \uc9d1\ud589\ud55c \ub9cc\ud07c \uc62c\ud574 \uc804\ubc18\uc801\uc778 \ub9e4\ucd9c\uacfc \uc601\uc5c5\uc774\uc775\uc740 \uc99d\uac00\ud560 \uac83\"\uc774\ub77c\uace0 \uae30\ub300\ud588\ub2e4.\n"}, {"market": "kospi", "sid": "000640", "codename": "\ub3d9\uc544\uc3d8\uc2dc\uc624\ud640\ub529\uc2a4", "year": 2022, "month": 5, "article_url": "http://www.kdfnews.com/news/articleView.html?idxno=91119", "news_company": "\ud55c\uad6d\uba74\uc138\ub274\uc2a4", "title": "\ub3d9\uc544\uc3d8\uc2dc\uc624\ud640\ub529\uc2a4 22\ub144 1\ubd84\uae30, \uc801\uc790 \uc804\ud658...\ud310\uad00\ube44 \uc120\uc81c \uc9d1\ud589\uc73c\ub85c\u00a0", "headline": null, "date_str": null, "writer": null, "section": null, "original_article_link": null, "article_body": null}, {"market": "kospi", "sid": "000640", "codename": "\ub3d9\uc544\uc3d8\uc2dc\uc624\ud640\ub529\uc2a4", "year": 2022, "month": 5, "article_url": "http://m.newspim.com/news/view/20220504000790", "news_company": "\ub274\uc2a4\ud54c", "title": "\ub3d9\uc544\uc3d8\uc2dc\uc624\ud640\ub529\uc2a4, 1Q \uc601\uc5c5\uc775 \uc804\ub144 \ub3d9\uae30\u6bd4 \uc801\uc790 \uc804\ud658", "headline": null, "date_str": null, "writer": null, "section": null, "original_article_link": null, "article_body": null}, {"market": "kospi", "sid": "000640", "codename": "\ub3d9\uc544\uc3d8\uc2dc\uc624\ud640\ub529\uc2a4", "year": 2022, "month": 5, "article_url": "http://www.businesskorea.co.kr/news/articleView.html?idxno=92173", "news_company": "\ube44\uc9c0\ub2c8\uc2a4\ucf54\ub9ac\uc544", "title": "\ub3d9\uc544\uc3d8\uc2dc\uc624\ud640\ub529\uc2a4, \ub9e4\ucd9c \uc99d\uac00 \uc601\uc5c5\uc774\uc775\uc740 \uc801\uc790", "headline": null, "date_str": null, "writer": null, "section": null, "original_article_link": null, "article_body": null}, {"market": "kospi", "sid": "000640", "codename": "\ub3d9\uc544\uc3d8\uc2dc\uc624\ud640\ub529\uc2a4", "year": 2022, "month": 5, "article_url": "http://news.mtn.co.kr/news-detail/2022050415220459586", "news_company": "MTN", "title": "\ub3d9\uc544\uc3d8\uc2dc\uc624\ud640\ub529\uc2a4, 1\ubd84\uae30 \ub9e4\ucd9c 2,233\uc5b5\uc6d0\u2026\uc804\ub144\ube44 16% \uc99d\uac00", "headline": null, "date_str": null, "writer": null, "section": null, "original_article_link": null, "article_body": null}, {"market": "kospi", "sid": "000640", "codename": "\ub3d9\uc544\uc3d8\uc2dc\uc624\ud640\ub529\uc2a4", "year": 2022, "month": 5, "article_url": "https://m.news.naver.com/read?mode=LSD&mid=sec&sid1=101&oid=417&aid=0000810143", "news_company": "\uba38\ub2c8S\uc5b8\ub860\uc0ac \uc120\uc815", "title": "\ub3d9\uc544\uc3d8\uc2dc\uc624\ud640\ub529\uc2a4, \ub9c8\ucf00\ud305 \ube44\uc6a9 \ub54c\ubb38\uc5d0\u20261\ubd84\uae30 \uc601\uc5c5\uc190\uc2e4 20\uc5b5", "headline": "\ub3d9\uc544\uc3d8\uc2dc\uc624\ud640\ub529\uc2a4, \ub9c8\ucf00\ud305 \ube44\uc6a9 \ub54c\ubb38\uc5d0\u20261\ubd84\uae30 \uc601\uc5c5\uc190\uc2e4 20\uc5b5", "date_str": "2022.05.04. \uc624\ud6c4 3:43", "writer": "\uc9c0\uc6a9\uc900 \uae30\uc790", "section": "\uacbd\uc81c", "original_article_link": "http://moneys.mt.co.kr/news/mwView.php?no=2022050415300180890", "article_body": "\n\n\n\n\n\ub3d9\uc544\uc3d8\uc2dc\uc624\ud640\ub529\uc2a4\uac00 1\ubd84\uae30 \uc601\uc5c5\uc190\uc2e4\uc744 \ub0c8\ub2e4. \uc0ac\uc9c4\uc740 \uc11c\uc6b8 \ub3d9\ub300\ubb38\uad6c \ub3d9\uc544\uc3d8\uc2dc\uc624\ud640\ub529\uc2a4 \uc0ac\uc625. /\uc0ac\uc9c4=\ub3d9\uc544\uc3d8\uc2dc\uc624\ud640\ub529\uc2a4 \ub3d9\uc544\uc3d8\uc2dc\uc624\ud640\ub529\uc2a4\uac00 1\ubd84\uae30 \uc601\uc5c5\uc190\uc2e4\uc744 \ub0c8\ub2e4. 1\ubd84\uae30 \ub3d9\uc544\uc81c\uc57d \ub4f1 \uc8fc\uc694 \uc790\ud68c\uc0ac\uc758 \ud310\ub9e4\uad00\ub9ac\ube44(\ud310\uad00\ube44)\uac00 \ub298\uc5b4\ub09c \uae4c\ub2ed\uc774\ub2e4.  4\uc77c \ub3d9\uc544\uc3d8\uc2dc\uc624\ud640\ub529\uc2a4\uc5d0 \ub530\ub974\uba74 \uc62c 1\ubd84\uae30 \uc7a0\uc815 \uc601\uc5c5\uc190\uc2e4\uc561\uc740 20\uc5b5\uc6d0\uc73c\ub85c \uc9c0\ub09c\ud574 \uac19\uc740\uae30\uac04\uacfc \ube44\uad50\ud574 \uc801\uc790\uc804\ud658\ud588\ub2e4. \uac19\uc740 \uae30\uac04 \ub9e4\ucd9c\uc740 2233\uc5b5\uc6d0\uc73c\ub85c 16.2% \ub298\uc5c8\uc9c0\ub9cc \ub2f9\uae30\uc21c\uc190\uc2e4\uc740 68\uc5b5\uc6d0\uc73c\ub85c \uc801\uc790\uc804\ud658\ud588\ub2e4.\ub3d9\uc544\uc3d8\uc2dc\uc624\ud640\ub529\uc2a4 \uad00\uacc4\uc790\ub294 \"1\ubd84\uae30 \uc8fc\uc694 \uc790\ud68c\uc0ac\ub4e4\uc758 \ub9e4\ucd9c\uc561\uc740 \uace0\ub974\uac8c \uc131\uc7a5\ud588\uc9c0\ub9cc \ud310\uad00\ube44\ub97c \uc120\uc81c\uc801\uc73c\ub85c \uc9d1\ud589\ud574 \uc801\uc790\uc804\ud658\ud588\ub2e4\"\uace0 \uc124\uba85\ud588\ub2e4. \ub3d9\uc544\uc3d8\uc2dc\uc624\ud640\ub529\uc2a4\uc758 \ub9e4\ucd9c \uc131\uc7a5\uc740 \uc790\ud68c\uc0ac \ub3d9\uc544\uc81c\uc57d\uc774 \uc774\ub04c\uc5c8\ub2e4. \ub3d9\uc544\uc81c\uc57d\uc758 \ub9e4\ucd9c\uc561\uc740 \uc804\ub144 \ub3d9\uae30 \ub300\ube44 20.6% \uc99d\uac00\ud55c 1148\uc5b5\uc6d0\uc744 \ub0c8\ub2e4. \uc8fc\uc694 \uc81c\ud488\uc778 \ubc15\uce74\uc2a4(\ubc15\uce74\uc2a4D\u00b7\ubc15\uce74\uc2a4F) \ub9e4\ucd9c\uc774 481\uc5b5\uc6d0\uc744 \uae30\ub85d 9.0% \uc99d\uac00\ud588\ub2e4. \uc774\uc678\uc5d0\ub3c4 \uac10\uae30\uc57d \ud310\ud53c\ub9b0\uc774 127\uc5b5\uc6d0\uc744 \uae30\ub85d\ub4f1 \uc77c\ubc18\uc758\uc57d\ud488\uacfc \uac74\uac15\uae30\ub2a5\uc2dd\ud488 \ub4f1  \uc8fc\uc694 \uc81c\ud488\uad70\uc5d0\uc11c \uace0\ub978 \uc131\uc7a5\uc138\ub97c \ubcf4\uc600\ub2e4.  \uc774\uc678\uc5d0\ub3c4 \ubb3c\ub958\ud68c\uc0ac \uc6a9\ub9c8\ub85c\uc9c1\uc2a4\uc640 \uc0dd\uc218\ud68c\uc0ac \ub3d9\ucc9c\uc218\uc758 \ub9e4\ucd9c\uc561\uc774 \uac01\uac01 9.7%, 28.9% \uc131\uc7a5\ud558\uba70 \ub3d9\uc544\uc3d8\uc2dc\uc624\ud640\ub529\uc2a4\uc758 \ub9e4\ucd9c \uc131\uc7a5\uc5d0 \uae30\uc5ec\ud588\ub2e4. \ub2e4\ub9cc \uc8fc\uc694 \uc790\ud68c\uc0ac\ub4e4\uc774 \ub9c8\ucf00\ud305 \ube44\uc6a9\uc774 \uc99d\uac00\ud574 \ub3d9\uc544\uc3d8\uc2dc\uc624\ud640\ub529\uc2a4\ub294 \uc601\uc5c5 \uc190\uc2e4\uc744 \ub0c8\ub2e4. \ub3d9\uc544\uc81c\uc57d\uc740 1\ubd84\uae30\uc5d0\ub9cc \ud310\uad00\ube44\ub85c 497\uc5b5\uc6d0\uc744 \uc9d1\ud589\ud588\ub2e4. \uc774\ub294 \uc804\ub144 \ub3d9\uae30 \ub300\ube44 124\uc5b5\uc6d0 \uc99d\uac00\ud55c \uc218\uc900\uc774\ub2e4. \ub3d9\uc544\uc81c\uc57d\uc758 \uc601\uc5c5\uc774\uc775\uc740 13.7% \uac10\uc18c\ud55c 51\uc5b5\uc6d0\uc744 \uae30\ub85d\ud588\ub2e4. \ubb3c\ub958\ud68c\uc0ac \uc6a9\ub9c8\ub85c\uc9c0\uc2a4\ub3c4 \ubb3c\ub958\ube44 \uc99d\uac00\uc640 \ud22c\uc790\uae08 \ud655\ub300\ud588\ub2e4.  \ud22c\uc790\uae08 \ud655\ub300\ub85c \uc6a9\ub9c8\ub85c\uc9c0\uc2a4\ub3c4 \uc601\uc5c5\uc190\uc2e4\uc561\uc774 12\uc5b5\uc6d0\uc73c\ub85c \uc801\uc790\uc804\ud658\ud588\ub2e4.\ub3d9\uc544\uc3d8\uc2dc\uc624\ud640\ub529\uc2a4 \uce21\uc740 \"\uc790\ud68c\uc0ac\ub4e4\uc774 1\ubd84\uae30\uc5d0 \ud310\uad00\ube44\uac00 \uc120\uc81c\uc801\uc73c\ub85c \uc9d1\ud589\ud55c \ub9cc\ud07c \uc62c\ud574 \uc804\ubc18\uc801\uc778 \ub9e4\ucd9c\uacfc \uc601\uc5c5\uc774\uc775\uc740 \uc99d\uac00\ud560 \uac83\"\uc774\ub77c\uace0 \uae30\ub300\ud588\ub2e4.\n"}, {"market": "kospi", "sid": "000640", "codename": "\ub3d9\uc544\uc3d8\uc2dc\uc624\ud640\ub529\uc2a4", "year": 2022, "month": 5, "article_url": "http://www.kdfnews.com/news/articleView.html?idxno=91119", "news_company": "\ud55c\uad6d\uba74\uc138\ub274\uc2a4", "title": "\ub3d9\uc544\uc3d8\uc2dc\uc624\ud640\ub529\uc2a4 22\ub144 1\ubd84\uae30, \uc801\uc790 \uc804\ud658...\ud310\uad00\ube44 \uc120\uc81c \uc9d1\ud589\uc73c\ub85c\u00a0", "headline": null, "date_str": null, "writer": null, "section": null, "original_article_link": null, "article_body": null}, {"market": "kospi", "sid": "000640", "codename": "\ub3d9\uc544\uc3d8\uc2dc\uc624\ud640\ub529\uc2a4", "year": 2022, "month": 5, "article_url": "http://m.newspim.com/news/view/20220504000790", "news_company": "\ub274\uc2a4\ud54c", "title": "\ub3d9\uc544\uc3d8\uc2dc\uc624\ud640\ub529\uc2a4, 1Q \uc601\uc5c5\uc775 \uc804\ub144 \ub3d9\uae30\u6bd4 \uc801\uc790 \uc804\ud658", "headline": null, "date_str": null, "writer": null, "section": null, "original_article_link": null, "article_body": null}, {"market": "kospi", "sid": "000640", "codename": "\ub3d9\uc544\uc3d8\uc2dc\uc624\ud640\ub529\uc2a4", "year": 2022, "month": 5, "article_url": "http://www.businesskorea.co.kr/news/articleView.html?idxno=92173", "news_company": "\ube44\uc9c0\ub2c8\uc2a4\ucf54\ub9ac\uc544", "title": "\ub3d9\uc544\uc3d8\uc2dc\uc624\ud640\ub529\uc2a4, \ub9e4\ucd9c \uc99d\uac00 \uc601\uc5c5\uc774\uc775\uc740 \uc801\uc790", "headline": null, "date_str": null, "writer": null, "section": null, "original_article_link": null, "article_body": null}, {"market": "kospi", "sid": "000640", "codename": "\ub3d9\uc544\uc3d8\uc2dc\uc624\ud640\ub529\uc2a4", "year": 2022, "month": 5, "article_url": "http://news.mtn.co.kr/news-detail/2022050415220459586", "news_company": "MTN", "title": "\ub3d9\uc544\uc3d8\uc2dc\uc624\ud640\ub529\uc2a4, 1\ubd84\uae30 \ub9e4\ucd9c 2,233\uc5b5\uc6d0\u2026\uc804\ub144\ube44 16% \uc99d\uac00", "headline": null, "date_str": null, "writer": null, "section": null, "original_article_link": null, "article_body": null}, {"market": "kospi", "sid": "000640", "codename": "\ub3d9\uc544\uc3d8\uc2dc\uc624\ud640\ub529\uc2a4", "year": 2022, "month": 5, "article_url": "https://m.mdtoday.co.kr/news/view/1065593049343735", "news_company": "\uba54\ub514\uceec\ud22c\ub370\uc774", "title": "\ub3d9\uc544\uc3d8\uc2dc\uc624\ud640\ub529\uc2a4, 1\ubd84\uae30 \uc601\uc5c5\uc190\uc2e4 20\uc5b5\u2026\uc801\uc790\uc804\ud658", "headline": null, "date_str": null, "writer": null, "section": null, "original_article_link": null, "article_body": null}, {"market": "kospi", "sid": "000640", "codename": "\ub3d9\uc544\uc3d8\uc2dc\uc624\ud640\ub529\uc2a4", "year": 2022, "month": 5, "article_url": "https://m.news.naver.com/read?mode=LSD&mid=sec&sid1=101&oid=277&aid=0005084585", "news_company": "\uc544\uc2dc\uc544\uacbd\uc81c", "title": "\ub3d9\uc544\uc3d8\uc2dc\uc624\ud640\ub529\uc2a4, 1Q \ub9e4\ucd9c 2233\uc5b5\u2026 \uc601\uc5c5\uc775 \uc801\uc790 \uc804\ud658", "headline": "\ub3d9\uc544\uc3d8\uc2dc\uc624\ud640\ub529\uc2a4, 1Q \ub9e4\ucd9c 2233\uc5b5\u2026 \uc601\uc5c5\uc775 \uc801\uc790 \uc804\ud658", "date_str": "2022.05.04. \uc624\ud6c4 3:24", "writer": "\uc774\ucd98\ud76c \uae30\uc790", "section": "\uacbd\uc81c", "original_article_link": "https://view.asiae.co.kr/article/2022050415250025756", "article_body": "\n\n\n\n\n\ub3d9\uc544\uc3d8\uc2dc\uc624\ud640\ub529\uc2a4\uac00 \uc62c\ud574 1\ubd84\uae30 \ub9e4\ucd9c\uc561 2233\uc5b5\uc6d0, \uc601\uc5c5\uc774\uc775 20\uc5b5\uc6d0 \uc801\uc790\uc758 \uc2e4\uc801\uc744 \uae30\ub85d\ud588\ub2e4.\ub3d9\uc544\uc3d8\uc2dc\uc624\ud640\ub529\uc2a4\uc740 1\ubd84\uae30 \uc5f0\uacb0 \uae30\uc900 \uc601\uc5c5(\uc7a0\uc815)\uc2e4\uc801\uc774 \ub9e4\ucd9c\uc561 2232\uc5b56000\ub9cc\uc6d0, \uc601\uc5c5\uc774\uc775 20\uc5b5100\ub9cc\uc6d0 \uc801\uc790, \ub2f9\uae30\uc21c\uc774\uc775 68\uc5b54100\ub9cc\uc6d0 \uc801\uc790\ub77c\uace0 4\uc77c \uacf5\uc2dc\ud588\ub2e4. \uc804\ub144 \ub3d9\uae30 \ub300\ube44\ub85c\ub294 \ub9e4\ucd9c\uc740 16.2% \uc99d\uac00\ud588\uc9c0\ub9cc \uc601\uc5c5\uc774\uc775\uacfc \ub2f9\uae30\uc21c\uc774\uc775\uc740 \ubaa8\ub450 \uc801\uc790\ub85c \uc804\ud658\ub410\ub2e4.\ud68c\uc0ac \uce21\uc740 \"\ub9e4\ucd9c \ud655\ub300\ub97c \uc704\ud55c \ub9c8\ucf00\ud305(\ud310\ub9e4\uad00\ub9ac\ube44) \ube44\uc6a9\uc744 1\ubd84\uae30\uc5d0 \uc120\uc81c\uc801\uc73c\ub85c \uc9d1\ud589\ud574 \uc601\uc5c5\uc190\uc775\uc774 \uc801\uc790\uc804\ud658\ud588\ub2e4\"\uba70 \"\uc62c\ud574 \ub9e4\ucd9c \ubc0f \uc601\uc5c5\uc774\uc775\uc740 \uc810\uc9c4\uc801\uc73c\ub85c \uc99d\uac00\ud560 \uac83\uc73c\ub85c \uc608\uc0c1\ub41c\ub2e4\"\uace0 \uc124\uba85\ud588\ub2e4.\uc790\ud68c\uc0ac \ubcc4\ub85c \uc0b4\ud3b4\ubcf4\uba74 \uc77c\ubc18\uc758\uc57d\ud488 \uc804\ubb38\ud68c\uc0ac\uc778 \ub3d9\uc544\uc81c\uc57d\uc740 \ubc15\uce74\uc2a4\uc640 \uc77c\ubc18\uc758\uc57d\ud488(OTC), \uac74\uac15\uae30\ub2a5\uc2dd\ud488 \ub4f1 \uc804 \ubd80\ubb38\uc5d0\uc11c \ub9e4\ucd9c\uc774 \ub298\uba70 \uc804\ub144 \ub3d9\uae30 \ub300\ube44 20.6% \uc99d\uac00\ud55c 1148\uc5b5\uc6d0\uc758 \ub9e4\ucd9c\uc744 \uc62c\ub838\ub2e4. \ud558\uc9c0\ub9cc \uc601\uc5c5\uc774\uc775\uc740 \ud310\uad00\ube44\uc6a9 \uc9d1\uc911 \uc9d1\ud589\uc73c\ub85c 13.7% \uc904\uc5b4\ub4e0 51\uc5b5\uc6d0\uc73c\ub85c \uc9d1\uacc4\ub410\ub2e4. \ub2f9\uae30\uc21c\uc774\uc775\ub3c4 9.2% \uac10\uc18c\ud55c 37\uc5b5\uc6d0\uc774\ub2e4. \ubc14\uc774\uc624\uc758\uc57d\ud488 \uc804\ubb38\ud68c\uc0ac \uc5d0\uc2a4\ud2f0\uc820\ubc14\uc774\uc624\ub294 \ub9e4\ucd9c 39\uc5b5\uc6d0\uc73c\ub85c \uc804\ub144 \ub3d9\uae30 \ub300\ube44 17.9% \uac10\uc18c\ud588\ub2e4. \ub3d9\uc544\uc3d8\uc2dc\uc624\ud640\ub529\uc2a4 \uce21\uc740 \"\uc704\ud0c1\uc0dd\uc0b0(CMO) \uc0ac\uc5c5\uc744 \uc8fc\ub825\uc73c\ub85c \ud558\ub2e4 \ubcf4\ub2c8 \ubd84\uae30\ubcc4 \ubcc0\ub3d9\uc131\uc774 \uc788\ub2e4\"\uace0 \ub9e4\ucd9c \uac10\uc18c\uc758 \uc6d0\uc778\uc744 \uc124\uba85\ud588\ub2e4. \uc601\uc5c5\uc774\uc775\uacfc \ub2f9\uae30\uc21c\uc774\uc775\uc740 \uc801\uc790\ub97c \uc774\uc5b4\uac14\uc9c0\ub9cc \ubaa8\ub450 \uadf8 \ud3ed\uc744 \uc904\uc600\ub2e4. \uc601\uc5c5\uc774\uc775\uc740 \uc804\ub144 \ub3d9\uae30 59\uc5b5\uc6d0 \uc801\uc790\uc600\uc9c0\ub9cc 34\uc5b5\uc6d0 \uc801\uc790\ub97c \uae30\ub85d\ud588\uace0, \ub2f9\uae30\uc21c\uc774\uc775\uc740 57\uc5b5\uc6d0 \uc801\uc790\uc5d0\uc11c 36\uc5b5\uc6d0 \uc801\uc790\ub97c \uae30\ub85d\ud588\ub2e4. \ud68c\uc0ac \uce21\uc740 \"\uc804\ubc18\uc801\uc778 \uacf5\uc815 \uac1c\uc120 \ub4f1\uc73c\ub85c \uc6d0\uac00\uc728\uc774 \uac1c\uc120\ub418\uace0 \uc788\ub2e4\"\uba70 \"\uc62c\ud574\ub294 \uc9c0\ub09c\ud574 \ub300\ube44 \ub9e4\ucd9c \uc99d\uac00 \ubc0f \uc601\uc5c5\uc774\uc775 \ud751\uc790 \uc804\ud658\uc774 \uc608\uc0c1\ub41c\ub2e4\"\uace0 \uc804\ud588\ub2e4. \ubb3c\ub958 \uc804\ubb38\ud68c\uc0ac\uc778 \uc6a9\ub9c8\ub85c\uc9c0\uc2a4\ub294 \ub9e4\ucd9c\uc561 771\uc5b5\uc6d0, \uc601\uc5c5\uc774\uc775 12\uc5b5\uc6d0 \uc801\uc790, \ub2f9\uae30\uc21c\uc774\uc775 13\uc5b5\uc6d0 \uc801\uc790\ub97c \uae30\ub85d\ud588\ub2e4. \uc0dd\uc218 \uc804\ubb38\ud68c\uc0ac \ub3d9\ucc9c\uc218\ub294 \ub9e4\ucd9c 77\uc5b5\uc6d0, \uc601\uc5c5\uc774\uc775 5\uc5b5\uc6d0, \ub2f9\uae30\uc21c\uc774\uc775 4\uc5b5\uc6d0\uc758 \uc2e4\uc801\uc744 \uacf5\uc2dc\ud588\ub2e4.\n"}, {"market": "kospi", "sid": "000640", "codename": "\ub3d9\uc544\uc3d8\uc2dc\uc624\ud640\ub529\uc2a4", "year": 2022, "month": 5, "article_url": "http://www.medisobizanews.com/news/articleView.html?idxno=87128", "news_company": "\uba54\ub514\uc18c\ube44\uc790\ub274\uc2a4", "title": "\ub3d9\uc544\uc3d8\uc2dc\uc624\ud640\ub529\uc2a4 1\ubd84\uae30 \uc601\uc5c5\uc190\uc2e4 20\uc5b5\u2026\uc801\uc790 \uc804\ud658", "headline": null, "date_str": null, "writer": null, "section": null, "original_article_link": null, "article_body": null}, {"market": "kospi", "sid": "000640", "codename": "\ub3d9\uc544\uc3d8\uc2dc\uc624\ud640\ub529\uc2a4", "year": 2022, "month": 5, "article_url": "https://www.fetv.co.kr/mobile/article.html?no=114726", "news_company": "FETV", "title": "\ub3d9\uc544\uc3d8\uc2dc\uc624\ud640\ub529\uc2a4, 1\ubd84\uae30 \uc804\ub144\ube44 \ub9e4\ucd9c\uc740 16% \uc99d\uac00 \uc601\uc5c5\uc190\uc2e4 20\uc5b5\uc6d0", "headline": null, "date_str": null, "writer": null, "section": null, "original_article_link": null, "article_body": null}, {"market": "kospi", "sid": "000640", "codename": "\ub3d9\uc544\uc3d8\uc2dc\uc624\ud640\ub529\uc2a4", "year": 2022, "month": 5, "article_url": "https://m.news.naver.com/read?mode=LSD&mid=sec&sid1=101&oid=003&aid=0011165067", "news_company": "\ub274\uc2dc\uc2a4", "title": "\ub3d9\uc544\uc3d8\uc2dc\uc624\ud640\ub529\uc2a4, 1\ubd84\uae30 20\uc5b5 \uc601\uc5c5\uc190\uc2e4\u2026\uc801\uc790 \uc804\ud658", "headline": "\ub3d9\uc544\uc3d8\uc2dc\uc624\ud640\ub529\uc2a4, 1\ubd84\uae30 20\uc5b5 \uc601\uc5c5\uc190\uc2e4\u2026\uc801\uc790 \uc804\ud658", "date_str": "2022.05.04. \uc624\ud6c4 3:06", "writer": "\ucd5c\ud604\ud638 \uae30\uc790", "section": "\uacbd\uc81c", "original_article_link": "http://www.newsis.com/view/?id=NISX20220504_0001859721&cID=15001&pID=15000", "article_body": "\n\t\t\t[\uc11c\uc6b8=\ub274\uc2dc\uc2a4]\ucd5c\ud604\ud638 \uae30\uc790 = \ub3d9\uc544\uc3d8\uc2dc\uc624\ud640\ub529\uc2a4\ub294 \uc62c\ud574 1\ubd84\uae30 \uc5f0\uacb0 \uae30\uc900 20\uc5b5 \uc601\uc5c5\uc190\uc2e4\uc744 \uae30\ub85d\ud558\uba70 \uc804\ub144 \ub3d9\uae30 \ub300\ube44 \uc801\uc790\uc804\ud658\ud588\ub2e4\uace0 4\uc77c \uacf5\uc2dc\ud588\ub2e4.\ub9e4\ucd9c\uc561\uc740 16.15% \ub298\uc5b4\ub09c 2232\uc5b56000\ub9cc\uc6d0\uc73c\ub85c \uc9d1\uacc4\ub410\uc73c\uba70, 68\uc5b54100\ub9cc\uc6d0\uc758 \ub2f9\uae30\uc21c\uc190\uc2e4\uc744 \uae30\ub85d\ud588\ub2e4.\n"}, {"market": "kospi", "sid": "000640", "codename": "\ub3d9\uc544\uc3d8\uc2dc\uc624\ud640\ub529\uc2a4", "year": 2022, "month": 5, "article_url": "https://m.news.naver.com/read?mode=LSD&mid=sec&sid1=101&oid=417&aid=0000810111", "news_company": "\uba38\ub2c8S", "title": "\ub3d9\uc544\uc3d8\uc2dc\uc624\ud640\ub529\uc2a4, 1\ubd84\uae30 \uc601\uc5c5\uc190\uc2e4 20\uc5b5\uc6d0\u2026 \uc801\uc790\uc804\ud658", "headline": "\ub3d9\uc544\uc3d8\uc2dc\uc624\ud640\ub529\uc2a4, 1\ubd84\uae30 \uc601\uc5c5\uc190\uc2e4 20\uc5b5\uc6d0\u2026 \uc801\uc790\uc804\ud658", "date_str": "2022.05.04. \uc624\ud6c4 2:59", "writer": "\uc9c0\uc6a9\uc900 \uae30\uc790", "section": "\uacbd\uc81c", "original_article_link": "http://moneys.mt.co.kr/news/mwView.php?no=2022050414482911390", "article_body": "\n\n\n\n\n\ub3d9\uc544\uc3d8\uc2dc\uc624\ud640\ub529\uc2a4\uc758 1\ubd84\uae30 \uc7a0\uc815 \uc601\uc5c5\uc190\uc2e4\uc561\uc774 20\uc5b5\uc6d0\uc744 \uae30\ub85d\ud588\ub2e4. \uc0ac\uc9c4\uc740 \uc11c\uc6b8 \ub3d9\ub300\ubb38\uad6c \ub3d9\uc544\uc3d8\uc2dc\uc624\ud640\ub529\uc2a4 \uc0ac\uc625. /\uc0ac\uc9c4=\ub3d9\uc544\uc3d8\uc2dc\uc624\ud640\ub529\uc2a4 \ub3d9\uc544\uc3d8\uc2dc\uc624\ud640\ub529\uc2a4\ub294 1\ubd84\uae30 \uc7a0\uc815 \uc601\uc5c5\uc190\uc2e4\uc561\uc774 20\uc5b5\uc6d0\uc73c\ub85c \uc804\ub144\ub300\ube44 \uc801\uc790\uc804\ud658\ud588\ub2e4\uace0 4\uc77c \uacf5\uc2dc\ud588\ub2e4. \uac19\uc740\uae30\uac04 \ub9e4\ucd9c\uc740 2232\uc5b5\uc6d0\uc73c\ub85c 16.1% \uc99d\uac00\ud588\uc9c0\ub9cc 68\uc5b5\uc6d0\uc758 \ub2f9\uae30\uc21c\uc190\uc2e4\uc744 \uae30\ub85d\ud588\ub2e4. \ub3d9\uc544\uc3d8\uc2dc\uc624\ud640\ub529\uc2a4 \uad00\uacc4\uc790\ub294 \uc601\uc5c5\uc190\uc2e4 \uc774\uc720\uc5d0 \ub300\ud574 \"\ub3d9\uc544\uc81c\uc57d \ub4f1 \uc8fc\uc694 \uc790\ud68c\uc0ac\uc758 \uc5f0\ucd08 \ub9c8\ucf00\ud305 \ube44\uc6a9\uc774 \uc9d1\uc911\ub3fc \uc801\uc790\uc804\ud658\ud588\ub2e4\"\uace0 \uc124\uba85\ud588\ub2e4.\n"}, {"market": "kospi", "sid": "000640", "codename": "\ub3d9\uc544\uc3d8\uc2dc\uc624\ud640\ub529\uc2a4", "year": 2022, "month": 5, "article_url": "http://news.mtn.co.kr/news-detail/2022050413005276982", "news_company": "MTN", "title": "[\uc81c\ubc14\uce98\ub9b0\ub354] \uc804\ud1b5 \uc81c\uc57d\uc0ac\ub4e4 1\ubd84\uae30 \ud638\uc2e4\uc801, \uc720\ud55c\uc591\ud589\ub9cc '\uc8fc\ucda4'\u2026 CDMO \uc0ac\uc5c5\ub3c4 \ubcf8\uaca9\ud654", "headline": null, "date_str": null, "writer": null, "section": null, "original_article_link": null, "article_body": null}, {"market": "kospi", "sid": "000640", "codename": "\ub3d9\uc544\uc3d8\uc2dc\uc624\ud640\ub529\uc2a4", "year": 2022, "month": 5, "article_url": "https://biz.newdaily.co.kr/site/data/html/2022/05/04/2022050400008.html", "news_company": "\ub274\ub370\uc77c\ub9ac", "title": "\uc804\ud1b5\uc81c\uc57d\uc0ac, \uacc4\uc5f4\uc0ac \ud1b5\ud55c mRNA CDMO \uc0ac\uc5c5 \uc2dc\ub3d9 \ubcf8\uaca9\ud654", "headline": null, "date_str": null, "writer": null, "section": null, "original_article_link": null, "article_body": null}, {"market": "kospi", "sid": "000640", "codename": "\ub3d9\uc544\uc3d8\uc2dc\uc624\ud640\ub529\uc2a4", "year": 2022, "month": 5, "article_url": "http://www.pinpointnews.co.kr/news/articleView.html?idxno=113623", "news_company": "\ud540\ud3ec\uc778\ud2b8\ub274\uc2a4", "title": "[KRX\ud5ec\uc2a4\ucf00\uc5b4] \ub4f1\ub77d\ub960 \uc0b4\ud3b4\ubcf4\ub2c8\u2026\uc528\uc820 3.78% \uc62c\ub77c \uc0c1\uc2b9\ub960 \uc0c1\uc704\uad8c", "headline": null, "date_str": null, "writer": null, "section": null, "original_article_link": null, "article_body": null}, {"market": "kospi", "sid": "000640", "codename": "\ub3d9\uc544\uc3d8\uc2dc\uc624\ud640\ub529\uc2a4", "year": 2022, "month": 5, "article_url": "https://m.news.naver.com/read?mode=LSD&mid=sec&sid1=101&oid=417&aid=0000810111", "news_company": "\uba38\ub2c8S", "title": "\ub3d9\uc544\uc3d8\uc2dc\uc624\ud640\ub529\uc2a4, 1\ubd84\uae30 \uc601\uc5c5\uc190\uc2e4 20\uc5b5\uc6d0\u2026 \uc801\uc790\uc804\ud658", "headline": "\ub3d9\uc544\uc3d8\uc2dc\uc624\ud640\ub529\uc2a4, 1\ubd84\uae30 \uc601\uc5c5\uc190\uc2e4 20\uc5b5\uc6d0\u2026 \uc801\uc790\uc804\ud658", "date_str": "2022.05.04. \uc624\ud6c4 2:59", "writer": "\uc9c0\uc6a9\uc900 \uae30\uc790", "section": "\uacbd\uc81c", "original_article_link": "http://moneys.mt.co.kr/news/mwView.php?no=2022050414482911390", "article_body": "\n\n\n\n\n\ub3d9\uc544\uc3d8\uc2dc\uc624\ud640\ub529\uc2a4\uc758 1\ubd84\uae30 \uc7a0\uc815 \uc601\uc5c5\uc190\uc2e4\uc561\uc774 20\uc5b5\uc6d0\uc744 \uae30\ub85d\ud588\ub2e4. \uc0ac\uc9c4\uc740 \uc11c\uc6b8 \ub3d9\ub300\ubb38\uad6c \ub3d9\uc544\uc3d8\uc2dc\uc624\ud640\ub529\uc2a4 \uc0ac\uc625. /\uc0ac\uc9c4=\ub3d9\uc544\uc3d8\uc2dc\uc624\ud640\ub529\uc2a4 \ub3d9\uc544\uc3d8\uc2dc\uc624\ud640\ub529\uc2a4\ub294 1\ubd84\uae30 \uc7a0\uc815 \uc601\uc5c5\uc190\uc2e4\uc561\uc774 20\uc5b5\uc6d0\uc73c\ub85c \uc804\ub144\ub300\ube44 \uc801\uc790\uc804\ud658\ud588\ub2e4\uace0 4\uc77c \uacf5\uc2dc\ud588\ub2e4. \uac19\uc740\uae30\uac04 \ub9e4\ucd9c\uc740 2232\uc5b5\uc6d0\uc73c\ub85c 16.1% \uc99d\uac00\ud588\uc9c0\ub9cc 68\uc5b5\uc6d0\uc758 \ub2f9\uae30\uc21c\uc190\uc2e4\uc744 \uae30\ub85d\ud588\ub2e4. \ub3d9\uc544\uc3d8\uc2dc\uc624\ud640\ub529\uc2a4 \uad00\uacc4\uc790\ub294 \uc601\uc5c5\uc190\uc2e4 \uc774\uc720\uc5d0 \ub300\ud574 \"\ub3d9\uc544\uc81c\uc57d \ub4f1 \uc8fc\uc694 \uc790\ud68c\uc0ac\uc758 \uc5f0\ucd08 \ub9c8\ucf00\ud305 \ube44\uc6a9\uc774 \uc9d1\uc911\ub3fc \uc801\uc790\uc804\ud658\ud588\ub2e4\"\uace0 \uc124\uba85\ud588\ub2e4.\n"}, {"market": "kospi", "sid": "000640", "codename": "\ub3d9\uc544\uc3d8\uc2dc\uc624\ud640\ub529\uc2a4", "year": 2022, "month": 5, "article_url": "http://news.mtn.co.kr/news-detail/2022050413005276982", "news_company": "MTN", "title": "[\uc81c\ubc14\uce98\ub9b0\ub354] \uc804\ud1b5 \uc81c\uc57d\uc0ac\ub4e4 1\ubd84\uae30 \ud638\uc2e4\uc801, \uc720\ud55c\uc591\ud589\ub9cc '\uc8fc\ucda4'\u2026 CDMO \uc0ac\uc5c5\ub3c4 \ubcf8\uaca9\ud654", "headline": null, "date_str": null, "writer": null, "section": null, "original_article_link": null, "article_body": null}, {"market": "kospi", "sid": "000640", "codename": "\ub3d9\uc544\uc3d8\uc2dc\uc624\ud640\ub529\uc2a4", "year": 2022, "month": 5, "article_url": "https://biz.newdaily.co.kr/site/data/html/2022/05/04/2022050400008.html", "news_company": "\ub274\ub370\uc77c\ub9ac", "title": "\uc804\ud1b5\uc81c\uc57d\uc0ac, \uacc4\uc5f4\uc0ac \ud1b5\ud55c mRNA CDMO \uc0ac\uc5c5 \uc2dc\ub3d9 \ubcf8\uaca9\ud654", "headline": null, "date_str": null, "writer": null, "section": null, "original_article_link": null, "article_body": null}, {"market": "kospi", "sid": "000640", "codename": "\ub3d9\uc544\uc3d8\uc2dc\uc624\ud640\ub529\uc2a4", "year": 2022, "month": 5, "article_url": "http://www.pinpointnews.co.kr/news/articleView.html?idxno=113623", "news_company": "\ud540\ud3ec\uc778\ud2b8\ub274\uc2a4", "title": "[KRX\ud5ec\uc2a4\ucf00\uc5b4] \ub4f1\ub77d\ub960 \uc0b4\ud3b4\ubcf4\ub2c8\u2026\uc528\uc820 3.78% \uc62c\ub77c \uc0c1\uc2b9\ub960 \uc0c1\uc704\uad8c", "headline": null, "date_str": null, "writer": null, "section": null, "original_article_link": null, "article_body": null}, {"market": "kospi", "sid": "000640", "codename": "\ub3d9\uc544\uc3d8\uc2dc\uc624\ud640\ub529\uc2a4", "year": 2022, "month": 5, "article_url": "http://www.medicopharma.co.kr/news/articleView.html?idxno=58985", "news_company": "\uba54\ub514\ucf54\ud30c\ub9c8\ub274\uc2a4", "title": "\uc81c\uc57d\uc0ac \uc8fc\ucd1d\uc11c '\ubc18\uae30 \ub4e0' \uad6d\ubbfc\uc5f0\uae08\u2026'\uacbd\uc601\uad8c \uac04\uc12d' \uc6b0\ub824\ub3c4", "headline": null, "date_str": null, "writer": null, "section": null, "original_article_link": null, "article_body": null}]}